<?xml version="1.0"?>
<!DOCTYPE hibernate-mapping PUBLIC "-//Hibernate/Hibernate Mapping DTD 3.0//EN"
"http://www.hibernate.org/dtd/hibernate-mapping-3.0.dtd">
<!-- Generated 6-Feb-2016 4:41:35 PM by Hibernate Tools 4.3.1 -->
<hibernate-mapping>
    <class name="OTS.DataModels.Knowledgemap" table="knowledgemap" catalog="otsdb" optimistic-lock="version">
        <id name="knowledgeMapId" type="java.lang.Integer">
            <column name="KnowledgeMapId" />
            <generator class="identity" />
        </id>
        <many-to-one name="user" class="OTS.DataModels.User" fetch="select">
            <column name="CreatedBy" />
        </many-to-one>
        <property name="name" type="string">
            <column name="Name" not-null="true" />
        </property>
        <property name="description" type="string">
            <column name="Description" />
        </property>
        <property name="createOn" type="timestamp">
            <column name="CreateOn" length="19" not-null="true" />
        </property>
        <property name="concepts" type="string">
            <column name="Concepts" length="65535" />
        </property>
        <property name="lastUpdated" type="timestamp">
            <column name="LastUpdated" length="19" />
        </property>
        <property name="isPublic" type="java.lang.Boolean">
            <column name="IsPublic" />
        </property>
    </class>
</hibernate-mapping>
