-- --------------------------------------------------------
-- Host:                         127.0.0.1
-- Server version:               5.6.22-log - MySQL Community Server (GPL)
-- Server OS:                    Win64
-- HeidiSQL Version:             9.3.0.4984
-- --------------------------------------------------------

/*!40101 SET @OLD_CHARACTER_SET_CLIENT=@@CHARACTER_SET_CLIENT */;
/*!40101 SET NAMES utf8mb4 */;
/*!40014 SET @OLD_FOREIGN_KEY_CHECKS=@@FOREIGN_KEY_CHECKS, FOREIGN_KEY_CHECKS=0 */;
/*!40101 SET @OLD_SQL_MODE=@@SQL_MODE, SQL_MODE='NO_AUTO_VALUE_ON_ZERO' */;

-- Dumping database structure for otsdb
CREATE DATABASE IF NOT EXISTS `otsdb` /*!40100 DEFAULT CHARACTER SET utf8 */;
USE `otsdb`;


-- Dumping structure for table otsdb.conceptschema
CREATE TABLE IF NOT EXISTS `conceptschema` (
  `ConceptSchemaId` char(36) NOT NULL,
  `ConceptNodeId` char(36) NOT NULL,
  `RelationName` varchar(255) DEFAULT NULL,
  `ConceptName` varchar(255) DEFAULT NULL,
  `ActionName` varchar(255) DEFAULT NULL,
  `AttributeName` varchar(255) DEFAULT NULL,
  `AttributeValue` varchar(255) DEFAULT NULL,
  `RootId` char(36) DEFAULT NULL,
  `ParentId` char(36) DEFAULT NULL,
  PRIMARY KEY (`ConceptSchemaId`)
) ENGINE=InnoDB DEFAULT CHARSET=utf8;

-- Dumping data for table otsdb.conceptschema: ~16 rows (approximately)
DELETE FROM `conceptschema`;
/*!40000 ALTER TABLE `conceptschema` DISABLE KEYS */;
INSERT INTO `conceptschema` (`ConceptSchemaId`, `ConceptNodeId`, `RelationName`, `ConceptName`, `ActionName`, `AttributeName`, `AttributeValue`, `RootId`, `ParentId`) VALUES
	('02c8cc68-cea8-4249-9296-95dd17c4a1fe', '320ca8b7-4183-4307-87b3-08a6f68297e7', 'has', '', '', 'pp', 'pp', '6f48cda7-711a-45f0-a738-745f18d21dfc', 'dfb16e1d-d0e7-4779-b1d5-ac7ad968e692'),
	('03067e34-795d-42ae-be11-ee6424610a36', 'dfb16e1d-d0e7-4779-b1d5-ac7ad968e692', 'has', '', '', 'vv', 'vv', '6f48cda7-711a-45f0-a738-745f18d21dfc', '6f48cda7-711a-45f0-a738-745f18d21dfc'),
	('07dc7752-16fe-4654-840f-e69e86883824', 'bae28f05-34f4-4c15-946a-51817c0b9d5a', 'has', '', '', 'bbb', 'bb', '2cb540c3-7ab4-40a0-bbcd-e53356597c4b', '024cb51e-ab15-49ef-9bd7-c89fd703ed8d'),
	('17cdf175-5a4e-4cd6-b7fb-d88fc82213f0', '8b42a1a8-c8b4-4220-abc6-c1f513e09ae2', 'has', '', '', 'bbb', 'bbb', '2cb540c3-7ab4-40a0-bbcd-e53356597c4b', 'bae28f05-34f4-4c15-946a-51817c0b9d5a'),
	('1c0ceb72-b1bf-421f-8991-0a507b4f9311', 'dfb16e1d-d0e7-4779-b1d5-ac7ad968e692', 'has', '', '', 'vv', 'vv', '597340be-f8f3-4551-b4db-4a0893169e8f', '6f48cda7-711a-45f0-a738-745f18d21dfc'),
	('230d2276-4efd-46dd-a43f-3409ad27a35b', 'abdc2f7a-bd05-4599-90e2-55140e8e5fc6', 'has', '', '', 'v', 'v', '024cb51e-ab15-49ef-9bd7-c89fd703ed8d', '024cb51e-ab15-49ef-9bd7-c89fd703ed8d'),
	('4c7fe0f4-07ac-4672-a695-61ac4607d610', 'f2be48d2-96ac-4f63-9356-e9c439e6a68c', 'has', '', '', '', '', '2cb540c3-7ab4-40a0-bbcd-e53356597c4b', 'abdc2f7a-bd05-4599-90e2-55140e8e5fc6'),
	('53f252c3-9778-4963-8a13-7ed7b2e09f48', 'f2be48d2-96ac-4f63-9356-e9c439e6a68c', 'has', '', '', '', '', '024cb51e-ab15-49ef-9bd7-c89fd703ed8d', 'abdc2f7a-bd05-4599-90e2-55140e8e5fc6'),
	('7a61e64a-7e7a-4870-9961-5fc5354ce5c5', '8b42a1a8-c8b4-4220-abc6-c1f513e09ae2', 'has', '', '', 'bbb', 'bbb', '024cb51e-ab15-49ef-9bd7-c89fd703ed8d', 'bae28f05-34f4-4c15-946a-51817c0b9d5a'),
	('985d7b7e-6d01-4c1e-bffc-d70e4a287480', '2c65a075-0201-4ef9-bbc4-3a41ba046f3a', 'has', '', '', 'nnn', 'nnn', '2cb540c3-7ab4-40a0-bbcd-e53356597c4b', '84ad9f35-1c0e-439a-be3c-c970d96a8272'),
	('aa2fffcf-66f0-4c2d-8741-956525aee258', 'f2be48d2-96ac-4f63-9356-e9c439e6a68c', 'has', '', '', 'vvv', 'vv', '024cb51e-ab15-49ef-9bd7-c89fd703ed8d', 'abdc2f7a-bd05-4599-90e2-55140e8e5fc6'),
	('c4012b7a-dd5f-48d9-b7e9-224c877ab955', '320ca8b7-4183-4307-87b3-08a6f68297e7', 'has', '', '', 'pp', 'pp', '597340be-f8f3-4551-b4db-4a0893169e8f', 'dfb16e1d-d0e7-4779-b1d5-ac7ad968e692'),
	('ced52f9b-9308-412e-9b21-91396270535b', 'f2be48d2-96ac-4f63-9356-e9c439e6a68c', 'has', '', '', 'vvv', 'vv', '2cb540c3-7ab4-40a0-bbcd-e53356597c4b', 'abdc2f7a-bd05-4599-90e2-55140e8e5fc6'),
	('e43c493f-9411-4915-b18a-6f7b1c377808', 'abdc2f7a-bd05-4599-90e2-55140e8e5fc6', 'has', '', '', 'v', 'v', '2cb540c3-7ab4-40a0-bbcd-e53356597c4b', '024cb51e-ab15-49ef-9bd7-c89fd703ed8d'),
	('ea19fb28-ee11-4dad-953b-8a6797933513', '2c65a075-0201-4ef9-bbc4-3a41ba046f3a', 'has', '', '', 'nnn', 'nnn', '024cb51e-ab15-49ef-9bd7-c89fd703ed8d', '84ad9f35-1c0e-439a-be3c-c970d96a8272'),
	('f07c4099-bc1c-4588-a935-6d9f14ba9db6', 'bae28f05-34f4-4c15-946a-51817c0b9d5a', 'has', '', '', 'bbb', 'bb', '024cb51e-ab15-49ef-9bd7-c89fd703ed8d', '024cb51e-ab15-49ef-9bd7-c89fd703ed8d');
/*!40000 ALTER TABLE `conceptschema` ENABLE KEYS */;


-- Dumping structure for table otsdb.course
CREATE TABLE IF NOT EXISTS `course` (
  `Id` char(36) NOT NULL,
  `Number` varchar(30) NOT NULL,
  `Name` varchar(30) NOT NULL,
  `Createdby` int(6) unsigned NOT NULL,
  `Createdon` datetime DEFAULT NULL,
  PRIMARY KEY (`Id`)
) ENGINE=InnoDB DEFAULT CHARSET=utf8;

-- Dumping data for table otsdb.course: ~1 rows (approximately)
DELETE FROM `course`;
/*!40000 ALTER TABLE `course` DISABLE KEYS */;
INSERT INTO `course` (`Id`, `Number`, `Name`, `Createdby`, `Createdon`) VALUES
	('abcba74a-db14-41f7-93dc-7b22c38cfba5', '', 'Software Engineering', 2, '2017-08-19 10:15:36'),
	('b710e6d2-d974-4f20-b374-af502f972a7a', '', 'Compter Science', 2, '2017-08-27 12:15:03');
/*!40000 ALTER TABLE `course` ENABLE KEYS */;


-- Dumping structure for table otsdb.courseknowledgemap
CREATE TABLE IF NOT EXISTS `courseknowledgemap` (
  `CourseKnowledgeMapId` char(36) NOT NULL,
  `CourseId` char(36) NOT NULL,
  `KnowledgeMapId` char(36) NOT NULL,
  PRIMARY KEY (`CourseKnowledgeMapId`)
) ENGINE=InnoDB DEFAULT CHARSET=utf8;

-- Dumping data for table otsdb.courseknowledgemap: ~8 rows (approximately)
DELETE FROM `courseknowledgemap`;
/*!40000 ALTER TABLE `courseknowledgemap` DISABLE KEYS */;
INSERT INTO `courseknowledgemap` (`CourseKnowledgeMapId`, `CourseId`, `KnowledgeMapId`) VALUES
	('0537a46b-68dd-4a87-9ec7-f3e4a70b9cce', 'abcba74a-db14-41f7-93dc-7b22c38cfba5', '8da2f17c-acbe-46c5-b084-38a799c20030'),
	('44eac6cc-1690-4eb3-bb92-68d6ae135703', 'b710e6d2-d974-4f20-b374-af502f972a7a', '1deb9103-faf7-4c97-88c8-6c87d39220cd'),
	('5d75d282-0fff-4c2e-86b6-dc0b664b158e', 'abcba74a-db14-41f7-93dc-7b22c38cfba5', '928fc2f8-c965-4e9f-a085-bd6b80f84af6'),
	('6243d3b0-95e9-43b9-8db8-9f8e353a3237', 'b710e6d2-d974-4f20-b374-af502f972a7a', '8da2f17c-acbe-46c5-b084-38a799c20030'),
	('a0552826-cbfd-45a5-a6ba-735ff3e2324c', 'b710e6d2-d974-4f20-b374-af502f972a7a', 'a190f9bd-81f2-4dd1-a6f1-bddb560bb452'),
	('c84e50d3-9ca5-4116-85fb-6943742e81ad', 'abcba74a-db14-41f7-93dc-7b22c38cfba5', 'a190f9bd-81f2-4dd1-a6f1-bddb560bb452'),
	('ee0d479f-4054-4923-804d-a99892fbd1a2', 'b710e6d2-d974-4f20-b374-af502f972a7a', 'ecf3e0cf-b8ae-492b-bf85-ca04cbb0ae6b'),
	('fb028bec-0a4e-420a-9809-8c2a9e089502', 'b710e6d2-d974-4f20-b374-af502f972a7a', '928fc2f8-c965-4e9f-a085-bd6b80f84af6');
/*!40000 ALTER TABLE `courseknowledgemap` ENABLE KEYS */;


-- Dumping structure for table otsdb.domainconcept
CREATE TABLE IF NOT EXISTS `domainconcept` (
  `DomainConceptId` char(36) NOT NULL,
  `Name` varchar(255) DEFAULT NULL,
  `Description` varchar(255) DEFAULT NULL,
  PRIMARY KEY (`DomainConceptId`)
) ENGINE=InnoDB DEFAULT CHARSET=utf8;

-- Dumping data for table otsdb.domainconcept: ~11 rows (approximately)
DELETE FROM `domainconcept`;
/*!40000 ALTER TABLE `domainconcept` DISABLE KEYS */;
INSERT INTO `domainconcept` (`DomainConceptId`, `Name`, `Description`) VALUES
	('19CE8A5B-205E-497A-BAE6-A295BF1A0252', 'Application', NULL),
	('49629042-84BE-4253-86DC-14FA3105FABD', 'Implementation Specification', NULL),
	('78456222-5FC1-47AF-A36A-79879551AB9A', 'Algorithm', NULL),
	('7F019DFB-E29F-4127-837E-AF1A8E1D960D', 'Behaviour  Description', NULL),
	('93AD8252-099A-4E77-A637-D89B0161E6FE', 'Implementation', NULL),
	('9B78BCF4-DFEF-4C0D-8290-A1F204CF35A7', 'Interface Specification', NULL),
	('C410E3AA-309F-44D2-9342-01F6019E8F81', 'Interface', NULL),
	('C7D0823D-A861-4E6D-AC76-050A13C861C7', 'Software Solution', NULL),
	('C8A72B54-E1B7-4E3A-B12C-5A0B289E5866', 'Representation', NULL),
	('EDA64986-DC20-4AC0-BC51-04430BB817DE', 'Operation', NULL),
	('F18B03E1-E614-468A-BF14-5F5887F5D089', 'Benefit', NULL);
/*!40000 ALTER TABLE `domainconcept` ENABLE KEYS */;


-- Dumping structure for table otsdb.exam
CREATE TABLE IF NOT EXISTS `exam` (
  `Id` char(36) NOT NULL,
  `Name` varchar(255) NOT NULL,
  `StartDate` varchar(50) DEFAULT NULL,
  `StartTime` varchar(50) DEFAULT NULL,
  `EndTime` varchar(50) DEFAULT NULL,
  `TotalMark` int(11) DEFAULT NULL,
  `Activated` tinyint(4) DEFAULT NULL,
  `CourseId` char(36) DEFAULT NULL,
  `TestQuestions` longtext,
  `TestSheet` longtext,
  `AnswerSheet` longtext,
  PRIMARY KEY (`Id`)
) ENGINE=InnoDB DEFAULT CHARSET=utf8;

-- Dumping data for table otsdb.exam: ~4 rows (approximately)
DELETE FROM `exam`;
/*!40000 ALTER TABLE `exam` DISABLE KEYS */;
INSERT INTO `exam` (`Id`, `Name`, `StartDate`, `StartTime`, `EndTime`, `TotalMark`, `Activated`, `CourseId`, `TestQuestions`, `TestSheet`, `AnswerSheet`) VALUES
	('0a9ddb0d-f283-4e21-b3f0-a442e5d9f8c2', 'Software Engineering Level 1', '08/24/2017', '10:20 AM', '10:30 AM', 0, 0, 'abcba74a-db14-41f7-93dc-7b22c38cfba5', NULL, NULL, NULL),
	('6e5698d0-4f16-4cb2-9abc-baffc46ad7b4', 'Introduction to compter science', '08/29/2017', '1:35 PM', '3:35 PM', 0, 1, 'b710e6d2-d974-4f20-b374-af502f972a7a', NULL, NULL, NULL),
	('870cc5f0-c66b-4ece-985e-548d254455cd', 'Advance level computer Science I', '08/17/2017', '3:35 PM', '5:35 PM', 0, 1, 'b710e6d2-d974-4f20-b374-af502f972a7a', NULL, NULL, NULL),
	('ed81eb64-70e1-4631-b75b-05f9fd2d39b2', 'Software Enginerring Level 2', '08/31/2017', '12:15 PM', '2:15 PM', 0, 0, 'abcba74a-db14-41f7-93dc-7b22c38cfba5', NULL, NULL, NULL);
/*!40000 ALTER TABLE `exam` ENABLE KEYS */;


-- Dumping structure for table otsdb.knowledgemap
CREATE TABLE IF NOT EXISTS `knowledgemap` (
  `KnowledgeMapId` char(36) NOT NULL,
  `Name` varchar(255) NOT NULL,
  `Description` varchar(255) DEFAULT NULL,
  `CreateOn` datetime NOT NULL,
  `Concepts` text,
  `LastUpdated` datetime DEFAULT NULL,
  `IsPublic` tinyint(1) DEFAULT NULL,
  `IsImported` tinyint(1) DEFAULT NULL,
  `IsSharing` tinyint(1) DEFAULT NULL,
  `CreatedBy` int(11) DEFAULT NULL,
  PRIMARY KEY (`KnowledgeMapId`),
  KEY `CreatedBy` (`CreatedBy`),
  CONSTRAINT `FK4416245C78287B0` FOREIGN KEY (`CreatedBy`) REFERENCES `user` (`UserId`)
) ENGINE=InnoDB DEFAULT CHARSET=utf8;

-- Dumping data for table otsdb.knowledgemap: ~8 rows (approximately)
DELETE FROM `knowledgemap`;
/*!40000 ALTER TABLE `knowledgemap` DISABLE KEYS */;
INSERT INTO `knowledgemap` (`KnowledgeMapId`, `Name`, `Description`, `CreateOn`, `Concepts`, `LastUpdated`, `IsPublic`, `IsImported`, `IsSharing`, `CreatedBy`) VALUES
	('024cb51e-ab15-49ef-9bd7-c89fd703ed8d', 'Test01KM', 'Test01KM', '2017-08-28 23:02:11', '[{"id":"024cb51e-ab15-49ef-9bd7-c89fd703ed8d","text":"Test01KM","nodes":[{"id":"abdc2f7a-bd05-4599-90e2-55140e8e5fc6","name":"t1","parentNodeId":"024cb51e-ab15-49ef-9bd7-c89fd703ed8d","text":"t1","icon":"","selectedIcon":"","color":"#000000","backColor":"#FFFFFF","href":"","selectable":true,"state":{"checked":false,"disabled":false,"expanded":true,"selected":false},"tags":[],"nodes":[{"id":"f2be48d2-96ac-4f63-9356-e9c439e6a68c","name":"t11","parentNodeId":"abdc2f7a-bd05-4599-90e2-55140e8e5fc6","text":"t11","icon":"","selectedIcon":"","color":"#000000","backColor":"#FFFFFF","href":"","selectable":true,"state":{"checked":false,"disabled":false,"expanded":true,"selected":false},"tags":[],"nodes":[],"data":{"RelationType":"TypeOf"},"parentid":"abdc2f7a-bd05-4599-90e2-55140e8e5fc6","parentname":"t1","nodeId":2,"parentId":1}],"data":{"RelationType":"TypeOf"},"parentid":"024cb51e-ab15-49ef-9bd7-c89fd703ed8d","parentname":"Test01KM","nodeId":1,"parentId":0},{"id":"bae28f05-34f4-4c15-946a-51817c0b9d5a","name":"t2","parentNodeId":"024cb51e-ab15-49ef-9bd7-c89fd703ed8d","text":"t2","icon":"","selectedIcon":"","color":"#000000","backColor":"#FFFFFF","href":"","selectable":true,"state":{"checked":false,"disabled":false,"expanded":true,"selected":false},"tags":[],"nodes":[{"id":"8b42a1a8-c8b4-4220-abc6-c1f513e09ae2","name":"t22","parentNodeId":"bae28f05-34f4-4c15-946a-51817c0b9d5a","text":"t22","icon":"","selectedIcon":"","color":"#000000","backColor":"#FFFFFF","href":"","selectable":true,"state":{"checked":false,"disabled":false,"expanded":true,"selected":false},"tags":[],"nodes":[],"data":{"RelationType":"TypeOf"},"parentid":"bae28f05-34f4-4c15-946a-51817c0b9d5a","parentname":"t2","nodeId":4,"parentId":3}],"data":{"RelationType":"TypeOf"},"parentid":"024cb51e-ab15-49ef-9bd7-c89fd703ed8d","parentname":"Test01KM","nodeId":2,"parentId":0},{"id":"84ad9f35-1c0e-439a-be3c-c970d96a8272","name":"t3","parentNodeId":"024cb51e-ab15-49ef-9bd7-c89fd703ed8d","text":"t3","icon":"","selectedIcon":"","color":"#000000","backColor":"#FFFFFF","href":"","selectable":true,"state":{"checked":false,"disabled":false,"expanded":true,"selected":false},"tags":[],"nodes":[{"id":"2c65a075-0201-4ef9-bbc4-3a41ba046f3a","name":"t33","parentNodeId":"84ad9f35-1c0e-439a-be3c-c970d96a8272","text":"t33","icon":"","selectedIcon":"","color":"#000000","backColor":"#FFFFFF","href":"","selectable":true,"state":{"checked":false,"disabled":false,"expanded":true,"selected":false},"tags":[],"nodes":[],"data":{"RelationType":"TypeOf"},"parentid":"84ad9f35-1c0e-439a-be3c-c970d96a8272","parentname":"t3","nodeId":6,"parentId":5}],"data":{"RelationType":"TypeOf"},"parentid":"024cb51e-ab15-49ef-9bd7-c89fd703ed8d","parentname":"Test01KM","nodeId":3,"parentId":0}],"icon":"","selectedIcon":"-","color":"#000000","backColor":"#FFFFFF","href":"","selectable":true,"state":{"checked":false,"disabled":false,"expanded":true,"selected":true},"nodeId":0}]', NULL, 1, 0, 0, 1),
	('1c7cff8f-0449-45b4-9ea8-896a2e347e1f', 'test', 'test', '2017-08-28 23:11:43', '', NULL, 0, 0, 0, 2),
	('27130429-cc9e-4569-b746-8b6cf5745ca9', 'Test01KM-Imported', 'Test02KM-Imported', '2017-08-28 23:18:27', '', NULL, 1, 1, 0, 2),
	('2cb540c3-7ab4-40a0-bbcd-e53356597c4b', 'Test01KM-Imported', 'Test01KM-Imported', '2017-08-28 23:18:27', '[{"id":"2cb540c3-7ab4-40a0-bbcd-e53356597c4b","text":"Test01KM","nodes":[{"id":"abdc2f7a-bd05-4599-90e2-55140e8e5fc6","name":"t1","parentNodeId":"2cb540c3-7ab4-40a0-bbcd-e53356597c4b","text":"t1","icon":"","selectedIcon":"","color":"#000000","backColor":"#FFFFFF","href":"","selectable":true,"state":{"checked":false,"disabled":false,"expanded":true,"selected":false},"tags":[],"nodes":[{"id":"f2be48d2-96ac-4f63-9356-e9c439e6a68c","name":"t11","parentNodeId":"abdc2f7a-bd05-4599-90e2-55140e8e5fc6","text":"t11","icon":"","selectedIcon":"","color":"#000000","backColor":"#FFFFFF","href":"","selectable":true,"state":{"checked":false,"disabled":false,"expanded":true,"selected":false},"tags":[],"nodes":[],"data":{"RelationType":"TypeOf"},"parentid":"abdc2f7a-bd05-4599-90e2-55140e8e5fc6","parentname":"t1","nodeId":2,"parentId":1}],"data":{"RelationType":"TypeOf"},"parentid":"2cb540c3-7ab4-40a0-bbcd-e53356597c4b","parentname":"Test01KMImported","nodeId":1,"parentId":0},{"id":"bae28f05-34f4-4c15-946a-51817c0b9d5a","name":"t2","parentNodeId":"2cb540c3-7ab4-40a0-bbcd-e53356597c4b","text":"t2","icon":"","selectedIcon":"","color":"#000000","backColor":"#FFFFFF","href":"","selectable":true,"state":{"checked":false,"disabled":false,"expanded":true,"selected":false},"tags":[],"nodes":[{"id":"8b42a1a8-c8b4-4220-abc6-c1f513e09ae2","name":"t22","parentNodeId":"bae28f05-34f4-4c15-946a-51817c0b9d5a","text":"t22","icon":"","selectedIcon":"","color":"#000000","backColor":"#FFFFFF","href":"","selectable":true,"state":{"checked":false,"disabled":false,"expanded":true,"selected":false},"tags":[],"nodes":[],"data":{"RelationType":"TypeOf"},"parentid":"bae28f05-34f4-4c15-946a-51817c0b9d5a","parentname":"t2","nodeId":4,"parentId":3}],"data":{"RelationType":"TypeOf"},"parentid":"2cb540c3-7ab4-40a0-bbcd-e53356597c4b","parentname":"Test01KMImported","nodeId":2,"parentId":0},{"id":"84ad9f35-1c0e-439a-be3c-c970d96a8272","name":"t3","parentNodeId":"2cb540c3-7ab4-40a0-bbcd-e53356597c4b","text":"t3","icon":"","selectedIcon":"","color":"#000000","backColor":"#FFFFFF","href":"","selectable":true,"state":{"checked":false,"disabled":false,"expanded":true,"selected":false},"tags":[],"nodes":[{"id":"2c65a075-0201-4ef9-bbc4-3a41ba046f3a","name":"t33","parentNodeId":"84ad9f35-1c0e-439a-be3c-c970d96a8272","text":"t33","icon":"","selectedIcon":"","color":"#000000","backColor":"#FFFFFF","href":"","selectable":true,"state":{"checked":false,"disabled":false,"expanded":true,"selected":false},"tags":[],"nodes":[],"data":{"RelationType":"TypeOf"},"parentid":"84ad9f35-1c0e-439a-be3c-c970d96a8272","parentname":"t3","nodeId":6,"parentId":5}],"data":{"RelationType":"TypeOf"},"parentid":"2cb540c3-7ab4-40a0-bbcd-e53356597c4b","parentname":"Test01KMImported","nodeId":3,"parentId":0}],"icon":"","selectedIcon":"-","color":"#000000","backColor":"#FFFFFF","href":"","selectable":true,"state":{"checked":false,"disabled":false,"expanded":true,"selected":true},"nodeId":0}]', NULL, 1, 1, 0, 2),
	('597340be-f8f3-4551-b4db-4a0893169e8f', 'Test-KM(Maiga)-Imported', 'Test-KM(Maiga)  description-Imported', '2017-08-28 23:18:27', '[{"id":"597340be-f8f3-4551-b4db-4a0893169e8f","text":"Test-KM(Maiga)","nodes":[{"id":"dfb16e1d-d0e7-4779-b1d5-ac7ad968e692","name":"m1","parentNodeId":"597340be-f8f3-4551-b4db-4a0893169e8f","text":"m1","icon":"","selectedIcon":"","color":"#000000","backColor":"#FFFFFF","href":"","selectable":true,"state":{"checked":false,"disabled":false,"expanded":true,"selected":false},"tags":[],"nodes":[{"id":"320ca8b7-4183-4307-87b3-08a6f68297e7","name":"m2","parentNodeId":"dfb16e1d-d0e7-4779-b1d5-ac7ad968e692","text":"m2","icon":"","selectedIcon":"","color":"#000000","backColor":"#FFFFFF","href":"","selectable":true,"state":{"checked":false,"disabled":false,"expanded":true,"selected":false},"tags":[],"nodes":[],"data":{"RelationType":"TypeOf"},"parentid":"dfb16e1d-d0e7-4779-b1d5-ac7ad968e692","parentname":"m1","nodeId":2,"parentId":1}],"data":{"RelationType":"TypeOf"},"parentid":"597340be-f8f3-4551-b4db-4a0893169e8f","parentname":"Test-KM(Maiga)Imported","nodeId":1,"parentId":0}],"icon":"","selectedIcon":"-","color":"#000000","backColor":"#FFFFFF","href":"","selectable":true,"state":{"checked":false,"disabled":false,"expanded":true,"selected":true},"nodeId":0}]', NULL, 1, 1, 0, 2),
	('6f48cda7-711a-45f0-a738-745f18d21dfc', 'Test-KM(Maiga)', 'Test-KM(Maiga)  description', '2017-08-28 13:35:05', '[{"id":"6f48cda7-711a-45f0-a738-745f18d21dfc","text":"Test-KM(Maiga)","nodes":[{"id":"dfb16e1d-d0e7-4779-b1d5-ac7ad968e692","name":"m1","parentNodeId":"6f48cda7-711a-45f0-a738-745f18d21dfc","text":"m1","icon":"","selectedIcon":"","color":"#000000","backColor":"#FFFFFF","href":"","selectable":true,"state":{"checked":false,"disabled":false,"expanded":true,"selected":false},"tags":[],"nodes":[{"id":"320ca8b7-4183-4307-87b3-08a6f68297e7","name":"m2","parentNodeId":"dfb16e1d-d0e7-4779-b1d5-ac7ad968e692","text":"m2","icon":"","selectedIcon":"","color":"#000000","backColor":"#FFFFFF","href":"","selectable":true,"state":{"checked":false,"disabled":false,"expanded":true,"selected":false},"tags":[],"nodes":[],"data":{"RelationType":"TypeOf"},"parentid":"dfb16e1d-d0e7-4779-b1d5-ac7ad968e692","parentname":"m1","nodeId":2,"parentId":1}],"data":{"RelationType":"TypeOf"},"parentid":"6f48cda7-711a-45f0-a738-745f18d21dfc","parentname":"Test-KM(Maiga)","nodeId":1,"parentId":0}],"icon":"","selectedIcon":"-","color":"#000000","backColor":"#FFFFFF","href":"","selectable":true,"state":{"checked":false,"disabled":false,"expanded":true,"selected":true},"nodeId":0}]', NULL, 1, 0, 0, 1),
	('bead7824-ad01-4475-9047-a5bc48797840', 'Test01KM', 'Test02KM', '2017-08-28 23:02:41', '', NULL, 1, 0, 0, 1),
	('fc3ff869-2214-4f2a-a9f9-1a41821c7dfb', 'KM', 'KM Clone', '2017-08-27 20:25:10', '[{"id":"fc3ff869-2214-4f2a-a9f9-1a41821c7dfb","text":"KM","nodes":[{"id":"2ff17282-9aed-497e-96e9-42a79e14baf8","name":"a","parentNodeId":"fc3ff869-2214-4f2a-a9f9-1a41821c7dfb","text":"a","icon":"","selectedIcon":"","color":"#000000","backColor":"#FFFFFF","href":"","selectable":true,"state":{"checked":false,"disabled":false,"expanded":true,"selected":false},"tags":[],"nodes":[],"data":{"RelationType":"TypeOf"},"parentid":"fc3ff869-2214-4f2a-a9f9-1a41821c7dfb","parentname":"KM","nodeId":1,"parentId":0}],"icon":"","selectedIcon":"-","color":"#000000","backColor":"#FFFFFF","href":"","selectable":true,"state":{"checked":false,"disabled":false,"expanded":true,"selected":true},"nodeId":0}]', NULL, 0, 0, 0, 2);
/*!40000 ALTER TABLE `knowledgemap` ENABLE KEYS */;


-- Dumping structure for table otsdb.questionbank
CREATE TABLE IF NOT EXISTS `questionbank` (
  `TestItemId` char(36) NOT NULL,
  `TestId` char(36) NOT NULL,
  `CourseId` char(36) NOT NULL,
  `Stimulus` longtext,
  `Stem` longtext,
  `StimulusFormatting` longtext,
  `StemFormatting` longtext,
  `CognitiveTypeName` varchar(255) DEFAULT NULL,
  `IsHigherCognitiveLevel` tinyint(1) DEFAULT NULL,
  PRIMARY KEY (`TestItemId`)
) ENGINE=InnoDB DEFAULT CHARSET=utf8;

-- Dumping data for table otsdb.questionbank: ~0 rows (approximately)
DELETE FROM `questionbank`;
/*!40000 ALTER TABLE `questionbank` DISABLE KEYS */;
/*!40000 ALTER TABLE `questionbank` ENABLE KEYS */;


-- Dumping structure for table otsdb.questionbankansweroption
CREATE TABLE IF NOT EXISTS `questionbankansweroption` (
  `AnswerOptionId` char(36) NOT NULL,
  `TestItemId` char(36) NOT NULL,
  `Label` varchar(255) DEFAULT NULL,
  `Text` varchar(255) DEFAULT NULL,
  `IsKey` tinyint(1) DEFAULT NULL,
  PRIMARY KEY (`AnswerOptionId`)
) ENGINE=InnoDB DEFAULT CHARSET=utf8;

-- Dumping data for table otsdb.questionbankansweroption: ~976 rows (approximately)
DELETE FROM `questionbankansweroption`;
/*!40000 ALTER TABLE `questionbankansweroption` DISABLE KEYS */;
INSERT INTO `questionbankansweroption` (`AnswerOptionId`, `TestItemId`, `Label`, `Text`, `IsKey`) VALUES
	('00038ccf-11b8-40b8-8d97-bca4e6960882', 'afb5cb57-5af0-429a-a665-cdeb601c5d11', 'C.', 'III', 0),
	('006b62f3-1e03-48a2-9107-fb564b1f4783', 'fbc8792f-cb5d-46d7-a45e-86c43427b2bb', 'A.', 'I', 0),
	('00ad0e4f-f43f-47bd-9a5e-a0928d80e051', '83fbac4f-251a-42f5-ba63-7377ea61a029', 'A.', 'I', 0),
	('00e3ffb8-945e-422c-978a-9967ae78ece7', '80f9536b-adb3-4981-92c2-3c4cb6332f88', 'D.', 'I ,II', 0),
	('00f20cf3-5ef9-4e61-a6d5-814ac004ca74', '6beccacd-6925-46ec-bdc8-7168d4675b55', 'B.', 'II', 0),
	('01566461-2272-4e32-8003-d15c0c319155', 'd9dbf5f3-f051-40e9-bbf2-a0f935de03df', 'C.', 'III', 0),
	('015f210f-4675-471b-955a-88b3d37c39ea', '07211e2f-0472-40ba-99fa-caca2fb07d38', 'A.', 'I', 0),
	('017c9cc6-0359-43ab-85a7-241d4ed729ae', '0817c2cb-cb05-4a2d-ad99-48c73f533cda', 'B.', 'II', 0),
	('01a751ff-7e53-4b8d-9c25-737b2e2ce5a1', '021799d2-05c6-47cb-b498-bca73ed0ca79', 'B.', 'II', 0),
	('01bcbd79-7d46-4bce-82d1-17beb4fc9d9b', '37ac2ede-c35e-458d-9e7f-fc61008a5184', 'A.', 'I', 0),
	('01cc85cc-cbcb-4016-bf40-68d9e95ab37f', '56e86046-1c1f-4870-aee5-6a205884a852', 'B.', 'II', 0),
	('020f2f36-75fe-4bec-969e-ed928f200487', '836c92ed-b7b4-434c-8148-1508ebb9fcf3', 'B.', 'II', 0),
	('0314b698-0638-4f77-b962-476742a93571', 'b39c55c2-9a0d-4bf9-b953-12c4bfedd1b5', 'A.', 'I', 0),
	('031bd104-652f-4719-9b43-318ca52d6cd1', 'bfaa193d-eb95-4445-86b5-eabc5a8c9249', 'D.', 'I ,II', 0),
	('034cc9a0-b981-4c62-93b8-7db2cb718c35', '802be9eb-95a4-48e6-b537-7809a077ba98', 'C.', 'III', 0),
	('0386483b-57e7-4f98-82e5-ba1c8f1d289a', '6a56ae2e-97d4-40ac-bb0a-8207e7516efd', 'C.', 'III', 0),
	('03c23845-d265-4b0f-bda1-f2020fa6bea6', 'cbecce7a-53d6-49ed-8603-a71b4c1f0029', 'B.', 'II', 0),
	('03d1e647-ac20-4e36-8841-c13213d886da', '836c92ed-b7b4-434c-8148-1508ebb9fcf3', 'C.', 'III', 0),
	('03f420ad-04d6-4fa5-a037-7cf4108ac580', '8c8cb8fb-de8a-4219-a888-b0d4cbad3738', 'C.', 'III', 0),
	('04263c79-4e9f-479f-8cc0-4b22568a4d65', '53695470-f28d-488d-bd3c-377ba93d9e65', 'D.', 'I ,II', 0),
	('04617217-7c05-4b24-8b4a-cde449271d35', 'b37835b1-4286-44bc-88f3-e9718a454d10', 'C.', 'III', 0),
	('04627a43-b5cd-4cb4-baaf-76517791d374', 'd84063ff-e63a-472d-b89e-a60f447f483f', 'A.', 'I', 0),
	('04e71401-e7f6-4f92-9a72-3e7c2279e87f', '96e3f017-99ce-4391-8685-3341dd78f1c8', 'D.', 'I ,II', 0),
	('0545162e-efe9-4abd-9b3b-a087cbf1d153', 'bad762b4-6ffe-4755-90f0-992ae9160680', 'A.', 'I', 0),
	('0584900c-2a9a-484e-b8c6-8ead1cf1ee20', '6690cdee-e177-4dd9-8bd5-2a7289524dfa', 'A.', 'I', 0),
	('05cc29d2-2cec-43fc-8db5-be3889a318a5', '3d9f7c8f-ac58-4e76-9980-836e61f61538', 'D.', 'I ,II', 0),
	('05e41ff0-d097-4a7d-93ce-f5b7060beea4', 'fbb83f8a-0699-47be-9189-7b258dc04656', 'D.', 'I ,II', 0),
	('05fcb62f-a474-458a-a08f-df73fb12e066', 'a2dc4566-a746-46ee-adcc-272214139396', 'A.', 'I', 0),
	('05feb3d6-b2a1-450f-abda-9f727796e9b7', '6e604d13-78ee-42a3-820f-0d4a41506ce2', 'C.', 'III', 0),
	('062630a0-54c0-4397-9216-5d971728d62c', 'd1761637-c187-439a-9377-604e2be25857', 'C.', 'III', 0),
	('06cb4912-e4b9-4cd8-9fa6-e677283052ac', '93b2df14-8e72-45fc-ab3b-b1f2f256d648', 'C.', 'III', 0),
	('06f17a69-09cf-4e37-8cf0-73b3a6fa8047', 'e44c8828-4205-497f-a7a0-371226d21d8b', 'C.', 'III', 0),
	('0730acb5-95b1-46f0-b81a-1f459d74aa0b', '95e44775-313e-4064-ad46-34321b4b2ae2', 'A.', 'I', 0),
	('075c3904-1877-4ee6-943a-97515c99fedc', 'ee298452-eb05-4e2f-bc24-c342c794e72c', 'A.', 'I', 0),
	('07688073-757d-4188-bdfa-90a6ce64b22f', 'c2ce2454-e8e4-4b5b-ad29-d4a651d75d0e', 'D.', 'I ,II', 0),
	('07d563e2-252e-4000-8a50-eae204675a54', 'd6c74054-c734-4e12-814f-25acdc14491c', 'D.', 'I ,II', 0),
	('082c7a45-f631-495a-856f-79ad47b2d6e2', '23683c2d-15a4-4b59-97e7-e1d5272ec3c8', 'A.', 'I', 0),
	('096a62ce-258c-459a-896e-3f627b0d72e1', 'ee7271d7-6cba-4671-b52f-08af429d698d', 'D.', 'I ,II', 0),
	('0a9dc266-d4df-4496-b1ba-b0d4f308db73', 'ee298452-eb05-4e2f-bc24-c342c794e72c', 'C.', 'III', 0),
	('0b1b349b-ecfa-4e6b-a06d-21980c4ebbc8', '8c7f2a34-62b5-492f-8fdf-5df7a3874a47', 'A.', 'I', 0),
	('0b671280-a667-41ed-8ec4-3066f82e7c20', 'cb4d141d-7b2e-44d9-93ad-30b32a5f20a8', 'B.', 'II', 0),
	('0c342a89-09f4-4c4c-bc00-07233d3dc227', '082034b9-8979-48dd-8fdc-df3d16d29cd4', 'C.', 'III', 0),
	('0c5df752-b163-45f2-8679-314bcfae1a30', 'd15895fa-e7be-4952-aab5-50f962798426', 'A.', 'I', 0),
	('0c7697de-e5a7-4d21-a6b9-9617b7cd5660', '6b8eb715-8e60-4365-9eae-07864d792f93', 'D.', 'I ,II', 0),
	('0c809a96-d0b4-4efb-bf3a-bcd3f52bf07a', 'ac05d1a4-49b2-4030-bdcc-aa0b655533d9', 'C.', 'III', 0),
	('0c8484ed-d325-4987-b172-ba8405c75d1d', '8d02f87b-2cd9-4268-b76f-3037ca320a5a', 'B.', 'II', 0),
	('0cd83ab4-2014-4cde-a2c4-b8b0206a4051', 'd6c74054-c734-4e12-814f-25acdc14491c', 'B.', 'II', 0),
	('0d3d2b2b-a63c-4ca9-a07b-7cbf499e6782', '5c968922-625e-402a-8b2b-7a90facb11a8', 'A.', 'I', 0),
	('0d7be3ac-c064-43c6-abf6-48a33df0ca0d', 'c775cbc8-59f8-4f57-b37d-7d0bdea85caa', 'B.', 'II', 0),
	('0d8ee79d-130c-42b8-9671-59164b4fc0d0', '77b6ee27-ef56-46ac-8bc6-08251c75ddf6', 'C.', 'III', 0),
	('0daef272-ff26-49d9-a6ae-07db0c443638', '9219c4ce-399f-4b91-ae04-36dcb239949d', 'D.', 'I ,II', 0),
	('0df8a231-742e-48c3-b6b0-b1fbd501f104', 'eea2380d-a925-4442-86f9-d08d5d915172', 'C.', 'III', 0),
	('0eda184c-33d4-403e-8a4e-a3f758c08551', '0817c2cb-cb05-4a2d-ad99-48c73f533cda', 'A.', 'I', 0),
	('0f584ce6-c325-4e94-a3eb-a68f9147a9d3', 'bedc7047-50ef-43df-adcb-9c4bfc6d697c', 'C.', 'III', 0),
	('0f62ccd0-2dba-4b29-979f-ffc65b696728', '9573863e-5d15-44a2-8824-4d9bded2f428', 'C.', 'III', 0),
	('0f89e7ed-9573-420e-9952-64fa8113141e', '5d28848e-4eb8-49ef-b633-47bc145aae60', 'C.', 'III', 0),
	('0fc0a3c4-6fdf-41ae-ac94-24fafa7a2279', '5973e16a-d8f1-41db-970f-5a462411fbb3', 'D.', 'I ,II', 0),
	('0fd2b78a-5460-4534-9196-cc03462304cb', 'e50f4a08-9d4d-4349-b4e6-334afcbad182', 'A.', 'I', 0),
	('1005135b-0f33-42d5-8bf8-7b82865096b7', 'ed119cc8-4b92-4ccd-9704-8f5c6be0c590', 'A.', 'I', 0),
	('10477653-9b2c-462f-b089-1263d5db656c', 'c84f7eb8-0ba2-4543-b19a-f71f00281050', 'C.', 'III', 0),
	('104ab906-e458-48da-b49d-de727cedd972', '6d8edc4d-43da-444d-ba6f-bd3b475d9c9a', 'C.', 'III', 0),
	('10e6a99a-340f-435d-a9d5-30691ff3f01f', '7ad73d71-5a28-40d0-85f9-0afe7f266a40', 'D.', 'I ,II', 0),
	('11642f02-82ca-4b27-b356-b1e91036b607', '82ad0876-35f9-4b4d-aaca-965d287fd50e', 'D.', 'I ,II', 0),
	('11a74d08-8b5c-4a8d-8797-d58185fa2fd1', '7e8e22db-a3ab-45c8-9d97-f22e0f6b73fb', 'D.', 'I ,II', 0),
	('11fd8ca9-59b6-468e-9b48-c225881152e1', '6beccacd-6925-46ec-bdc8-7168d4675b55', 'D.', 'I ,II', 0),
	('121488c0-106f-4f9f-bc5e-bfa21d941b7e', 'eb21c4a0-362b-4157-b7a8-83629b4fac65', 'B.', 'II', 0),
	('122cef74-6dbf-4ae3-9452-f80f16221c01', '57527e75-a1fe-41ed-aab8-0d22c378ac37', 'B.', 'II', 0),
	('12c9163f-d7f6-4f84-a4f6-0486d40bdb5e', '39b43f3d-2509-4e4a-9b9e-9887465e7fe0', 'D.', 'I ,II', 0),
	('12cb1c30-279d-40f4-b322-ac34d41b44d7', 'a85a84d6-fdca-4051-8004-8ed140c13005', 'B.', 'II', 0),
	('134293da-988b-4ff0-88ad-63ba464712c2', 'd805981d-f949-4fc5-8a1d-4a57840b4273', 'A.', 'I', 0),
	('1381ebae-e1ad-4277-a7f0-8576899ae7e7', '07211e2f-0472-40ba-99fa-caca2fb07d38', 'B.', 'II', 0),
	('13b27cd7-a2c9-40ba-bcf3-8815bb0a75eb', '5a2988f9-c94a-4616-b6d7-88747f0ad289', 'D.', 'I ,II', 0),
	('13ef08b7-17b8-489e-9b06-56d01549071a', '9a932ef0-1520-4bf0-a581-0c8eb1ee1243', 'B.', 'II', 0),
	('14520ca8-84f7-4df2-b00a-66bdc8f7ed47', '8c7f2a34-62b5-492f-8fdf-5df7a3874a47', 'D.', 'I ,II', 0),
	('14be181a-8cd4-482a-95af-65ac5fc5fdde', 'd1fef2d7-dcd8-4519-ad14-1bca7739766c', 'C.', 'III', 0),
	('14c0fcb1-7b1c-4a47-8adf-6d97cf02a862', 'c3351f3b-126f-4b84-8d03-c4d8c503302a', 'A.', 'I', 0),
	('14d54337-fbc6-4489-aefa-506587098de0', '07c7c0e5-4f74-4d45-ab9d-f2f6e51b1e0d', 'A.', 'I', 0),
	('14e57d61-d6a5-4ff9-9bc6-6a6ec6eaaee7', 'c2ce2454-e8e4-4b5b-ad29-d4a651d75d0e', 'A.', 'I', 0),
	('14e689cf-d2c3-4189-8c62-a7b396b75bb3', '7a57c796-da71-4df3-bd54-4bd186311a1c', 'C.', 'III', 0),
	('1527b8f3-4947-4a30-8cf7-ea779c9333fe', '2dcf1147-4798-4664-ba7c-96501490485b', 'B.', 'II', 0),
	('1585d5cd-f271-4ba9-9d84-5d108564db9d', '836c92ed-b7b4-434c-8148-1508ebb9fcf3', 'D.', 'I ,II', 0),
	('16bd6227-d9f1-4096-b622-9ce473319b6e', 'e8215af9-7926-4b7e-9b68-e496b0209514', 'A.', 'I', 0),
	('177675ea-2980-4da7-bedb-81b75583d455', '02de3a7e-9bd2-47c5-951f-a2fd03b18245', 'C.', 'III', 0),
	('17a29376-1aba-4a2e-845f-b2d01a6b15ec', '6430c0eb-2716-470f-9d7a-ec19a53cdc9a', 'D.', 'I ,II', 0),
	('17e136ae-3bba-4344-bb7d-1128c651136b', 'd1761637-c187-439a-9377-604e2be25857', 'A.', 'I', 0),
	('1814e29c-5d2f-4420-937b-263ae785d5b9', 'fbb83f8a-0699-47be-9189-7b258dc04656', 'B.', 'II', 0),
	('18203b75-c252-43a9-aecc-4f7e298825ce', '121f2dd4-e3e7-4bdd-900d-9bc7f946eb91', 'C.', 'III', 0),
	('189ab66e-3d6f-4b68-9bd4-12b2baa7d916', 'c3351f3b-126f-4b84-8d03-c4d8c503302a', 'D.', 'I ,II', 0),
	('18b820da-7525-446c-b2a8-27a30e0b1997', '5a2988f9-c94a-4616-b6d7-88747f0ad289', 'C.', 'III', 0),
	('18d70e4e-a7f2-45a5-91a6-386172dfc3ab', '56e86046-1c1f-4870-aee5-6a205884a852', 'C.', 'III', 0),
	('1969a389-1887-4365-bf93-13a9472914f2', '1b4a5cc0-ee0a-45b4-98c4-e6ad8e88ffbe', 'B.', 'II', 0),
	('196cf207-d267-46f5-b561-c800404a6fbe', 'afb5cb57-5af0-429a-a665-cdeb601c5d11', 'A.', 'I', 0),
	('197cfd6f-daf7-4c3f-9bf4-b122946a3107', '3a6c1e62-1f93-4745-885e-afc2f25fd13d', 'D.', 'I ,II', 0),
	('19c94faa-f0c5-4c3c-ada1-b33c83fdbfbc', '079089e5-81ec-4153-8d89-0e03ffcbd95a', 'C.', 'III', 0),
	('19e36f4a-b141-46a6-a64c-dcea471ed475', '3d9f7c8f-ac58-4e76-9980-836e61f61538', 'A.', 'I', 0),
	('1ab83b5c-1002-40e4-90f1-9ccc304f0544', 'e0512c97-2ec7-41d9-a25a-11cff5a6ecb2', 'A.', 'I', 0),
	('1abb05ea-51d6-49bd-b64d-5070ea3dde26', 'f0ac4d1f-fce1-458f-881d-da0f603dfc4d', 'C.', 'III', 0),
	('1b34fcdb-9d6e-441e-86a8-11ca156f9418', 'c60c2133-b856-4308-93a1-5b22ba65b0db', 'B.', 'II', 0),
	('1cd14627-b24e-4344-899c-2c61c5d55ccd', '82535e1f-37c0-4ed0-9296-d5a5ad91e72e', 'C.', 'III', 0),
	('1cdf9ecf-7c99-415a-a784-ba60b1b57ad3', '63c4c470-c806-4c36-865f-25e1a665ca87', 'D.', 'I ,II', 0),
	('1d15695f-950d-416c-8e4d-5dd085af7774', 'f085b81e-b6d1-4912-8469-63ceb6edaccf', 'D.', 'I ,II', 0),
	('1dc27531-dd38-4ddf-9a91-8984c8f8327b', '8c7f2a34-62b5-492f-8fdf-5df7a3874a47', 'B.', 'II', 0),
	('1dee2980-76ee-4534-b9a0-3d4315c3f91f', '13833cd2-9016-4ebe-8694-b7a662c3c238', 'C.', 'III', 0),
	('1df50ea8-ba32-453a-8d04-8cafe908e44f', '847be165-01f1-4135-9a22-da2bdc7e94ee', 'B.', 'II', 0),
	('1e06efc0-3527-494b-9a9a-b41656fbfb1a', '547e742e-e394-49f5-a576-85f655ef0114', 'A.', 'I', 0),
	('1e4a9616-fb96-438b-b76a-f66d9742be6d', 'd805981d-f949-4fc5-8a1d-4a57840b4273', 'C.', 'III', 0),
	('1e5b1ec3-9975-4948-8681-be18b877feb2', '3a8610f0-9429-4be0-881a-46b77062ee3d', 'B.', 'II', 0),
	('1ee9c26c-ffa2-4537-88d2-4877d705de88', '6690cdee-e177-4dd9-8bd5-2a7289524dfa', 'C.', 'III', 0),
	('1f2b2a25-4904-4fea-b146-7546fb86c029', 'a4e9cae6-5ff7-4811-9f11-757072b23709', 'D.', 'I ,II', 0),
	('1f467e2f-d167-40cf-88f9-d6b0922409f7', '1f5a00f6-a320-4aef-8553-dc452fb77482', 'A.', 'I', 0),
	('1fc8bfcd-0280-43cb-8dbb-d8c077d97045', '1b4a5cc0-ee0a-45b4-98c4-e6ad8e88ffbe', 'D.', 'I ,II', 0),
	('1fea9d45-34fb-42a6-a7c1-0cf0c460ca36', '1b65c332-1267-4677-ae5a-1ccdc0e9ec3e', 'D.', 'I ,II', 0),
	('2062ab42-9ca0-4c0d-9267-ba9ed490d9ee', 'f085b81e-b6d1-4912-8469-63ceb6edaccf', 'C.', 'III', 0),
	('206b2c15-e85c-46ae-997a-c5cd13c899b6', '366783eb-3523-4d35-a80c-d82ee108ceeb', 'D.', 'I ,II', 0),
	('20e267eb-37d4-4350-9c6d-2d41b403da08', 'ac05d1a4-49b2-4030-bdcc-aa0b655533d9', 'A.', 'I', 0),
	('21144cca-afac-45f9-a0c5-0cc3942d8718', '61c6c953-2c3e-4e55-be76-808fa301bb86', 'C.', 'III', 0),
	('215eca13-38f2-4505-930b-a80b53f95ae4', '7be6ce27-5618-426e-b34c-94790a73491e', 'B.', 'II', 0),
	('217175d2-7625-4fb2-87c6-8ff8c48b6cb1', '1371629e-c370-4f2c-b811-db0b1d7cb789', 'B.', 'II', 0),
	('2184fbdc-472b-4d9e-a731-667f92dc5ae4', 'd1fef2d7-dcd8-4519-ad14-1bca7739766c', 'D.', 'I ,II', 0),
	('2194f50d-cbd6-4a7d-bac2-5ef5bb721203', '082034b9-8979-48dd-8fdc-df3d16d29cd4', 'D.', 'I ,II', 0),
	('21c5ae3d-ca81-443b-804f-6a7e0a529a07', 'c4dc57d4-d184-4e25-bdd3-90ed7821c103', 'A.', 'I', 0),
	('21e8f936-a803-4378-9332-f58906b394cd', 'b37835b1-4286-44bc-88f3-e9718a454d10', 'D.', 'I ,II', 0),
	('220cd5cb-c007-4287-be8e-56a1fa133451', 'c60c2133-b856-4308-93a1-5b22ba65b0db', 'C.', 'III', 0),
	('22dbbd9c-7aa5-4794-a541-010d93385852', '9a932ef0-1520-4bf0-a581-0c8eb1ee1243', 'A.', 'I', 0),
	('233b9578-0d3e-4412-8820-5b2e09c71b94', 'ecc4fc40-a19b-408f-bdea-6b766c10a4a9', 'B.', 'II', 0),
	('234d475a-65ef-4b44-9c92-88d501333134', '1b4a5cc0-ee0a-45b4-98c4-e6ad8e88ffbe', 'C.', 'III', 0),
	('236b26b9-ea00-4bbd-ab99-c145bf484141', '7936f816-50a8-44a7-bf4b-dbdd7593af47', 'D.', 'I ,II', 0),
	('2407bf65-050a-4718-ad99-dcc226e166eb', 'cebdf912-f40b-4537-8d24-44b2dd8885ce', 'B.', 'II', 0),
	('24343aa6-d3f1-47a8-801e-5dfe2e135477', 'c9d333f3-7ea3-4557-a4c5-b1c720311b36', 'B.', 'II', 0),
	('2445cb53-c3d2-4807-b5bf-827530b5dac9', 'd1e4acac-0004-4f52-9db6-7e50a5cb82ff', 'D.', 'I ,II', 0),
	('244ca041-1871-4f21-8c86-2cb37c77ce75', '9fe24c37-e6f1-4f5a-88fc-35fd6e7149b2', 'C.', 'III', 0),
	('24531901-0d05-4da9-bc01-fce610815966', 'fbc8792f-cb5d-46d7-a45e-86c43427b2bb', 'C.', 'III', 0),
	('24a1507f-90a6-4229-9615-7194a818ddae', 'dfef5a4f-34e2-4fb2-a44b-3cd17d1bfb1d', 'A.', 'I', 0),
	('24fe8ee4-b256-4e81-be69-054d2b375495', '9dd1a856-33a6-4219-9188-6aa2af02a61d', 'C.', 'III', 0),
	('2513488a-03e6-441b-82f1-cbf4e2752537', 'cebdf912-f40b-4537-8d24-44b2dd8885ce', 'C.', 'III', 0),
	('252e3e37-5b9e-427e-b15f-e63f7163d64d', '0bfd5e20-4e48-4120-a3f9-cb0262dfdd54', 'B.', 'II', 0),
	('25d6a78e-e178-4b07-94bf-48b89e90cca9', '1371629e-c370-4f2c-b811-db0b1d7cb789', 'C.', 'III', 0),
	('25ee656b-e2fc-4c47-8996-e19a11ddfb64', '7ee1b2c2-a06f-469f-b562-5f1f4549a630', 'D.', 'I ,II', 0),
	('260056c1-4756-476b-8f05-2c3f03015943', 'f06316a2-c4f0-4b19-a049-2434b9e17701', 'C.', 'III', 0),
	('264330f3-6d3c-421d-85e3-61035b43fd63', '905eeaf1-f7d8-44bd-bcab-59ac9a8a92ac', 'B.', 'II', 0),
	('26b7a586-6ae1-4dfd-9145-bcb883f317d3', '48407731-a42a-49e6-ac94-4ffb19949096', 'C.', 'III', 0),
	('26e98498-eeed-4cc7-a9a3-ad1afccb32ba', '9dd1a856-33a6-4219-9188-6aa2af02a61d', 'D.', 'I ,II', 0),
	('27123b72-675f-42bc-b13b-2a407fd0218f', 'dfef5a4f-34e2-4fb2-a44b-3cd17d1bfb1d', 'C.', 'III', 0),
	('2757bc4c-a1a8-44fa-b0ac-4170cb1fa6c2', '731d0463-8100-4a3b-8b52-b5dc88afc0d7', 'A.', 'I', 0),
	('27bca1a9-d31f-4655-b8f9-6cec31fc4b60', '63c4c470-c806-4c36-865f-25e1a665ca87', 'B.', 'II', 0),
	('27e22c50-1c4b-4460-86c7-b20ebb486f31', '8222146e-e877-40fe-8e2d-d922a3dad04b', 'A.', 'I', 0),
	('28063276-47a6-4f86-af88-48b8b3bddf73', '1b65c332-1267-4677-ae5a-1ccdc0e9ec3e', 'B.', 'II', 0),
	('283aaeb8-0815-4ad7-8118-dafb17743f4c', '1f5a00f6-a320-4aef-8553-dc452fb77482', 'C.', 'III', 0),
	('28482e7d-f4e4-4b38-92fc-238a4d08996c', 'bc8dbe06-67c4-4674-9071-3b20afb67b39', 'D.', 'I ,II', 0),
	('28799145-0cca-42cb-9fb3-dbadf6ba7b70', '6a542e75-52e2-4759-9b65-364096a05ec4', 'C.', 'III', 0),
	('28b76ea9-2975-4d7c-92f2-8aad55f1298a', '9b7f29fa-9201-4a3a-83b5-364bb43e142a', 'B.', 'II', 0),
	('28ea5566-8d85-42e0-b549-d7ea6fdce213', '847ba660-e72f-45bc-b9e3-4ff877544ee0', 'B.', 'II', 0),
	('29406972-40fb-4662-93ee-746758312831', 'ed119cc8-4b92-4ccd-9704-8f5c6be0c590', 'D.', 'I ,II', 0),
	('29e785e1-2d41-4623-b3c6-cbb3847705e4', 'ce70f689-ed8f-419f-b19e-17197407bd40', 'C.', 'III', 0),
	('29ff58c4-423b-4d97-91c3-4a7563be3659', '85e8fb60-400f-459d-b680-3b249d828faf', 'B.', 'II', 0),
	('2a074b78-d805-45b6-9e47-1aca379053c7', '1cc4c153-3e89-4805-ba01-d84a30e31ed4', 'B.', 'II', 0),
	('2a7dbabc-d0c2-43ca-ace1-2cd1aa22c3f4', '076cb78e-b692-4a1b-8ddc-c7d60453f307', 'B.', 'II', 0),
	('2aaf8f07-b654-43dc-8a82-3f4a03ff8ac3', 'fbb83f8a-0699-47be-9189-7b258dc04656', 'C.', 'III', 0),
	('2b25154f-308f-4154-bb06-b40bcd15927e', '8254589b-4df7-425f-977d-2d92bf692942', 'B.', 'II', 0),
	('2b375dc9-e181-4e3c-9ac9-0ade7cd518a7', 'e24ce4a5-3d9a-498c-87d2-16b73ecf448b', 'A.', 'I', 0),
	('2b3b2b5c-9a36-486a-b5c5-f2701024ef9d', '13833cd2-9016-4ebe-8694-b7a662c3c238', 'B.', 'II', 0),
	('2b3d3a86-3bf9-4862-895d-c2d5e97f2258', '82ad0876-35f9-4b4d-aaca-965d287fd50e', 'B.', 'II', 0),
	('2b8a52c7-8e2b-4b35-83c0-3bd743162cb6', '5f59bb51-27f9-4e54-8bbf-5e4053d4350e', 'A.', 'I', 0),
	('2b8d4bb4-2488-44d5-8a93-a2487a1a79f9', '7ee1b2c2-a06f-469f-b562-5f1f4549a630', 'C.', 'III', 0),
	('2c182d7f-d8a4-4448-a759-785803946e06', '36b7b848-cb12-4a4f-887c-62b9575b8e04', 'D.', 'I ,II', 0),
	('2c21dc13-6cf6-4023-810e-a36976565281', 'ee7271d7-6cba-4671-b52f-08af429d698d', 'B.', 'II', 0),
	('2c243c5a-8ea3-4da1-9d57-b9b2e0be2eb7', '9835947b-9d88-45e0-ab2c-169cc2d589a6', 'D.', 'I ,II', 0),
	('2c33844e-1d3e-4ed6-b331-97cef8d94d2a', 'd15895fa-e7be-4952-aab5-50f962798426', 'B.', 'II', 0),
	('2c874ee1-ad8f-427b-b464-1347709ee749', '47407bef-427c-47ed-ae0d-c7f03c01f432', 'C.', 'III', 0),
	('2cc3d1b6-dae0-4edb-adaf-b92772eb3b53', '1c12bff1-056b-4de7-bc0e-d4a86c304218', 'D.', 'I ,II', 0),
	('2dc4c207-2c71-4883-a246-ab9565e9d4f7', 'bb9802f6-4ae1-4d6e-b77b-95c06bb9a8b3', 'D.', 'I ,II', 0),
	('2ddc7c48-95e8-4378-ba28-d5ead06aad92', '1371629e-c370-4f2c-b811-db0b1d7cb789', 'A.', 'I', 0),
	('2e55ffcd-5561-4d1d-9773-776fbc74968c', '1b65c332-1267-4677-ae5a-1ccdc0e9ec3e', 'A.', 'I', 0),
	('2e757661-97ea-4ebc-93dc-a8cca3f1a69e', 'e4be2d6d-880f-4e35-83a0-aeb4216ae8a8', 'C.', 'III', 0),
	('2e9c908e-2464-4de3-83c4-291d4956e91e', 'ba1ad3fd-fa9f-4849-9de8-aeefa564f0ac', 'C.', 'III', 0),
	('2efa109c-89fd-4c41-80bc-84f38f35d1d1', 'd1761637-c187-439a-9377-604e2be25857', 'D.', 'I ,II', 0),
	('2f4dd4a4-6370-47e6-85a6-f692d558fc50', '8254589b-4df7-425f-977d-2d92bf692942', 'A.', 'I', 0),
	('2f514a68-3382-440b-a570-d85cdea1d6df', '8e1364b1-5702-49bc-9c3c-5c891f3b396e', 'B.', 'II', 0),
	('2f8b78a2-e319-44de-addd-63f76428c9f6', '8f59ff6a-4d79-4190-8605-265fce75aa1a', 'A.', 'I', 0),
	('2fd56917-42bf-4a3a-856e-f471c7198bac', '4d7836cd-546e-438b-830d-b82454b3c972', 'D.', 'I ,II', 0),
	('30398647-43c2-435b-a4ff-6e6cb29ed612', 'ac05d1a4-49b2-4030-bdcc-aa0b655533d9', 'B.', 'II', 0),
	('30646ea8-99cf-4fe7-a2a5-b55dd14de7c7', '77b6ee27-ef56-46ac-8bc6-08251c75ddf6', 'A.', 'I', 0),
	('3082950f-597e-4c7b-b4f0-73e577d5aa14', 'f197c90a-f6f2-4b9f-9973-153a3faf49ed', 'C.', 'III', 0),
	('30aa9376-2402-4e25-ad5c-472ea9cdb40a', '1c12bff1-056b-4de7-bc0e-d4a86c304218', 'B.', 'II', 0),
	('30cb2fcc-9b96-49d3-8750-0217d3066c6c', 'eee9303d-7956-4e14-a87e-c12c6237eec6', 'B.', 'II', 0),
	('30d5f0d8-4e89-441f-9e1a-6a5a402979ab', '53695470-f28d-488d-bd3c-377ba93d9e65', 'B.', 'II', 0),
	('30dc983c-fc5d-4210-809d-2a6b0b433145', 'eee9303d-7956-4e14-a87e-c12c6237eec6', 'D.', 'I ,II', 0),
	('315cfcae-929f-4c95-8d26-344539d2418e', '802be9eb-95a4-48e6-b537-7809a077ba98', 'D.', 'I ,II', 0),
	('320fdb90-2983-45ca-ac87-c501ba807e53', '63c4c470-c806-4c36-865f-25e1a665ca87', 'A.', 'I', 0),
	('32500b4e-2af6-422d-9ded-ad1492633b0f', 'da6625c2-997a-4228-8a09-eaf2258d61a5', 'D.', 'I ,II', 0),
	('32697056-9e7b-4d34-8a42-2e99b6773ccc', 'c030a717-4572-40ee-be35-c90a91396e8f', 'D.', 'I ,II', 0),
	('334beff1-4da3-436c-8c84-edce2ea180f4', '0b6bafb7-0546-416d-805f-4fd6241cae65', 'A.', 'I', 0),
	('338a1d18-61aa-414a-ba63-710f7c3c5e68', '847be165-01f1-4135-9a22-da2bdc7e94ee', 'C.', 'III', 0),
	('33981167-3069-4532-88ee-bca359e810ae', 'f197c90a-f6f2-4b9f-9973-153a3faf49ed', 'A.', 'I', 0),
	('33b87c52-bc41-4674-8ea1-8a8b2680f4f2', '5c968922-625e-402a-8b2b-7a90facb11a8', 'B.', 'II', 0),
	('342204d7-fcfb-4a59-aec4-ea8fe697064f', 'c2ce2454-e8e4-4b5b-ad29-d4a651d75d0e', 'B.', 'II', 0),
	('34871270-1483-4c42-b2a6-f71eaae80782', '8c7f2a34-62b5-492f-8fdf-5df7a3874a47', 'C.', 'III', 0),
	('34aa0fab-ade8-4eee-b91f-982a5b2aa7ea', 'c030a717-4572-40ee-be35-c90a91396e8f', 'A.', 'I', 0),
	('3546c321-f22e-4326-9427-5dadf3a66b4a', '121f2dd4-e3e7-4bdd-900d-9bc7f946eb91', 'B.', 'II', 0),
	('355c32d3-d0a1-49d4-bc3d-f90ef52299c7', '0817c2cb-cb05-4a2d-ad99-48c73f533cda', 'C.', 'III', 0),
	('35b2094c-12fa-4079-a459-74df219c901b', 'e2113dd9-d6a3-4b9c-83a9-1171384b96d6', 'B.', 'II', 0),
	('35dd7da2-64d7-473a-90db-bedba2187fdb', '5e195c4a-ca54-4bb5-9ffe-1ba8cffd1894', 'C.', 'III', 0),
	('3609f91e-67cd-4796-8376-095210a52660', 'a93dfc9c-f5f2-4c52-a872-1e4a25716f59', 'C.', 'III', 0),
	('3638614a-6641-4aad-98dd-74a3630a7166', '6430c0eb-2716-470f-9d7a-ec19a53cdc9a', 'B.', 'II', 0),
	('366cb65c-44d6-4119-a7ab-20d4eecc5137', '1eae827f-53eb-4aff-9173-e59866c15885', 'C.', 'III', 0),
	('36cd1a20-90eb-4912-b36f-387155c432d6', '6690cdee-e177-4dd9-8bd5-2a7289524dfa', 'D.', 'I ,II', 0),
	('36e6a33c-d8b9-49f5-b93e-83f4bf750dbd', '7012d673-46cf-40f9-81ef-217cfacbc285', 'D.', 'I ,II', 0),
	('3703c5cf-b7ab-4fc9-9a90-275e6839f990', 'c823a166-5d4b-4948-8a66-5dd963bda8d3', 'A.', 'I', 0),
	('3707d1d3-31dd-46d3-bae4-79c7ef1cdebe', '6d54c60a-4a05-4ff2-9401-2512ebea6f29', 'C.', 'III', 0),
	('372cdd49-4f8d-4a44-9e15-c71b83273f8f', '31f6324b-cd77-48fc-ad43-33ffeba77418', 'D.', 'I ,II', 0),
	('3736c85e-8348-40e7-9c52-8600aef6023f', 'c3351f3b-126f-4b84-8d03-c4d8c503302a', 'C.', 'III', 0),
	('37404fa7-c163-4d58-a08e-2a7c2c7a85ca', '87b34701-52c7-4176-80f7-60ad31916028', 'A.', 'I', 0),
	('377b9a76-2016-4cb9-b7cd-3bd4d16bde58', '3a6c1e62-1f93-4745-885e-afc2f25fd13d', 'B.', 'II', 0),
	('37a7dec1-49bd-4d1a-91de-af1b4c916f2c', '76c64255-961e-4acc-8485-a3df6b52c70e', 'A.', 'I', 0),
	('37b9faa8-9dac-4535-92f8-d21f1827f644', 'e24ce4a5-3d9a-498c-87d2-16b73ecf448b', 'D.', 'I ,II', 0),
	('37f2a6f1-37e5-467d-b9e9-a2c44dc97988', '5d28848e-4eb8-49ef-b633-47bc145aae60', 'B.', 'II', 0),
	('386418af-57d2-4f0a-95da-9b1e65f82d17', 'd9dbf5f3-f051-40e9-bbf2-a0f935de03df', 'B.', 'II', 0),
	('3899f047-2317-4a46-8c9c-d530f35a1037', 'd30dc269-00e5-4dc0-9193-28da17aac611', 'B.', 'II', 0),
	('389b5b6b-13dd-42cf-bd26-3b93d1a56dba', '7ad73d71-5a28-40d0-85f9-0afe7f266a40', 'C.', 'III', 0),
	('389cc2c9-8f95-4f10-a5e9-976746b263a3', '5e195c4a-ca54-4bb5-9ffe-1ba8cffd1894', 'B.', 'II', 0),
	('38ae5de1-836d-477e-9d1d-da4fe47d7e93', '5194178e-bb04-4b35-af8c-375b708067f4', 'C.', 'III', 0),
	('38e11ae9-72ce-4a01-9085-7278a568d567', '7442c990-6eca-4997-ad95-b1b475af84e7', 'A.', 'I', 0),
	('392b680a-ca87-43e0-94ea-7318811471f3', '281357e2-9dcb-435e-a368-2f409c92173c', 'C.', 'III', 0),
	('393c5f82-9398-4042-8ae8-0b59b7496045', '905eeaf1-f7d8-44bd-bcab-59ac9a8a92ac', 'A.', 'I', 0),
	('39ad410d-dfce-48e5-96e8-da111a4ce4eb', 'cd88a6b6-5b62-4c27-a2ef-b5615d0a64ed', 'B.', 'II', 0),
	('3a2df7f1-548d-4150-9347-e23c25878038', 'b2a93da8-3260-435b-bcb9-47f83574ac4c', 'C.', 'III', 0),
	('3a72ac3b-5ee1-4628-8f61-955d46791b5b', '0b6bafb7-0546-416d-805f-4fd6241cae65', 'B.', 'II', 0),
	('3b908778-1923-4fa5-8bee-8b6ea80727d0', 'fa739fa8-b4e2-4683-b7f8-5e5906880172', 'B.', 'II', 0),
	('3bd2eed3-c2da-4970-97af-97b5dbb14aec', '4d74032b-3472-4693-9ead-b76a102aeb9f', 'C.', 'III', 0),
	('3bfc2b2b-6d87-430c-ae53-f0df0f43f902', '7545b1b3-fd2c-41c6-9def-647a8b155182', 'A.', 'I', 0),
	('3c679c52-59b7-48d5-b422-1b2e46fc8888', 'ed119cc8-4b92-4ccd-9704-8f5c6be0c590', 'B.', 'II', 0),
	('3c8c2a2d-2409-4ce5-9cf5-a3d4f21f61c3', 'c775cbc8-59f8-4f57-b37d-7d0bdea85caa', 'A.', 'I', 0),
	('3cc3a5ca-ff74-4d3e-8fdf-b04c1d8ef778', '7ee1b2c2-a06f-469f-b562-5f1f4549a630', 'A.', 'I', 0),
	('3d18bd5d-0ba9-44a7-b0b0-e7a6b8b875c5', '07c7c0e5-4f74-4d45-ab9d-f2f6e51b1e0d', 'C.', 'III', 0),
	('3dc58804-e4bd-4482-a9e6-59c6400f77c4', '31f6324b-cd77-48fc-ad43-33ffeba77418', 'A.', 'I', 0),
	('3e253594-1625-4e0e-94e0-b9180bd9f1ff', 'da6625c2-997a-4228-8a09-eaf2258d61a5', 'C.', 'III', 0),
	('3e351d07-f718-487c-b6fb-3dc06c5afdaa', 'ecc4fc40-a19b-408f-bdea-6b766c10a4a9', 'C.', 'III', 0),
	('3ecdc55a-6d1f-43e3-a9f6-d54c7d647d62', '3b325d81-ea03-4f2f-a73d-8c93b3eb46f3', 'A.', 'I', 0),
	('3ed32ddd-8b91-4185-b56b-8ef15e56faae', '9fe24c37-e6f1-4f5a-88fc-35fd6e7149b2', 'A.', 'I', 0),
	('3eda81be-34f5-455f-9178-10fab90ab44c', '7f3f0fc9-0462-48f6-8bc2-8c70eed2681b', 'A.', 'I', 0),
	('3f144407-f941-481f-954d-a9265cdea46e', '73e8ef15-fe7b-4943-a15e-79efebb65470', 'C.', 'III', 0),
	('3f30781d-9f50-4cc7-b693-f0d48f5a28ab', '83fbac4f-251a-42f5-ba63-7377ea61a029', 'B.', 'II', 0),
	('3fe2bf96-80dc-429f-a876-bda89a047921', '7be6ce27-5618-426e-b34c-94790a73491e', 'C.', 'III', 0),
	('403580bb-a64a-498c-911d-3df1c88ffb52', 'eb21c4a0-362b-4157-b7a8-83629b4fac65', 'C.', 'III', 0),
	('4112f00e-f133-43df-9f99-816c7e257cda', 'eb21c4a0-362b-4157-b7a8-83629b4fac65', 'A.', 'I', 0),
	('41336e79-c5a9-41f1-91c3-c76c734899da', '0b6bafb7-0546-416d-805f-4fd6241cae65', 'D.', 'I ,II', 0),
	('41464ea5-7a3d-4f33-96ad-951f179bb176', '1c12bff1-056b-4de7-bc0e-d4a86c304218', 'C.', 'III', 0),
	('4165d26d-bdcf-47b2-993a-c4b4f9dda398', '85e8fb60-400f-459d-b680-3b249d828faf', 'D.', 'I ,II', 0),
	('418f02ba-c65c-410b-a389-a182b90f8372', 'bc8dbe06-67c4-4674-9071-3b20afb67b39', 'A.', 'I', 0),
	('41a9e4ce-bbed-4170-8854-df2a28a73127', '37ac2ede-c35e-458d-9e7f-fc61008a5184', 'C.', 'III', 0),
	('4248fa2d-e69c-43fe-b01f-b449ee322c84', '37ac2ede-c35e-458d-9e7f-fc61008a5184', 'B.', 'II', 0),
	('424b375f-e558-4ae2-b47c-d2c8dc9dd4f7', '0817c2cb-cb05-4a2d-ad99-48c73f533cda', 'D.', 'I ,II', 0),
	('424de9e1-ce3d-48a3-bc7f-b6ec82de081d', 'bad762b4-6ffe-4755-90f0-992ae9160680', 'B.', 'II', 0),
	('42568d0e-fb45-4148-9724-c38d0fd07a4d', '7936f816-50a8-44a7-bf4b-dbdd7593af47', 'A.', 'I', 0),
	('42b4ede3-a787-40cd-ab66-b1132d4f25a4', '39b43f3d-2509-4e4a-9b9e-9887465e7fe0', 'B.', 'II', 0),
	('42de6007-c9ba-491c-85c5-42aeaf1a3f43', '905eeaf1-f7d8-44bd-bcab-59ac9a8a92ac', 'D.', 'I ,II', 0),
	('4304694b-8fdb-424e-9ebb-bb6c38d2612e', '3056d35a-fe4c-415c-b6b7-49a46efad269', 'C.', 'III', 0),
	('436c3054-c58a-4034-a1d6-55add36f016f', '53695470-f28d-488d-bd3c-377ba93d9e65', 'C.', 'III', 0),
	('436cb813-536d-44ec-af3a-a1e04bf57094', '366783eb-3523-4d35-a80c-d82ee108ceeb', 'B.', 'II', 0),
	('43983cf0-829e-46db-923e-ce0013d56ac1', '57527e75-a1fe-41ed-aab8-0d22c378ac37', 'C.', 'III', 0),
	('439fd803-1603-4c89-99f8-58aea6ecd0a0', 'bc8dbe06-67c4-4674-9071-3b20afb67b39', 'C.', 'III', 0),
	('43d49610-0128-4c32-9064-74fe80e6928e', '6430c0eb-2716-470f-9d7a-ec19a53cdc9a', 'C.', 'III', 0),
	('44e010b8-afcd-4ad6-94bc-7d8467f5c226', 'd6a76af7-3148-4f69-998a-ce09a7035619', 'C.', 'III', 0),
	('45016b05-8486-4b13-895d-a009f6c14bde', '919f53f4-4f6c-4be0-9c77-ff9256cd62cf', 'D.', 'I ,II', 0),
	('4568300f-a55a-4c3d-8527-2ba40a32469b', '5194178e-bb04-4b35-af8c-375b708067f4', 'B.', 'II', 0),
	('459275b5-ff15-4d5b-afa1-3e4b750a08c4', '4d7836cd-546e-438b-830d-b82454b3c972', 'C.', 'III', 0),
	('45faef3f-0dc1-4093-bc54-017dc2fa3712', '1bab4b0f-a3de-4f1c-92cd-44b42c402171', 'B.', 'II', 0),
	('464e15db-2486-4ea2-8c56-6ef71620462d', '61c6c953-2c3e-4e55-be76-808fa301bb86', 'A.', 'I', 0),
	('4684af2f-32f3-4696-903b-539867308714', '95e44775-313e-4064-ad46-34321b4b2ae2', 'B.', 'II', 0),
	('468ae906-601d-463c-9fa8-ba621898b95a', '7012d673-46cf-40f9-81ef-217cfacbc285', 'B.', 'II', 0),
	('4707e97e-16ff-43a7-a65c-85bf12ce945c', '88fba4ee-7d6d-4d1a-be3e-bb4492f36f4d', 'A.', 'I', 0),
	('471251e2-3ed4-478b-b284-a80a052c58c3', '72b065ef-2edd-40ea-8247-d8158f1d4f33', 'B.', 'II', 0),
	('474b16ae-6f7f-4816-924b-4484fd4d69b0', 'e29158a6-6fa5-459c-bd8e-b0ae950bb83e', 'B.', 'II', 0),
	('47870abe-b950-41b5-a1cc-f6d7b147b2a8', 'eb21c4a0-362b-4157-b7a8-83629b4fac65', 'D.', 'I ,II', 0),
	('47a2b341-84b7-4809-b3e9-12dcfaa0ea78', '281357e2-9dcb-435e-a368-2f409c92173c', 'A.', 'I', 0),
	('47a7d0e4-4e0c-4cbc-b364-32d051f6a984', '847ba660-e72f-45bc-b9e3-4ff877544ee0', 'C.', 'III', 0),
	('47f3786e-3049-4493-9cdb-1c48fb89b5b9', 'c775cbc8-59f8-4f57-b37d-7d0bdea85caa', 'C.', 'III', 0),
	('48387ace-590d-47ff-a73a-f8110f2beb3e', 'c84f7eb8-0ba2-4543-b19a-f71f00281050', 'D.', 'I ,II', 0),
	('4851a6db-cfab-40c9-9bcb-b83eb82b09cf', 'a4e9cae6-5ff7-4811-9f11-757072b23709', 'A.', 'I', 0),
	('48867097-d9f7-4f19-8dbb-3f5efed4e08d', 'ce70f689-ed8f-419f-b19e-17197407bd40', 'B.', 'II', 0),
	('488f9006-cc4e-4da3-8d45-c543ade285a3', 'c6c4b7f7-d2bc-4e08-89c3-feaaadf310f4', 'C.', 'III', 0),
	('48a5b2b9-586e-4bb6-80a6-f3cb7befe395', '9219c4ce-399f-4b91-ae04-36dcb239949d', 'B.', 'II', 0),
	('48b19f4e-32d8-4aa9-8594-bafc9341a1a6', 'f7de005e-555b-4543-a531-18116388314d', 'B.', 'II', 0),
	('48c8096f-9417-429d-b3f7-f2527afbced4', '919f53f4-4f6c-4be0-9c77-ff9256cd62cf', 'B.', 'II', 0),
	('48d1aecc-c64f-4ca4-a357-2b45aaeecb29', 'cebdf912-f40b-4537-8d24-44b2dd8885ce', 'A.', 'I', 0),
	('491c188d-a614-4bd3-b346-ac4d207e2012', 'b39c55c2-9a0d-4bf9-b953-12c4bfedd1b5', 'B.', 'II', 0),
	('495890c6-2228-452f-b3ef-c937327fe3f5', '00b63f5c-5ba9-4442-8e95-5cb8c2df1513', 'A.', 'I', 0),
	('496995dd-5cfe-417b-a9a1-4a321cf26157', '366783eb-3523-4d35-a80c-d82ee108ceeb', 'A.', 'I', 0),
	('49b79450-943e-48ac-b7f3-32bed077c0d5', 'f80265eb-aad8-4aff-b378-02cd80e2eb2c', 'A.', 'I', 0),
	('49d6e014-3751-4ea1-92e4-b01eaec03b54', 'e8a39939-387d-4269-a969-3f6537913a3d', 'D.', 'I ,II', 0),
	('4a6427d2-b9d7-4647-b234-597cc0d52281', 'fbe90590-3cf8-46b7-b461-13a289a7203a', 'C.', 'III', 0),
	('4a8cd77d-944b-41ea-8304-acc095f21cb8', 'bb04aa0b-e532-411b-b84c-37aeb7b57809', 'D.', 'I ,II', 0),
	('4b6f4317-9a54-46e8-b9da-f2f998a690e5', 'a909326a-807e-434a-84f0-c4a0bc88e5f9', 'B.', 'II', 0),
	('4c0114da-6ac8-477f-9d81-d2806df4a5dd', '5e195c4a-ca54-4bb5-9ffe-1ba8cffd1894', 'A.', 'I', 0),
	('4c099857-6367-453c-8c75-19de9870808e', '847be165-01f1-4135-9a22-da2bdc7e94ee', 'D.', 'I ,II', 0),
	('4cada040-1815-443c-a203-d6cd8e974d81', 'dd74892b-df87-4e32-99dc-cfb0f1b695a2', 'C.', 'III', 0),
	('4d09407a-f5da-4f05-bdac-1e91e33243b1', 'a85c9831-36f1-4fa7-89ad-11f83a7f979d', 'A.', 'I', 0),
	('4d8856f6-c512-461d-bd13-a63932f71e43', '39b43f3d-2509-4e4a-9b9e-9887465e7fe0', 'A.', 'I', 0),
	('4db16237-11d9-48e2-b0c3-7f1bd05e5f18', '8222146e-e877-40fe-8e2d-d922a3dad04b', 'D.', 'I ,II', 0),
	('4e304fcd-6ec7-41ca-878e-39ec639e23df', '5194178e-bb04-4b35-af8c-375b708067f4', 'D.', 'I ,II', 0),
	('4e46dc9b-0dc0-4970-9f1b-ed4bdaaa3e9e', '3b325d81-ea03-4f2f-a73d-8c93b3eb46f3', 'D.', 'I ,II', 0),
	('4e617ff8-8b1f-495e-a515-0c56ebd62267', 'beae11c2-2df7-4fc3-84e7-eb4f94fe4ce4', 'B.', 'II', 0),
	('4e9edf60-9620-4b76-93ad-e46d05c44ec0', '847ba660-e72f-45bc-b9e3-4ff877544ee0', 'D.', 'I ,II', 0),
	('4eb9e9f1-79f5-4be0-a715-5576b7fc0157', 'a3231a48-7822-496d-abab-5630e6fba82d', 'A.', 'I', 0),
	('4edabbeb-a98b-4478-8950-ac7cb4507a5e', 'da6625c2-997a-4228-8a09-eaf2258d61a5', 'A.', 'I', 0),
	('4f3f84fe-495a-4f80-933d-3ed2111d5948', '57527e75-a1fe-41ed-aab8-0d22c378ac37', 'D.', 'I ,II', 0),
	('4f491c4c-6ad8-4a8f-b9b6-f8a3648d7155', '87b34701-52c7-4176-80f7-60ad31916028', 'C.', 'III', 0),
	('501ba415-7cef-4a27-b824-a5b096b962d2', '5c1e15b0-2ce4-4994-bfc7-a1b681b23132', 'B.', 'II', 0),
	('5039b566-1b88-4650-84ba-94d5820dd81f', '7936f816-50a8-44a7-bf4b-dbdd7593af47', 'C.', 'III', 0),
	('504162e8-7dd6-42b2-800a-0c9d83368f47', '13833cd2-9016-4ebe-8694-b7a662c3c238', 'D.', 'I ,II', 0),
	('5123c506-b04d-4151-a24b-face7a15aa0b', '57527e75-a1fe-41ed-aab8-0d22c378ac37', 'A.', 'I', 0),
	('51245a96-e520-487e-8395-986cb79e88ed', '4d74032b-3472-4693-9ead-b76a102aeb9f', 'B.', 'II', 0),
	('51bd31e0-b1aa-401e-a226-1539817c166f', 'e8215af9-7926-4b7e-9b68-e496b0209514', 'D.', 'I ,II', 0),
	('522fd0ea-d591-4b75-9859-5e4c1830ed0b', 'be9e6afb-2c64-4ad3-a73a-aae9edec57e0', 'D.', 'I ,II', 0),
	('5299c0c5-256c-4193-82dc-a57e62c8fe49', 'eea2380d-a925-4442-86f9-d08d5d915172', 'D.', 'I ,II', 0),
	('52f36fd3-63c1-4d20-a8aa-c58c94be52f5', 'b3b2eb7f-4d42-4102-bc10-acaa748196b5', 'B.', 'II', 0),
	('5313e35f-b2a9-4047-8f42-2507870318c5', 'f06316a2-c4f0-4b19-a049-2434b9e17701', 'A.', 'I', 0),
	('53a4ae1e-f3a6-4e97-b1bb-d13eb53762cc', 'a3231a48-7822-496d-abab-5630e6fba82d', 'C.', 'III', 0),
	('53bb64e6-ec2a-440e-9c79-9664ddf50a73', 'd68927fa-89d4-4caa-abb6-529f9c2845e6', 'D.', 'I ,II', 0),
	('53fd71f0-115f-4f40-a4fe-ee37a3074433', '9fce3525-41c5-4a49-a6e5-6d8ba0e2741c', 'C.', 'III', 0),
	('546f4a4b-4790-46c6-8ef6-cb8e70c4674a', 'd84063ff-e63a-472d-b89e-a60f447f483f', 'D.', 'I ,II', 0),
	('54e219e6-3fef-4f75-b9f0-b4aa7b2dd3e4', 'c953d795-9724-4d38-b291-73522a64b334', 'C.', 'III', 0),
	('551a9ebc-5af3-4534-a64a-d42ccf292493', '8c8cb8fb-de8a-4219-a888-b0d4cbad3738', 'A.', 'I', 0),
	('554f810c-d02d-4452-8187-3e8ef4ef3428', '1cc4c153-3e89-4805-ba01-d84a30e31ed4', 'A.', 'I', 0),
	('5555f2b6-2456-4095-8e84-a0f6f9bb263d', 'bad762b4-6ffe-4755-90f0-992ae9160680', 'D.', 'I ,II', 0),
	('556b8fb1-0366-47ea-925c-239bb31fc068', 'd1fef2d7-dcd8-4519-ad14-1bca7739766c', 'A.', 'I', 0),
	('55987ad6-3c1b-4096-a0ea-926f00da1dcc', '02de3a7e-9bd2-47c5-951f-a2fd03b18245', 'A.', 'I', 0),
	('56094847-8b2e-4df0-9e03-8b125dae6d16', '3b325d81-ea03-4f2f-a73d-8c93b3eb46f3', 'C.', 'III', 0),
	('561544e0-587b-4609-931d-1354fc4328ce', '63c4c470-c806-4c36-865f-25e1a665ca87', 'C.', 'III', 0),
	('567ec1e9-0660-4008-8a13-18f2ac1b235f', '46d0087b-4002-4e6f-a329-7481731714a6', 'A.', 'I', 0),
	('56a5c2b1-d98b-4082-ba0b-492741f98023', 'ecc4fc40-a19b-408f-bdea-6b766c10a4a9', 'A.', 'I', 0),
	('56a961a9-b6a9-483b-bc53-8683af908a1b', '82535e1f-37c0-4ed0-9296-d5a5ad91e72e', 'A.', 'I', 0),
	('56be21f0-d96c-4f40-9c94-18059ccbdbf8', 'e4be2d6d-880f-4e35-83a0-aeb4216ae8a8', 'A.', 'I', 0),
	('56e43637-408c-4135-bfae-a0e649b5d232', '8e1364b1-5702-49bc-9c3c-5c891f3b396e', 'A.', 'I', 0),
	('56fd41df-87af-4bb4-ac39-3e82c53821f3', '9fce3525-41c5-4a49-a6e5-6d8ba0e2741c', 'B.', 'II', 0),
	('574afe14-d9c9-42e9-93ef-6b7c44514008', 'a2dc4566-a746-46ee-adcc-272214139396', 'C.', 'III', 0),
	('5761e303-18ec-4bb6-8ba3-2931d9a5d301', '07211e2f-0472-40ba-99fa-caca2fb07d38', 'D.', 'I ,II', 0),
	('5772b960-a4aa-47ff-9bf1-ea0a8e8676b8', 'bfaa193d-eb95-4445-86b5-eabc5a8c9249', 'A.', 'I', 0),
	('58170e5c-2f35-4ec5-a70b-08829fbb41e5', '77b6ee27-ef56-46ac-8bc6-08251c75ddf6', 'D.', 'I ,II', 0),
	('585e8fa9-ace2-4eaa-a596-a3a78ca5ebe8', '5c1e15b0-2ce4-4994-bfc7-a1b681b23132', 'A.', 'I', 0),
	('590cb376-d9cd-470f-8e8a-a252de17e7e8', 'dd74892b-df87-4e32-99dc-cfb0f1b695a2', 'B.', 'II', 0),
	('5945f9c5-09bb-4d15-b98d-6a7e27e320b1', 'd6a76af7-3148-4f69-998a-ce09a7035619', 'D.', 'I ,II', 0),
	('597c4419-c124-4970-ae25-538183668515', 'beae11c2-2df7-4fc3-84e7-eb4f94fe4ce4', 'A.', 'I', 0),
	('59b14568-d707-494b-ac87-7c0aae439d94', '9835947b-9d88-45e0-ab2c-169cc2d589a6', 'C.', 'III', 0),
	('59d10a94-f47a-40c7-816c-b8dd02ae974e', 'fa374469-6bc9-461e-9dc3-eda45bdb49fb', 'A.', 'I', 0),
	('5a00abf9-09b7-49c2-ab31-8edb4363c5e3', '6d54c60a-4a05-4ff2-9401-2512ebea6f29', 'D.', 'I ,II', 0),
	('5a26efc1-70ff-497f-8402-265d22d0210b', 'f80265eb-aad8-4aff-b378-02cd80e2eb2c', 'C.', 'III', 0),
	('5a59388b-2733-4134-bb1c-030703ae3b03', '1cc4c153-3e89-4805-ba01-d84a30e31ed4', 'C.', 'III', 0),
	('5a8e4bef-81b7-4ec7-ae6c-a54c1bba323e', '5973e16a-d8f1-41db-970f-5a462411fbb3', 'B.', 'II', 0),
	('5a932705-b1d7-471e-a0e1-3e0ef763d745', 'a4dde26f-084c-4ba1-a12a-19bd31c68996', 'C.', 'III', 0),
	('5a9d71db-44f3-4fb6-a1ef-5f5b34a67eeb', 'f9cdd96c-15df-4b05-8524-fbf6aaf39949', 'A.', 'I', 0),
	('5abaafed-95bc-4ace-b2e8-aa98c56abc35', '611549bb-c36c-4f6f-950c-d241183e06cb', 'A.', 'I', 0),
	('5b3efc78-7327-42fe-8031-83dcb4d45adc', '7be6ce27-5618-426e-b34c-94790a73491e', 'A.', 'I', 0),
	('5b7e1a9c-d05b-4c2b-b7ca-a4491b30aa42', 'd705e20a-91a0-4387-bec5-16a81873736e', 'A.', 'I', 0),
	('5b99a7ca-34c0-478d-a0c0-707fdd26a757', 'b2d02768-f9ed-434a-a3fb-cd6c59996d47', 'D.', 'I ,II', 0),
	('5bac0299-0b46-4137-8335-6158b14cfd80', 'dadd430d-d3d6-44f7-be36-a5137b0903fe', 'D.', 'I ,II', 0),
	('5bf681ba-3469-4e07-86b9-8f0b3e273c9e', '8e1364b1-5702-49bc-9c3c-5c891f3b396e', 'D.', 'I ,II', 0),
	('5c239ff6-99a2-4555-9416-e187051705f7', '00b63f5c-5ba9-4442-8e95-5cb8c2df1513', 'B.', 'II', 0),
	('5c449c6d-cffc-43c9-8219-3b88f77ec38c', 'ab4c94b2-d171-43a3-a3d2-72ebc9377eaa', 'B.', 'II', 0),
	('5c578460-72fb-4450-b196-79bf699e964f', 'bb9802f6-4ae1-4d6e-b77b-95c06bb9a8b3', 'B.', 'II', 0),
	('5cf967d5-198d-489f-806b-9dc2fd25f775', '5a2988f9-c94a-4616-b6d7-88747f0ad289', 'A.', 'I', 0),
	('5d2363b7-5823-4aec-af3b-5183d2a1d400', 'e2113dd9-d6a3-4b9c-83a9-1171384b96d6', 'A.', 'I', 0),
	('5d4982a4-1cd6-4c00-afcd-1ceaf66a63ff', '079089e5-81ec-4153-8d89-0e03ffcbd95a', 'B.', 'II', 0),
	('5d6bdd75-34b6-4a2b-8d8e-5b9643a7f482', 'bb04aa0b-e532-411b-b84c-37aeb7b57809', 'A.', 'I', 0),
	('5d8bcfaf-2b03-4eca-8fea-47f5d3ca906d', 'c6c4b7f7-d2bc-4e08-89c3-feaaadf310f4', 'A.', 'I', 0),
	('5dbdac19-3062-419b-8c26-60dae0ea56a2', '8c8cb8fb-de8a-4219-a888-b0d4cbad3738', 'D.', 'I ,II', 0),
	('5e5eaa91-2308-48f2-9895-31d811779291', '1b1fc1be-66fd-4911-8759-c62e67d4f9d0', 'B.', 'II', 0),
	('5f01fde7-88d6-4594-982e-56f34e4990ac', '802be9eb-95a4-48e6-b537-7809a077ba98', 'B.', 'II', 0),
	('5f1959e5-df20-4964-b68c-6c87fbc3c80e', 'fa374469-6bc9-461e-9dc3-eda45bdb49fb', 'B.', 'II', 0),
	('5f2f82cc-8988-4369-8c37-42f2375c5eb9', '12ce7127-3ca2-4dff-8275-5c7974b04f0a', 'C.', 'III', 0),
	('5f6bfce9-b19a-4ad8-95ac-a8d19ad7df1b', '281357e2-9dcb-435e-a368-2f409c92173c', 'B.', 'II', 0),
	('5fe76ae4-6d15-4f57-ac0b-388b48286bce', 'cde7645f-71f0-487b-b767-21edbdf3dff6', 'A.', 'I', 0),
	('600741f8-ac30-4582-9e9d-47d4cdcc1ae9', 'bb9802f6-4ae1-4d6e-b77b-95c06bb9a8b3', 'A.', 'I', 0),
	('60134696-ba02-4111-8dc6-ed8774c0afa7', 'c84f7eb8-0ba2-4543-b19a-f71f00281050', 'A.', 'I', 0),
	('6049daec-8061-4580-b19e-e9efb9f65314', 'a85c9831-36f1-4fa7-89ad-11f83a7f979d', 'C.', 'III', 0),
	('6074eacd-3ac1-48d3-8cbe-85ae7e886a42', '504e6f53-8cd9-4589-9976-5335bc0c961c', 'D.', 'I ,II', 0),
	('608c3eea-ef50-4a61-9ac0-8e235277d79d', 'c2ce2454-e8e4-4b5b-ad29-d4a651d75d0e', 'C.', 'III', 0),
	('611a38a9-df0b-4470-b0e8-8abf6d3be58a', '780ff0b7-dc85-4b3e-a336-7e71e96545d2', 'D.', 'I ,II', 0),
	('616126bd-857c-4124-b21d-ed8fd5db9c4d', 'f13ab1fa-3674-41ef-a595-bf633e197092', 'C.', 'III', 0),
	('6166fdaa-9fd5-45c8-8209-25e33d7ed72a', '928d09bd-dbfd-42e9-9d19-fcec9fd8a062', 'A.', 'I', 0),
	('61867363-6341-4f18-8ce9-0ae7b42ec3d1', 'f9cdd96c-15df-4b05-8524-fbf6aaf39949', 'C.', 'III', 0),
	('61a0bf94-f0de-4db7-824d-c188e0a0e075', 'f06316a2-c4f0-4b19-a049-2434b9e17701', 'B.', 'II', 0),
	('61c58aeb-b5d4-4661-9efc-6c84b727f454', 'da6625c2-997a-4228-8a09-eaf2258d61a5', 'B.', 'II', 0),
	('62271592-ac1c-4be1-82a9-b62d87f68e56', 'bb04aa0b-e532-411b-b84c-37aeb7b57809', 'B.', 'II', 0),
	('62592d12-7459-43e4-b984-b556863decce', 'dfd10c36-4760-4529-9221-561be383c96a', 'B.', 'II', 0),
	('62769209-b5b0-45a7-89de-c4c9e8c87c35', '47d141c8-666d-4f3e-a4ec-432193745249', 'D.', 'I ,II', 0),
	('62b5882b-aeb6-48c9-bbed-6db10178aa32', '9573863e-5d15-44a2-8824-4d9bded2f428', 'B.', 'II', 0),
	('631abf60-9f65-4b34-be96-06c9963bc84a', '5973e16a-d8f1-41db-970f-5a462411fbb3', 'C.', 'III', 0),
	('632100b3-9b97-4f6b-a3e8-a58325c17ba2', '8254589b-4df7-425f-977d-2d92bf692942', 'D.', 'I ,II', 0),
	('638744ea-d92e-4687-8ffc-2ab0939426b9', '8222146e-e877-40fe-8e2d-d922a3dad04b', 'B.', 'II', 0),
	('63ce43a0-1d5a-45d2-bb65-d43f76898f7c', '2b6522cd-e8b7-4251-9e7a-c22b6d236210', 'A.', 'I', 0),
	('63d1d246-b636-4b68-b22c-46853412de90', '6960701d-b7e6-4554-8266-510a1e08da27', 'D.', 'I ,II', 0),
	('63ec1e8b-ecd1-44d6-bc13-4bda6a5ecd08', '41f3379b-d8bd-4ac9-95e2-53f188c960fd', 'D.', 'I ,II', 0),
	('64a20409-2735-4849-933f-99a7d13c5960', '36b7b848-cb12-4a4f-887c-62b9575b8e04', 'A.', 'I', 0),
	('660fb42c-66ab-43fa-83b8-a23647621a04', '23683c2d-15a4-4b59-97e7-e1d5272ec3c8', 'D.', 'I ,II', 0),
	('663910ca-f60c-4264-9ec6-5d5a59e92588', 'e2113dd9-d6a3-4b9c-83a9-1171384b96d6', 'D.', 'I ,II', 0),
	('66643f84-d4bb-4a92-aa72-978abb74ffb2', 'ce70f689-ed8f-419f-b19e-17197407bd40', 'D.', 'I ,II', 0),
	('66c979c4-0fb6-488c-bf4f-2dfa564838df', '7c9696aa-b050-4819-b293-e99f96ee7bc1', 'B.', 'II', 0),
	('66d45f61-33de-4b86-9e36-3dcad81762ff', 'd15895fa-e7be-4952-aab5-50f962798426', 'D.', 'I ,II', 0),
	('67028011-49c6-49f0-8935-51acec2ee8ce', '8d02f87b-2cd9-4268-b76f-3037ca320a5a', 'C.', 'III', 0),
	('673e7f01-2547-4840-9416-bae8208f7114', '9c6ccd35-c7da-4de1-868c-a759e86aaf01', 'C.', 'III', 0),
	('67e81307-7134-4782-ab07-a4d357f1102d', '02de3a7e-9bd2-47c5-951f-a2fd03b18245', 'D.', 'I ,II', 0),
	('682a7b16-de4d-49ce-9034-0fda79077193', '3558a42d-3ed6-406d-b2be-975d00c9c77f', 'A.', 'I', 0),
	('69116132-fcf9-4e59-9f4f-c2956acedac3', '3a8610f0-9429-4be0-881a-46b77062ee3d', 'A.', 'I', 0),
	('693e8fc4-7811-4758-a608-229e96668096', 'ac05d1a4-49b2-4030-bdcc-aa0b655533d9', 'D.', 'I ,II', 0),
	('69684c23-4ea7-40b5-a31c-8e9c2b202979', '4d7836cd-546e-438b-830d-b82454b3c972', 'A.', 'I', 0),
	('698717db-513f-4e2e-bf4f-c7895c4b8cfe', '82ad0876-35f9-4b4d-aaca-965d287fd50e', 'A.', 'I', 0),
	('69b9b4fd-b829-456d-9c05-429af0d9c64c', '3056d35a-fe4c-415c-b6b7-49a46efad269', 'D.', 'I ,II', 0),
	('6a4b3559-9c58-481b-b633-186d182d07ef', 'ab4c94b2-d171-43a3-a3d2-72ebc9377eaa', 'D.', 'I ,II', 0),
	('6a816243-6578-46a2-8a99-14b0f8f66e03', '4d74032b-3472-4693-9ead-b76a102aeb9f', 'D.', 'I ,II', 0),
	('6aad0ced-7d59-4b11-ae31-911bdfa0fbbf', '7545b1b3-fd2c-41c6-9def-647a8b155182', 'B.', 'II', 0),
	('6b17fdf5-6c90-4232-aeb4-295f66d94583', 'bedc7047-50ef-43df-adcb-9c4bfc6d697c', 'B.', 'II', 0),
	('6b32eb2c-3e1a-4ae1-a692-edf1bc2cebd7', 'e996e531-e07d-40b3-85a7-12bee09c9613', 'D.', 'I ,II', 0),
	('6bcb0544-d287-4ed6-932d-84e6773229e7', '8d02f87b-2cd9-4268-b76f-3037ca320a5a', 'D.', 'I ,II', 0),
	('6c443339-e0df-44e4-bbe5-709af1f38fe6', '021799d2-05c6-47cb-b498-bca73ed0ca79', 'C.', 'III', 0),
	('6c596723-8cb7-4e6e-b797-90121529b9a9', 'cbecce7a-53d6-49ed-8603-a71b4c1f0029', 'A.', 'I', 0),
	('6c796791-b60c-42c3-b4ba-189df20a88b5', '547e742e-e394-49f5-a576-85f655ef0114', 'D.', 'I ,II', 0),
	('6ce358d0-4304-4f95-a675-644f59bb1045', 'eee9303d-7956-4e14-a87e-c12c6237eec6', 'A.', 'I', 0),
	('6d15176c-5d92-4ccf-80b5-84d1362be792', 'e44c8828-4205-497f-a7a0-371226d21d8b', 'B.', 'II', 0),
	('6d6f400f-f7b7-489e-969a-f1f80fcbaa5c', 'd84063ff-e63a-472d-b89e-a60f447f483f', 'B.', 'II', 0),
	('6e9bf1b0-90bf-4427-8bf1-c1fc1251f577', 'c4dc57d4-d184-4e25-bdd3-90ed7821c103', 'C.', 'III', 0),
	('6eeb7746-9893-418a-bd0b-41be45f6a976', '1a989fd6-9feb-40e6-850b-9664fea4d5cc', 'C.', 'III', 0),
	('6fc0617e-a536-4935-a68b-a0da7da03816', '82ad0876-35f9-4b4d-aaca-965d287fd50e', 'C.', 'III', 0),
	('6fc41c3b-d42e-4c14-801b-6145f332a8da', 'c84f7eb8-0ba2-4543-b19a-f71f00281050', 'B.', 'II', 0),
	('6ffcbab5-9e33-4f73-b88a-a3658ba3b76a', 'fc98f944-c438-4393-b648-e42a73023d3d', 'C.', 'III', 0),
	('702a9e97-8f36-4309-ba7f-731e0a28712e', '611549bb-c36c-4f6f-950c-d241183e06cb', 'C.', 'III', 0),
	('7044bde0-cdc8-4a95-95da-06ac09349c55', '25f5b3e9-e3c9-4124-b59e-6012504425a2', 'C.', 'III', 0),
	('7090250c-4745-479d-93c3-2ab5a8dcbfeb', 'f80265eb-aad8-4aff-b378-02cd80e2eb2c', 'D.', 'I ,II', 0),
	('70cf113c-1079-405f-b608-14c5c997ef69', 'fa739fa8-b4e2-4683-b7f8-5e5906880172', 'A.', 'I', 0),
	('70eadf93-70fc-44e3-ba88-241853f750c2', '076cb78e-b692-4a1b-8ddc-c7d60453f307', 'C.', 'III', 0),
	('71196958-d2a4-4284-8153-cfea84dc6c7b', '6690cdee-e177-4dd9-8bd5-2a7289524dfa', 'B.', 'II', 0),
	('71227c1a-12b9-44f9-93ed-e50e7adef390', 'b2d02768-f9ed-434a-a3fb-cd6c59996d47', 'B.', 'II', 0),
	('71e3ef39-250e-4939-a0f8-563701129089', '7545b1b3-fd2c-41c6-9def-647a8b155182', 'D.', 'I ,II', 0),
	('720731aa-d868-4df3-b726-964378b22c0a', 'd68927fa-89d4-4caa-abb6-529f9c2845e6', 'B.', 'II', 0),
	('724cec7f-c62e-4fc5-b19f-3c95179e33f5', '828da09b-6650-4fe1-a176-1704c66fe075', 'D.', 'I ,II', 0),
	('72605d58-031f-4382-854c-ae6cdb5dc4a4', 'd84063ff-e63a-472d-b89e-a60f447f483f', 'C.', 'III', 0),
	('73106bf9-91a0-44ff-83be-b3cd13b52c4a', '47407bef-427c-47ed-ae0d-c7f03c01f432', 'D.', 'I ,II', 0),
	('73ae74b7-9f06-422f-911a-8f1f08e5d038', 'f197c90a-f6f2-4b9f-9973-153a3faf49ed', 'D.', 'I ,II', 0),
	('73b31190-c27a-458c-93af-6577e777e485', '3bd8ab8b-7126-4953-a5d8-cccb72509bb2', 'C.', 'III', 0),
	('73d81c88-d040-4e46-9bac-cec9c27deeba', '8222146e-e877-40fe-8e2d-d922a3dad04b', 'C.', 'III', 0),
	('73e28712-2e8e-466b-9222-6609f268bd47', 'ba1ad3fd-fa9f-4849-9de8-aeefa564f0ac', 'A.', 'I', 0),
	('7426a4af-f3e2-4d40-83a6-6b66c7fc9ad8', '2cfe4ab7-8af3-424b-9f7e-683c8018cf17', 'D.', 'I ,II', 0),
	('753547d8-76bc-42c3-8bac-afeb540a2c9b', '6f8d16e5-148f-4933-8653-098a4c2d3a22', 'B.', 'II', 0),
	('754fc4b6-eb55-41f0-94f1-0ab6225d49bd', '905eeaf1-f7d8-44bd-bcab-59ac9a8a92ac', 'C.', 'III', 0),
	('75771493-f870-496e-80c0-f53628874cc9', '4e83886a-eecf-42b9-a4c0-f37def354bd5', 'A.', 'I', 0),
	('75a57cbe-289e-475c-bf5b-99553d26c8bb', '7be6ce27-5618-426e-b34c-94790a73491e', 'D.', 'I ,II', 0),
	('7602bedc-85fd-42ae-a65b-cfc7aea36e39', '7a57c796-da71-4df3-bd54-4bd186311a1c', 'D.', 'I ,II', 0),
	('7610cb10-9ebf-4ce5-8cf8-489d22226cb5', '1cc4c153-3e89-4805-ba01-d84a30e31ed4', 'D.', 'I ,II', 0),
	('7663dee7-e9b9-413d-8c30-44b13e45b0d2', '7a57c796-da71-4df3-bd54-4bd186311a1c', 'A.', 'I', 0),
	('769f28a9-9b77-477a-9803-9e1a66221a01', '72b065ef-2edd-40ea-8247-d8158f1d4f33', 'A.', 'I', 0),
	('76aae4f8-25fb-432a-93d2-b63fe431e3cc', '7442c990-6eca-4997-ad95-b1b475af84e7', 'B.', 'II', 0),
	('77677de9-ccb1-4dd8-9f91-d3fbfe20ea3c', '281ee0de-06dc-49df-8b23-95de48fc8c56', 'C.', 'III', 0),
	('786b8640-beaf-40d4-b6c2-192a9fb314cf', '3056d35a-fe4c-415c-b6b7-49a46efad269', 'A.', 'I', 0),
	('78761135-7330-40c2-a319-3e76994875f8', 'b0f698de-a1f5-421d-9fe0-baecbf767176', 'C.', 'III', 0),
	('78808326-8ed2-487c-813e-647539f0196d', 'a909326a-807e-434a-84f0-c4a0bc88e5f9', 'A.', 'I', 0),
	('78b4aa02-72c8-4b67-98d0-a19635318855', '7d0edbd5-b1a6-4f18-837d-1e714f76756d', 'D.', 'I ,II', 0),
	('78dbd53f-c1da-4e25-baf4-6102a5516018', 'a93dfc9c-f5f2-4c52-a872-1e4a25716f59', 'B.', 'II', 0),
	('79006688-cbc3-48ef-af6c-4b8b105bc666', '1f5a00f6-a320-4aef-8553-dc452fb77482', 'D.', 'I ,II', 0),
	('7a51099a-474b-4f51-b342-bc0de995eea0', '7f3f0fc9-0462-48f6-8bc2-8c70eed2681b', 'C.', 'III', 0),
	('7aa7bb5d-ca67-440f-9877-9aae3c2d158c', '9835947b-9d88-45e0-ab2c-169cc2d589a6', 'A.', 'I', 0),
	('7ad14280-3c14-41af-aced-63af333acf95', 'e8a39939-387d-4269-a969-3f6537913a3d', 'A.', 'I', 0),
	('7ae54ae0-0d58-4a11-8dd4-1b4ff9dd4b22', 'c60c2133-b856-4308-93a1-5b22ba65b0db', 'D.', 'I ,II', 0),
	('7b2de0be-e3a3-42af-9eee-9a700df9793d', 'e29158a6-6fa5-459c-bd8e-b0ae950bb83e', 'A.', 'I', 0),
	('7b52607c-acce-4192-bfaa-cbdb89cb92f8', 'dd74892b-df87-4e32-99dc-cfb0f1b695a2', 'A.', 'I', 0),
	('7b5c0368-4209-4e6c-b7bc-fe5d0da7a37c', 'db26953e-7789-4df6-89c6-606e34756754', 'C.', 'III', 0),
	('7b79e081-8975-48f8-97f3-654993246f39', '281357e2-9dcb-435e-a368-2f409c92173c', 'D.', 'I ,II', 0),
	('7bbd02a1-7567-4b9e-ac95-d5a3ad3ad135', '021799d2-05c6-47cb-b498-bca73ed0ca79', 'A.', 'I', 0),
	('7bc03e82-0bc0-479b-ac0c-c1dca5ca9cec', 'e29158a6-6fa5-459c-bd8e-b0ae950bb83e', 'D.', 'I ,II', 0),
	('7c4706ee-1a7a-4563-acce-c97f5051b527', '6a542e75-52e2-4759-9b65-364096a05ec4', 'D.', 'I ,II', 0),
	('7cef2373-6e94-4810-b2bd-e564ea47e876', 'dadd430d-d3d6-44f7-be36-a5137b0903fe', 'B.', 'II', 0),
	('7dab9133-7627-4ce3-af9d-1f4f2ac64e53', '919f53f4-4f6c-4be0-9c77-ff9256cd62cf', 'C.', 'III', 0),
	('7dcf0533-63c1-4f4b-a270-23c27b8b6cdd', '1b65c332-1267-4677-ae5a-1ccdc0e9ec3e', 'C.', 'III', 0),
	('7dd35143-e488-47fb-ab0c-0e758f7a22c0', '21864afd-c858-4af5-b53e-7a34c5053dcd', 'A.', 'I', 0),
	('7de29037-5efa-4af3-9bdc-5a67e10add01', 'd30dc269-00e5-4dc0-9193-28da17aac611', 'C.', 'III', 0),
	('7e01362a-05ca-4e2b-a0b0-f64c27dd79f3', 'eee9303d-7956-4e14-a87e-c12c6237eec6', 'C.', 'III', 0),
	('7e06b899-fc78-4599-a120-1f4154a44ca2', '1a989fd6-9feb-40e6-850b-9664fea4d5cc', 'A.', 'I', 0),
	('7e2e8eac-d76a-4dde-a89d-370eb400b31e', 'd705e20a-91a0-4387-bec5-16a81873736e', 'C.', 'III', 0),
	('7e3df6fe-5cd5-44fe-8362-eb3aa54159ab', '72b065ef-2edd-40ea-8247-d8158f1d4f33', 'C.', 'III', 0),
	('7e710064-8baf-4657-850b-619339166518', 'c823a166-5d4b-4948-8a66-5dd963bda8d3', 'D.', 'I ,II', 0),
	('7e98b755-133a-4807-97e4-d2c878b9a02b', 'e0512c97-2ec7-41d9-a25a-11cff5a6ecb2', 'B.', 'II', 0),
	('7eae74cf-a630-40c5-854d-154a87a09fee', '5194178e-bb04-4b35-af8c-375b708067f4', 'A.', 'I', 0),
	('7ee4cc67-e45a-4041-aa20-9b5d4b1ebf61', '76c64255-961e-4acc-8485-a3df6b52c70e', 'B.', 'II', 0),
	('7eeb6606-b634-40d7-ab6d-84eba12bcf69', 'bad762b4-6ffe-4755-90f0-992ae9160680', 'C.', 'III', 0),
	('7f0ab1f3-f12a-430f-b0ad-610b669cea89', '6beccacd-6925-46ec-bdc8-7168d4675b55', 'A.', 'I', 0),
	('7f0fa145-2f6b-4acd-a582-766d343646bb', 'ab4c94b2-d171-43a3-a3d2-72ebc9377eaa', 'C.', 'III', 0),
	('7f51db0a-caff-4481-9d6d-c54627b25b9f', 'a4dde26f-084c-4ba1-a12a-19bd31c68996', 'D.', 'I ,II', 0),
	('7f581bf9-c5be-4952-b92e-32c4fe401b05', '7442c990-6eca-4997-ad95-b1b475af84e7', 'C.', 'III', 0),
	('7fc13747-e4c8-45b1-b27f-bbdae8fbcc76', 'dfd10c36-4760-4529-9221-561be383c96a', 'C.', 'III', 0),
	('803f45ce-43e9-4deb-be26-62bbdfbb1b4b', '46d0087b-4002-4e6f-a329-7481731714a6', 'B.', 'II', 0),
	('80c232a3-f683-4e2b-90a1-5e61e4d3a4fc', '9dd1a856-33a6-4219-9188-6aa2af02a61d', 'B.', 'II', 0),
	('8122b750-f484-4d0c-a4ae-e29ba06f9e9c', 'dfef5a4f-34e2-4fb2-a44b-3cd17d1bfb1d', 'D.', 'I ,II', 0),
	('813120d8-c8c1-417d-bb13-7016cedb4fba', 'e44c8828-4205-497f-a7a0-371226d21d8b', 'A.', 'I', 0),
	('8154eb8c-d874-49d1-9490-3706b79a9d3d', '1b1fc1be-66fd-4911-8759-c62e67d4f9d0', 'D.', 'I ,II', 0),
	('8156facc-266b-4d2e-ac74-66cff6615921', '72b065ef-2edd-40ea-8247-d8158f1d4f33', 'D.', 'I ,II', 0),
	('81896fa0-17dc-4c84-ae31-5b6216283361', '25f5b3e9-e3c9-4124-b59e-6012504425a2', 'A.', 'I', 0),
	('82418335-8d02-4403-82ac-8e29a61ba3ec', '48407731-a42a-49e6-ac94-4ffb19949096', 'B.', 'II', 0),
	('826fba57-7963-47d5-8267-90c1b770264b', '83fbac4f-251a-42f5-ba63-7377ea61a029', 'D.', 'I ,II', 0),
	('82dd55e7-fca0-47db-b34e-30e83195ce9a', '47d141c8-666d-4f3e-a4ec-432193745249', 'C.', 'III', 0),
	('8307aae5-f91b-4e90-8e8a-c2e0206bbdd0', '2bff3470-ee95-4bd0-9cdd-80d417c42293', 'D.', 'I ,II', 0),
	('831407f5-1198-4fcf-8cdb-6b8c7d681be8', 'b0f698de-a1f5-421d-9fe0-baecbf767176', 'B.', 'II', 0),
	('83987b3f-94bc-44bc-bc40-acd21f821181', '21864afd-c858-4af5-b53e-7a34c5053dcd', 'B.', 'II', 0),
	('84fd9a8c-9b03-4cba-8f1c-6e2d209453ff', '9fe24c37-e6f1-4f5a-88fc-35fd6e7149b2', 'B.', 'II', 0),
	('8521fabf-4847-4fe2-b304-9270220b22ab', 'cebdf912-f40b-4537-8d24-44b2dd8885ce', 'D.', 'I ,II', 0),
	('85255c15-1357-4c96-9dfd-6a63618c9eb5', '47407bef-427c-47ed-ae0d-c7f03c01f432', 'B.', 'II', 0),
	('854c60ac-d7ae-4a8f-b13c-a112e759998c', 'b0f698de-a1f5-421d-9fe0-baecbf767176', 'A.', 'I', 0),
	('859611af-0d23-4263-9883-d71d46b31938', 'f0ac4d1f-fce1-458f-881d-da0f603dfc4d', 'D.', 'I ,II', 0),
	('85a00539-a6e4-4261-8f27-d59804d004e4', 'ba1ad3fd-fa9f-4849-9de8-aeefa564f0ac', 'B.', 'II', 0),
	('85a86a67-e91a-4e4a-942c-04b2755cb6c6', '7f3f0fc9-0462-48f6-8bc2-8c70eed2681b', 'D.', 'I ,II', 0),
	('85bc028a-2259-4f5f-85c3-2dc69e27d5a5', '8254589b-4df7-425f-977d-2d92bf692942', 'C.', 'III', 0),
	('85c3b585-cb73-492a-8ca9-658bb41188d0', 'b37835b1-4286-44bc-88f3-e9718a454d10', 'A.', 'I', 0),
	('85f05a94-108b-4f54-9637-4a74de1c4e75', 'db26953e-7789-4df6-89c6-606e34756754', 'A.', 'I', 0),
	('85faa9d5-40f3-4c14-b712-2bd80fcdbe1e', '7e8e22db-a3ab-45c8-9d97-f22e0f6b73fb', 'C.', 'III', 0),
	('862d78ee-6db0-4cd7-8917-43428ca61e00', '9fce3525-41c5-4a49-a6e5-6d8ba0e2741c', 'A.', 'I', 0),
	('86555e11-557d-4c28-a4a1-b232e1cb40ad', '7012d673-46cf-40f9-81ef-217cfacbc285', 'A.', 'I', 0),
	('866da35b-f112-4192-84ad-30cc6bf3ba58', '36b7b848-cb12-4a4f-887c-62b9575b8e04', 'C.', 'III', 0),
	('86976724-bd6e-4f6e-8056-d805be948ba0', '504e6f53-8cd9-4589-9976-5335bc0c961c', 'B.', 'II', 0),
	('86a0f9cf-ec8b-45d2-9976-987a251d1739', 'ba1ad3fd-fa9f-4849-9de8-aeefa564f0ac', 'D.', 'I ,II', 0),
	('86fd6984-09d9-4d35-9c94-c6f8e140a95a', 'b3b2eb7f-4d42-4102-bc10-acaa748196b5', 'C.', 'III', 0),
	('87126447-2dc1-4b14-9c2e-bb80ba0d4aa2', '6960701d-b7e6-4554-8266-510a1e08da27', 'B.', 'II', 0),
	('8718cc83-efc4-4b9e-8da0-57c2a665c736', '1371629e-c370-4f2c-b811-db0b1d7cb789', 'D.', 'I ,II', 0),
	('87e5f431-cf30-4998-b35a-25a2c5c5ddf7', '3b325d81-ea03-4f2f-a73d-8c93b3eb46f3', 'B.', 'II', 0),
	('88010248-fa6c-4196-85ca-8055835035b4', '48407731-a42a-49e6-ac94-4ffb19949096', 'A.', 'I', 0),
	('889f46b5-4160-40b7-b8b5-4aa61c0b47d9', '2bff3470-ee95-4bd0-9cdd-80d417c42293', 'B.', 'II', 0),
	('8969db7a-c5ed-4b19-8882-60f864adf153', 'a85a84d6-fdca-4051-8004-8ed140c13005', 'A.', 'I', 0),
	('898382f8-3da4-4b80-9496-2e3f78bed054', '5c1e15b0-2ce4-4994-bfc7-a1b681b23132', 'D.', 'I ,II', 0),
	('89840601-f4ac-44aa-a5a7-fbb192ce29d7', '8f59ff6a-4d79-4190-8605-265fce75aa1a', 'C.', 'III', 0),
	('89d20765-163a-4b02-8bc4-a4ef2832d6af', 'd1761637-c187-439a-9377-604e2be25857', 'B.', 'II', 0),
	('8a762a4d-8e13-4058-a5b2-f4783d54a90d', '3bd8ab8b-7126-4953-a5d8-cccb72509bb2', 'B.', 'II', 0),
	('8b27d016-8ce9-49bc-ba7e-a7c50a3f6bc9', '611549bb-c36c-4f6f-950c-d241183e06cb', 'B.', 'II', 0),
	('8b38c327-7e65-470f-8b5b-42b62fc616ca', '4aac312f-ec45-4219-a318-6581aa1aaa2d', 'C.', 'III', 0),
	('8b63e0e5-acaa-40a0-a49a-fc66fc0fe1fd', '76c64255-961e-4acc-8485-a3df6b52c70e', 'C.', 'III', 0),
	('8b7bfede-3ebf-493e-abee-a1b44c211f69', '31f6324b-cd77-48fc-ad43-33ffeba77418', 'C.', 'III', 0),
	('8b8c1a9b-601c-402c-87c1-33953aeafda3', 'cde7645f-71f0-487b-b767-21edbdf3dff6', 'B.', 'II', 0),
	('8bd7318c-e075-4a59-8d3f-e1da23ec254f', 'c4dc57d4-d184-4e25-bdd3-90ed7821c103', 'B.', 'II', 0),
	('8bdf734d-9e25-4934-804e-fc854d43edbe', 'd9dbf5f3-f051-40e9-bbf2-a0f935de03df', 'D.', 'I ,II', 0),
	('8c327cbc-94a3-49d7-a1d5-c7748e03e860', 'a4e9cae6-5ff7-4811-9f11-757072b23709', 'C.', 'III', 0),
	('8c6a4f90-a695-49c4-a6c6-197aac65b6fc', '6a542e75-52e2-4759-9b65-364096a05ec4', 'B.', 'II', 0),
	('8c70abf2-a5ca-41c1-ba41-680e102a7000', '707dca7b-9274-494a-8cb3-6da3bbe34663', 'C.', 'III', 0),
	('8da16f94-f097-46de-8e95-d39d679769e4', '919f53f4-4f6c-4be0-9c77-ff9256cd62cf', 'A.', 'I', 0),
	('8e1938f4-5695-48ce-9170-54bc16c2cf77', 'cd88a6b6-5b62-4c27-a2ef-b5615d0a64ed', 'D.', 'I ,II', 0),
	('8efe0813-5967-4fb5-9db7-1709172d1402', '9c6ccd35-c7da-4de1-868c-a759e86aaf01', 'B.', 'II', 0),
	('8fb7282b-ef4d-4688-a0d7-b09b1a6b77b5', '076cb78e-b692-4a1b-8ddc-c7d60453f307', 'D.', 'I ,II', 0),
	('91336352-2168-4d9f-9876-c5dd9328377b', '565bb0c0-38bd-4c77-8d7c-0c19299a262b', 'B.', 'II', 0),
	('91b3c59a-85cd-4540-9eea-a5e1de04353c', 'd6c74054-c734-4e12-814f-25acdc14491c', 'A.', 'I', 0),
	('91f6f4d7-1e71-480b-9331-33b72e30e65d', '9c6ccd35-c7da-4de1-868c-a759e86aaf01', 'A.', 'I', 0),
	('920a7f23-c3d4-459c-9fd3-a6515f99d19c', 'd9dbf5f3-f051-40e9-bbf2-a0f935de03df', 'A.', 'I', 0),
	('92305a75-223f-4c9d-84dd-37fd9c7d58fd', '1eae827f-53eb-4aff-9173-e59866c15885', 'D.', 'I ,II', 0),
	('929a85c0-6ce4-4b02-a708-35185b10a253', '95e44775-313e-4064-ad46-34321b4b2ae2', 'C.', 'III', 0),
	('92a72fcd-7099-4684-956f-c65be75a1e52', '57ab84a5-a363-4b1e-adf3-d530036cca2d', 'A.', 'I', 0),
	('92aa97e6-0d41-41e8-9df7-09e7bb751def', '847ba660-e72f-45bc-b9e3-4ff877544ee0', 'A.', 'I', 0),
	('92b58b99-7b4b-4d8f-bc99-ee0590770026', '0bfd5e20-4e48-4120-a3f9-cb0262dfdd54', 'A.', 'I', 0),
	('92ba7f73-228e-47ba-b122-465fedaf1369', '85e8fb60-400f-459d-b680-3b249d828faf', 'C.', 'III', 0),
	('92c05120-a4b2-4821-9e14-0804856f6e9e', 'bfaa193d-eb95-4445-86b5-eabc5a8c9249', 'C.', 'III', 0),
	('92d9ee52-fa39-4519-9022-1d335ac5dd35', 'a93dfc9c-f5f2-4c52-a872-1e4a25716f59', 'A.', 'I', 0),
	('930293c3-3b68-4197-b566-57b820e1ace5', '07c7c0e5-4f74-4d45-ab9d-f2f6e51b1e0d', 'B.', 'II', 0),
	('932db013-257d-4f60-9403-12ab67af274e', '87b34701-52c7-4176-80f7-60ad31916028', 'B.', 'II', 0),
	('934a10ca-0ed9-4dfe-8874-236c8fc820ae', '7c9696aa-b050-4819-b293-e99f96ee7bc1', 'A.', 'I', 0),
	('93e0c876-22f8-4d23-a483-be8c2165fb61', '00b63f5c-5ba9-4442-8e95-5cb8c2df1513', 'D.', 'I ,II', 0),
	('93f6272f-ae3a-4865-b645-c4771d51ab4f', 'c823a166-5d4b-4948-8a66-5dd963bda8d3', 'C.', 'III', 0),
	('940d3c0c-22ca-43b9-9a91-2989b065e559', 'be9e6afb-2c64-4ad3-a73a-aae9edec57e0', 'B.', 'II', 0),
	('9422a164-8e5c-40f8-8035-ba75a430e28a', '2d5ca541-2c10-478c-b827-7dffdab7fe5d', 'B.', 'II', 0),
	('94594a03-6a58-43bd-ba0c-5a4ad8cd8a00', 'bb9802f6-4ae1-4d6e-b77b-95c06bb9a8b3', 'C.', 'III', 0),
	('945a03b7-6d97-4cbf-b8e0-91af0acd8652', '281ee0de-06dc-49df-8b23-95de48fc8c56', 'B.', 'II', 0),
	('94879b3b-84d8-4570-98cf-61b1b5ddaeac', 'c9d333f3-7ea3-4557-a4c5-b1c720311b36', 'C.', 'III', 0),
	('9502f412-5c2f-465f-953f-122174f6c691', '6a1e30e9-eec5-4b41-baf6-fccc68911ffc', 'B.', 'II', 0),
	('9503e48b-cd6f-406e-b184-5fe81a0b2bb2', '13833cd2-9016-4ebe-8694-b7a662c3c238', 'A.', 'I', 0),
	('9522f093-63d5-40b7-be5c-50e4dc778ee1', '4d4e893d-a852-410d-849c-57a7f82502bf', 'C.', 'III', 0),
	('954bcb28-e3df-4925-9c04-7e0c6f005bcf', '1b1fc1be-66fd-4911-8759-c62e67d4f9d0', 'A.', 'I', 0),
	('95843b67-c9bc-40de-81d5-660bbac4ead7', '11bad18e-b0a2-41f7-92c8-6583cf6cf710', 'A.', 'I', 0),
	('95d2c1e3-9e32-4568-84f8-a264dc93b3c8', 'cbecce7a-53d6-49ed-8603-a71b4c1f0029', 'C.', 'III', 0),
	('95d72d52-50c1-420b-ab6b-594712b684d3', 'd30dc269-00e5-4dc0-9193-28da17aac611', 'D.', 'I ,II', 0),
	('95e9599a-1354-4325-bce7-d8da06360938', 'e50f4a08-9d4d-4349-b4e6-334afcbad182', 'C.', 'III', 0),
	('96060492-40e4-47a5-8a70-22406b2727ab', '847be165-01f1-4135-9a22-da2bdc7e94ee', 'A.', 'I', 0),
	('96539192-b1bd-4ad9-9ee0-bbb3106f934e', '93b2df14-8e72-45fc-ab3b-b1f2f256d648', 'D.', 'I ,II', 0),
	('965aba13-9c16-4e72-af69-cd663b9ce8b5', '3a8610f0-9429-4be0-881a-46b77062ee3d', 'D.', 'I ,II', 0),
	('9715ad57-22a3-4874-8b3b-871bc91ca685', 'e8a39939-387d-4269-a969-3f6537913a3d', 'B.', 'II', 0),
	('971f1f6d-5c04-4151-8a45-f24fdf3d8bc8', '46d0087b-4002-4e6f-a329-7481731714a6', 'C.', 'III', 0),
	('9722612e-0423-4980-9586-2a32fb40a1fb', '6b8eb715-8e60-4365-9eae-07864d792f93', 'A.', 'I', 0),
	('973517c0-306c-4a68-aad0-150c5fbbc678', 'c953d795-9724-4d38-b291-73522a64b334', 'B.', 'II', 0),
	('97833f48-4688-4dff-8e76-73dd22036b8b', 'bb04aa0b-e532-411b-b84c-37aeb7b57809', 'C.', 'III', 0),
	('97f9d480-e2c5-4439-84f0-2eab9ba2b0ac', '21864afd-c858-4af5-b53e-7a34c5053dcd', 'C.', 'III', 0),
	('981fb43d-ac41-40dc-95e9-7272a39c3bbb', 'ab4c94b2-d171-43a3-a3d2-72ebc9377eaa', 'A.', 'I', 0),
	('983c65cb-e13d-426e-9db0-c1206c042dbb', 'b2d02768-f9ed-434a-a3fb-cd6c59996d47', 'A.', 'I', 0),
	('989f3860-1cdd-4d6e-809a-60d89b6706ec', 'f9cdd96c-15df-4b05-8524-fbf6aaf39949', 'B.', 'II', 0),
	('98b44136-c6bd-4362-9f05-430f5df1438c', '00b63f5c-5ba9-4442-8e95-5cb8c2df1513', 'C.', 'III', 0),
	('98b6fb45-b365-4a9d-97f1-f637647536a1', 'f80265eb-aad8-4aff-b378-02cd80e2eb2c', 'B.', 'II', 0),
	('98d9ae20-f6be-4fce-acbf-dd009e2e50e8', '1a989fd6-9feb-40e6-850b-9664fea4d5cc', 'B.', 'II', 0),
	('98e240de-175f-4a16-9289-6e4cdfedf275', 'a85a84d6-fdca-4051-8004-8ed140c13005', 'D.', 'I ,II', 0),
	('98f9a6f4-6d97-4d03-9816-3da9948a38d2', 'f06316a2-c4f0-4b19-a049-2434b9e17701', 'D.', 'I ,II', 0),
	('998a5776-755f-4c8e-b535-b462465279e2', '121f2dd4-e3e7-4bdd-900d-9bc7f946eb91', 'A.', 'I', 0),
	('99a26f04-e1ff-4f0e-86d5-66df742b5e6d', '7012d673-46cf-40f9-81ef-217cfacbc285', 'C.', 'III', 0),
	('9a7e079e-2b91-4857-916a-b4ec32625696', '61c6c953-2c3e-4e55-be76-808fa301bb86', 'D.', 'I ,II', 0),
	('9a89ac6b-ed75-4e2c-b202-06e5a057bc4e', 'a2dc4566-a746-46ee-adcc-272214139396', 'D.', 'I ,II', 0),
	('9b07ffb1-a694-4605-9fdf-d4fa72fb079e', '1b1fc1be-66fd-4911-8759-c62e67d4f9d0', 'C.', 'III', 0),
	('9b349dfe-0350-4cf4-94a3-71cf90a23c09', '1bab4b0f-a3de-4f1c-92cd-44b42c402171', 'D.', 'I ,II', 0),
	('9b65a6d6-76c0-4ec3-b5d6-05f230db7d08', 'c6c4b7f7-d2bc-4e08-89c3-feaaadf310f4', 'B.', 'II', 0),
	('9b740462-31aa-48cd-881c-c0ac7825e834', 'fa374469-6bc9-461e-9dc3-eda45bdb49fb', 'D.', 'I ,II', 0),
	('9ba455e3-9b23-4535-8199-430167d571b4', '780ff0b7-dc85-4b3e-a336-7e71e96545d2', 'C.', 'III', 0),
	('9bbd215e-b5ff-4a76-a7d9-3283a538f642', 'c5545e80-e7c7-4879-9106-7fe6f1be17e0', 'C.', 'III', 0),
	('9bc5f9f7-25f2-4fbc-a7d0-11731e64c64e', 'e24ce4a5-3d9a-498c-87d2-16b73ecf448b', 'B.', 'II', 0),
	('9bcbfb25-0de0-41bc-9fde-bd3070838d7c', 'c4dc57d4-d184-4e25-bdd3-90ed7821c103', 'D.', 'I ,II', 0),
	('9c0a26ac-d9ce-4f0f-9a16-4b1bccdec1db', '5f59bb51-27f9-4e54-8bbf-5e4053d4350e', 'C.', 'III', 0),
	('9c236819-3682-4c10-a6cb-05d3162667b0', 'd805981d-f949-4fc5-8a1d-4a57840b4273', 'D.', 'I ,II', 0),
	('9ca93af8-bb4c-48a7-96f7-d423d36c7d11', '23683c2d-15a4-4b59-97e7-e1d5272ec3c8', 'C.', 'III', 0),
	('9cbdf687-7afd-4038-8dda-a6dfda8c1946', '928d09bd-dbfd-42e9-9d19-fcec9fd8a062', 'D.', 'I ,II', 0),
	('9d17ac37-e764-4650-91f3-aa679adef519', 'c5545e80-e7c7-4879-9106-7fe6f1be17e0', 'D.', 'I ,II', 0),
	('9d5e0a3d-cac2-4d33-9851-7bafbcd029bc', '731d0463-8100-4a3b-8b52-b5dc88afc0d7', 'B.', 'II', 0),
	('9d997c46-164f-446e-8725-9e24ae3f23e5', '85e8fb60-400f-459d-b680-3b249d828faf', 'A.', 'I', 0),
	('9e03f569-b2e4-4bd6-9fc0-5a3a0f3bbf76', 'afb5cb57-5af0-429a-a665-cdeb601c5d11', 'B.', 'II', 0),
	('9e25b8ef-78ea-4917-8e56-5ea7b2fbc760', '39b43f3d-2509-4e4a-9b9e-9887465e7fe0', 'C.', 'III', 0),
	('9e75811f-9717-4973-a343-87e9a571269d', 'dfd10c36-4760-4529-9221-561be383c96a', 'D.', 'I ,II', 0),
	('9e86ccf8-aba0-4924-b6b0-c5f080663171', '7e8e22db-a3ab-45c8-9d97-f22e0f6b73fb', 'B.', 'II', 0),
	('9ef097dc-ec46-489d-9079-dd6c4d95d6a4', '25f5b3e9-e3c9-4124-b59e-6012504425a2', 'D.', 'I ,II', 0),
	('9ef2d5aa-3274-486b-9ddc-5cfd3f880118', '8d02f87b-2cd9-4268-b76f-3037ca320a5a', 'A.', 'I', 0),
	('9f132053-724f-4687-ac19-86d9f06c7e94', 'b2a93da8-3260-435b-bcb9-47f83574ac4c', 'D.', 'I ,II', 0),
	('9f1f99f1-150e-48a9-80ba-6ddf8e69ca06', 'b9e03279-3d98-479d-a3da-3a756c2de7dd', 'C.', 'III', 0),
	('9fea34bd-7093-4635-8b0f-2be068c530a7', 'd68927fa-89d4-4caa-abb6-529f9c2845e6', 'A.', 'I', 0),
	('a0bbfab8-89fe-43d7-a974-8600e45358cb', 'ecc4fc40-a19b-408f-bdea-6b766c10a4a9', 'D.', 'I ,II', 0),
	('a0cdcb0c-19a2-478b-83ff-e3fb4f59acef', '3056d35a-fe4c-415c-b6b7-49a46efad269', 'B.', 'II', 0),
	('a0df255f-4fde-45a1-829e-83fab4633701', 'e4be2d6d-880f-4e35-83a0-aeb4216ae8a8', 'B.', 'II', 0),
	('a0eab61f-f722-41a9-b68b-43edc246fb34', '6a1e30e9-eec5-4b41-baf6-fccc68911ffc', 'C.', 'III', 0),
	('a11e9dfe-7ef6-4d6b-a93a-c71869571f28', '7ad73d71-5a28-40d0-85f9-0afe7f266a40', 'B.', 'II', 0),
	('a1a7c177-a503-4f7f-821d-e4438021af6c', '7ee1b2c2-a06f-469f-b562-5f1f4549a630', 'B.', 'II', 0),
	('a1f6a940-036f-41fd-97e5-2202ae3d2848', 'd6c74054-c734-4e12-814f-25acdc14491c', 'C.', 'III', 0),
	('a2083d96-6598-49c3-8e33-c7aaddd6c27b', '9a932ef0-1520-4bf0-a581-0c8eb1ee1243', 'D.', 'I ,II', 0),
	('a25ea6c7-1792-451b-a1d0-88044831dadb', 'd4a0cba4-d353-4b1f-9530-e8d3c83c67a0', 'C.', 'III', 0),
	('a290787f-e386-4b8a-89f7-8da777b831dd', '57ab84a5-a363-4b1e-adf3-d530036cca2d', 'D.', 'I ,II', 0),
	('a2d841d3-f102-46c4-8452-4a21adbcac68', 'afb5cb57-5af0-429a-a665-cdeb601c5d11', 'D.', 'I ,II', 0),
	('a2dbfb93-8c9c-466c-b4c2-7ae0bb019571', '3d9f7c8f-ac58-4e76-9980-836e61f61538', 'C.', 'III', 0),
	('a2f49d16-03b7-4980-92c9-501bc89cb883', '6a56ae2e-97d4-40ac-bb0a-8207e7516efd', 'D.', 'I ,II', 0),
	('a38ad1f5-559b-4bd9-8d59-f819577775d6', '6beccacd-6925-46ec-bdc8-7168d4675b55', 'C.', 'III', 0),
	('a3b24ba5-cd99-4ad6-b01f-5160c95f91d5', '079089e5-81ec-4153-8d89-0e03ffcbd95a', 'A.', 'I', 0),
	('a3e4a7ea-78f9-41fd-aa7a-d6bbeca312a7', '8f59ff6a-4d79-4190-8605-265fce75aa1a', 'B.', 'II', 0),
	('a496dc97-12e4-4622-a0f7-1ed689520d2e', '4aac312f-ec45-4219-a318-6581aa1aaa2d', 'B.', 'II', 0),
	('a4c25e27-94f8-431d-82ef-ee43f5999c2e', 'ee7271d7-6cba-4671-b52f-08af429d698d', 'C.', 'III', 0),
	('a603db30-7a94-4774-b189-26f907799498', '021799d2-05c6-47cb-b498-bca73ed0ca79', 'D.', 'I ,II', 0),
	('a68e2e96-0f63-4bac-a9c3-a163c7993588', '6960701d-b7e6-4554-8266-510a1e08da27', 'C.', 'III', 0),
	('a7547878-da32-4fa6-9608-a60a953969cd', '95e44775-313e-4064-ad46-34321b4b2ae2', 'D.', 'I ,II', 0),
	('a830680e-a42e-449c-a62a-7405a0931c77', '73e8ef15-fe7b-4943-a15e-79efebb65470', 'A.', 'I', 0),
	('a8527e48-cbb8-4965-93b9-a49e36c16999', '4e83886a-eecf-42b9-a4c0-f37def354bd5', 'D.', 'I ,II', 0),
	('a87e2ca5-0374-4e89-8894-cf65e96960f5', '56e86046-1c1f-4870-aee5-6a205884a852', 'A.', 'I', 0),
	('a9195ffa-68e9-4159-9368-45064b914284', '3558a42d-3ed6-406d-b2be-975d00c9c77f', 'C.', 'III', 0),
	('a94cd464-f2b5-420e-86f7-190352a47c2f', 'c030a717-4572-40ee-be35-c90a91396e8f', 'B.', 'II', 0),
	('a99ae4e0-3766-429f-a07d-3c9c2f8a7c81', '4d4e893d-a852-410d-849c-57a7f82502bf', 'A.', 'I', 0),
	('a9b3d87b-3802-42ba-8174-22aab5a2b607', '928d09bd-dbfd-42e9-9d19-fcec9fd8a062', 'B.', 'II', 0),
	('aa28c08a-3ac6-4c22-a054-50030a3b652e', 'd705e20a-91a0-4387-bec5-16a81873736e', 'D.', 'I ,II', 0),
	('aa7d2560-52cb-4416-ac0a-697ef93f5550', 'e44c8828-4205-497f-a7a0-371226d21d8b', 'D.', 'I ,II', 0),
	('aae888fe-8255-4973-9225-9e75119a179e', '9c6ccd35-c7da-4de1-868c-a759e86aaf01', 'D.', 'I ,II', 0),
	('aaee72ce-57c8-4559-be2d-bb8c24c78702', '6b8eb715-8e60-4365-9eae-07864d792f93', 'B.', 'II', 0),
	('ab20e764-a1a9-49ea-bc31-eb09581bae87', 'f085b81e-b6d1-4912-8469-63ceb6edaccf', 'B.', 'II', 0),
	('ab31fd37-5f49-4014-8cf9-fd124f2094fa', 'd1e4acac-0004-4f52-9db6-7e50a5cb82ff', 'C.', 'III', 0),
	('ab628d75-313f-4028-b9a1-7a08a7b5d0a3', '02de3a7e-9bd2-47c5-951f-a2fd03b18245', 'B.', 'II', 0),
	('ab9f7d63-4ca1-49c2-910f-9197479b9b9e', '46d0087b-4002-4e6f-a329-7481731714a6', 'D.', 'I ,II', 0),
	('ac10a05c-b1d1-48bd-97b9-eee8f67f0ad6', 'd15895fa-e7be-4952-aab5-50f962798426', 'C.', 'III', 0),
	('ac2be1eb-e280-42e7-b797-44d707c5f50b', '7f3f0fc9-0462-48f6-8bc2-8c70eed2681b', 'B.', 'II', 0),
	('ac4f1f0e-4835-480e-846a-a909a8cd173e', 'beae11c2-2df7-4fc3-84e7-eb4f94fe4ce4', 'C.', 'III', 0),
	('acc68103-2d21-4523-bc36-372703e948d6', '99abb453-1e28-41f3-bf61-b58b30568413', 'D.', 'I ,II', 0),
	('ad05751f-dd03-4cf3-89ee-cdc9d3c5ef13', '3bd8ab8b-7126-4953-a5d8-cccb72509bb2', 'D.', 'I ,II', 0),
	('ad9059de-fead-4d62-80fe-7b2d3a8d781b', '4a3064ad-a08a-46c7-9db9-a74c793a86e7', 'B.', 'II', 0),
	('ad9fab6b-41de-49c6-86cd-9c668fe859ec', 'eea2380d-a925-4442-86f9-d08d5d915172', 'B.', 'II', 0),
	('ae0b155e-8297-4849-83c1-dc51d8009d3d', '6d54c60a-4a05-4ff2-9401-2512ebea6f29', 'A.', 'I', 0),
	('ae1b2d6e-b1d9-4cb2-a244-211adfdb591a', '731d0463-8100-4a3b-8b52-b5dc88afc0d7', 'C.', 'III', 0),
	('ae332445-102a-4330-a4b0-0178135f05b2', '2b6522cd-e8b7-4251-9e7a-c22b6d236210', 'C.', 'III', 0),
	('ae5f30c5-eceb-47df-8705-acfeaf26adc8', '31f6324b-cd77-48fc-ad43-33ffeba77418', 'B.', 'II', 0),
	('af056cb7-4b26-486e-a252-5d8c673f2775', 'fc98f944-c438-4393-b648-e42a73023d3d', 'A.', 'I', 0),
	('af12282f-35f9-4cd7-aeae-765bbc235913', '6b8eb715-8e60-4365-9eae-07864d792f93', 'C.', 'III', 0),
	('af1f8387-1961-434e-b0fa-ce70c4acfd98', 'dd8105d8-7a0e-4994-be69-9b1b7fdff9fb', 'D.', 'I ,II', 0),
	('af349de8-f081-4a4c-9e44-11baa7af15a5', 'd6a76af7-3148-4f69-998a-ce09a7035619', 'B.', 'II', 0),
	('af7ca929-56b1-4790-b20e-21dfd026c752', '1a989fd6-9feb-40e6-850b-9664fea4d5cc', 'D.', 'I ,II', 0),
	('afa5e1eb-81ba-4537-b139-e0a4e79bb97d', 'b39c55c2-9a0d-4bf9-b953-12c4bfedd1b5', 'C.', 'III', 0),
	('afb37b34-161d-434d-814d-772ddd4dd792', '9573863e-5d15-44a2-8824-4d9bded2f428', 'D.', 'I ,II', 0),
	('afbb6934-9989-4bb6-b888-5013d3d585d5', '88fba4ee-7d6d-4d1a-be3e-bb4492f36f4d', 'C.', 'III', 0),
	('b027562d-f4ba-44e3-adea-ad2d2c523452', '57ab84a5-a363-4b1e-adf3-d530036cca2d', 'B.', 'II', 0),
	('b027f66b-ee2b-4feb-a23a-7b87dda40c63', '37ac2ede-c35e-458d-9e7f-fc61008a5184', 'D.', 'I ,II', 0),
	('b037842a-94d4-48c0-bc68-eedab65d976e', '1bab4b0f-a3de-4f1c-92cd-44b42c402171', 'C.', 'III', 0),
	('b057c0a1-77e7-4ef0-9f1d-0501c05a0434', 'fc98f944-c438-4393-b648-e42a73023d3d', 'B.', 'II', 0),
	('b06f2ef5-5a9b-41a5-b13d-db8ff72f5d5a', '83fbac4f-251a-42f5-ba63-7377ea61a029', 'C.', 'III', 0),
	('b0b562b5-99d5-4576-8d3e-b413ac4e2b5a', '281ee0de-06dc-49df-8b23-95de48fc8c56', 'D.', 'I ,II', 0),
	('b0d2e71a-f9b0-4591-ac57-1dc013ab9ed8', 'c6b1ba3d-31a6-4bf0-b9d9-aa2c8c3395b0', 'D.', 'I ,II', 0),
	('b0da16a5-6fae-4b5c-b3ce-87a2e4fb1922', 'fc98f944-c438-4393-b648-e42a73023d3d', 'D.', 'I ,II', 0),
	('b0f60f12-e2f1-45ca-8374-ad58ff2d818e', '2cfe4ab7-8af3-424b-9f7e-683c8018cf17', 'A.', 'I', 0),
	('b141e74b-63c4-4be5-b9bc-b4f9d1340e59', 'cbecce7a-53d6-49ed-8603-a71b4c1f0029', 'D.', 'I ,II', 0),
	('b1e42b87-23e7-460e-918d-872978ca09c6', '4d74032b-3472-4693-9ead-b76a102aeb9f', 'A.', 'I', 0),
	('b24a6ba4-71ba-4ddd-a066-351311952f67', 'eb43832c-f0a4-4237-b7ad-34276de4b5c8', 'A.', 'I', 0),
	('b280a6b3-21d9-4b54-913c-b12b70e0e5c0', '9a932ef0-1520-4bf0-a581-0c8eb1ee1243', 'C.', 'III', 0),
	('b355eb65-3d56-4f02-a2f4-36528f18d182', '6e604d13-78ee-42a3-820f-0d4a41506ce2', 'A.', 'I', 0),
	('b36212d7-40d3-47c9-8ea1-554503dbb1cb', '87b34701-52c7-4176-80f7-60ad31916028', 'D.', 'I ,II', 0),
	('b36bb87e-22a4-4008-b0f0-fa45e176a8f5', 'be9e6afb-2c64-4ad3-a73a-aae9edec57e0', 'C.', 'III', 0),
	('b39de8ad-e89c-49f9-a26b-af3b69fb374d', 'cb4d141d-7b2e-44d9-93ad-30b32a5f20a8', 'C.', 'III', 0),
	('b3f96399-3281-4d39-ad34-8f1cb954333d', 'e8a39939-387d-4269-a969-3f6537913a3d', 'C.', 'III', 0),
	('b4788cd8-d7d8-47ee-a217-4f11d7058e26', '4a3064ad-a08a-46c7-9db9-a74c793a86e7', 'A.', 'I', 0),
	('b4892f35-3f26-4dba-ac05-6f5395d6d688', 'd6a76af7-3148-4f69-998a-ce09a7035619', 'A.', 'I', 0),
	('b4beea4c-8895-4b69-93cd-6b17c0029e5e', 'a909326a-807e-434a-84f0-c4a0bc88e5f9', 'C.', 'III', 0),
	('b4cd99c2-408d-452c-9676-a9426b3aa8b9', '079089e5-81ec-4153-8d89-0e03ffcbd95a', 'D.', 'I ,II', 0),
	('b5395781-a59a-4811-8028-4f34a8085823', '121f2dd4-e3e7-4bdd-900d-9bc7f946eb91', 'D.', 'I ,II', 0),
	('b56fcba2-8b4d-4505-a953-2857f38d9c43', '6960701d-b7e6-4554-8266-510a1e08da27', 'A.', 'I', 0),
	('b60da965-6786-4bd3-ba66-6eefeeb66c3b', 'a41cf6a5-f25d-4599-9325-eb877664b935', 'D.', 'I ,II', 0),
	('b6151186-ab31-40db-aa4e-517041e1d62d', '7c9696aa-b050-4819-b293-e99f96ee7bc1', 'D.', 'I ,II', 0),
	('b615bcbf-6ced-4ed0-ade9-d7b2b7492dd9', 'b9e03279-3d98-479d-a3da-3a756c2de7dd', 'D.', 'I ,II', 0),
	('b692e707-e081-4de9-800e-59737a4c1b74', 'cd88a6b6-5b62-4c27-a2ef-b5615d0a64ed', 'A.', 'I', 0),
	('b6dd5f03-b138-4d41-8204-c5885bf89b52', '7ad73d71-5a28-40d0-85f9-0afe7f266a40', 'A.', 'I', 0),
	('b7b793f4-9681-4535-83d8-5657810a8545', 'f13ab1fa-3674-41ef-a595-bf633e197092', 'A.', 'I', 0),
	('b7bd4c09-43f8-4c4a-9f96-207e030b4c40', '7d0edbd5-b1a6-4f18-837d-1e714f76756d', 'C.', 'III', 0),
	('b7bd78c5-3a6a-40d5-aabd-aae60ea1f752', '1196867a-935b-4342-8892-2bb5f6d5e83b', 'D.', 'I ,II', 0),
	('b7c0c84d-e3f6-4633-b519-6ee96757dbc4', 'd1e4acac-0004-4f52-9db6-7e50a5cb82ff', 'A.', 'I', 0),
	('b7c3b6ed-2687-44e5-b463-7acaf316bdc9', '4a3064ad-a08a-46c7-9db9-a74c793a86e7', 'D.', 'I ,II', 0),
	('b83c9c2e-dfa7-4f4b-95e7-acacee6c9e12', '9b7f29fa-9201-4a3a-83b5-364bb43e142a', 'A.', 'I', 0),
	('b8a7aec0-375c-4f84-8da4-892ce7c0db16', 'fbe90590-3cf8-46b7-b461-13a289a7203a', 'A.', 'I', 0),
	('b8cd7b85-368e-40fe-989f-cf8751f14c6a', 'e29158a6-6fa5-459c-bd8e-b0ae950bb83e', 'C.', 'III', 0),
	('b9471bfc-b113-4a07-8782-416fa1045d53', 'fa739fa8-b4e2-4683-b7f8-5e5906880172', 'D.', 'I ,II', 0),
	('b9ecf17f-78a3-4736-be66-d4e4ad110d59', 'e50f4a08-9d4d-4349-b4e6-334afcbad182', 'D.', 'I ,II', 0),
	('b9f08603-7e59-4180-9583-4d2d2d2d35f1', '802be9eb-95a4-48e6-b537-7809a077ba98', 'A.', 'I', 0),
	('b9f08c3a-baff-4452-a14b-2ba3077378c4', 'c9d333f3-7ea3-4557-a4c5-b1c720311b36', 'D.', 'I ,II', 0),
	('ba052377-5853-471c-8892-5a7056101e68', 'e996e531-e07d-40b3-85a7-12bee09c9613', 'C.', 'III', 0),
	('ba3ebf0c-a828-4c98-be10-c4ed852e5a34', 'dfef5a4f-34e2-4fb2-a44b-3cd17d1bfb1d', 'B.', 'II', 0),
	('ba4d0db9-a76f-432a-ab18-9525f6bf8098', '99abb453-1e28-41f3-bf61-b58b30568413', 'B.', 'II', 0),
	('ba52651a-786d-48f4-af44-02c52ca9366c', 'e24ce4a5-3d9a-498c-87d2-16b73ecf448b', 'C.', 'III', 0),
	('ba5e5d60-d9f7-4ee7-8efd-d2d61d05346f', '4e83886a-eecf-42b9-a4c0-f37def354bd5', 'B.', 'II', 0),
	('ba9c77ce-e516-4bd1-81d1-68bcdb82ab90', '2dcf1147-4798-4664-ba7c-96501490485b', 'D.', 'I ,II', 0),
	('bad5a988-8ae2-4fb0-afe4-db75ef0a8b9a', '12ce7127-3ca2-4dff-8275-5c7974b04f0a', 'B.', 'II', 0),
	('bad8a287-147a-478f-ac78-6a9476db37e9', '12ce7127-3ca2-4dff-8275-5c7974b04f0a', 'D.', 'I ,II', 0),
	('bc142762-7839-4a35-9b82-2927307df8bc', '7082e193-c3be-4855-85f0-72a1099dd05a', 'C.', 'III', 0),
	('bca7888c-d32e-4c8f-b2f8-1f9abaa2a355', '80f9536b-adb3-4981-92c2-3c4cb6332f88', 'C.', 'III', 0),
	('bd1edee8-72e6-4153-836c-6706fd7013f9', '96e3f017-99ce-4391-8685-3341dd78f1c8', 'B.', 'II', 0),
	('bd94888b-53fc-4a6a-a28a-5140d1550792', '9b7f29fa-9201-4a3a-83b5-364bb43e142a', 'D.', 'I ,II', 0),
	('bda6c2ab-97d6-4fd8-8c62-c98dd8a28421', '1c12bff1-056b-4de7-bc0e-d4a86c304218', 'A.', 'I', 0),
	('bda7dce2-8cca-479d-a9ab-22e391bdd5b9', '7e8e22db-a3ab-45c8-9d97-f22e0f6b73fb', 'A.', 'I', 0),
	('be40e1de-2ffc-4b2c-87c6-f433f5078ceb', '11bad18e-b0a2-41f7-92c8-6583cf6cf710', 'B.', 'II', 0),
	('be4fc051-b0e0-4b76-962b-ef4304eb16eb', '5d28848e-4eb8-49ef-b633-47bc145aae60', 'D.', 'I ,II', 0),
	('be967e35-3b1b-4c78-bc61-1cebe721f9b5', '9fce3525-41c5-4a49-a6e5-6d8ba0e2741c', 'D.', 'I ,II', 0),
	('be96ee15-3bf2-4c16-b62a-c0576ec50331', '828da09b-6650-4fe1-a176-1704c66fe075', 'C.', 'III', 0),
	('bec4e50c-9ef1-49ac-afca-f2f891868341', '3a6c1e62-1f93-4745-885e-afc2f25fd13d', 'A.', 'I', 0),
	('bed0198b-6b0d-484b-b88b-ef822cf32494', '547e742e-e394-49f5-a576-85f655ef0114', 'C.', 'III', 0),
	('bed28860-2c04-4222-be9d-4a9b4918fe30', 'eb43832c-f0a4-4237-b7ad-34276de4b5c8', 'D.', 'I ,II', 0),
	('bed93ab9-823d-468a-bfc9-abbcbba5da39', 'fbe90590-3cf8-46b7-b461-13a289a7203a', 'B.', 'II', 0),
	('bf1725b8-2ecc-454d-bfe9-b659946c15e5', 'e0512c97-2ec7-41d9-a25a-11cff5a6ecb2', 'C.', 'III', 0),
	('bf82ee7f-cbef-4e8f-b891-fbb144b39d56', 'c775cbc8-59f8-4f57-b37d-7d0bdea85caa', 'D.', 'I ,II', 0),
	('c02853b3-228a-4c15-8c7a-6e2e0e8e8e58', '076cb78e-b692-4a1b-8ddc-c7d60453f307', 'A.', 'I', 0),
	('c0924d2b-7d6e-4ee3-87d2-6694e8600efc', '99abb453-1e28-41f3-bf61-b58b30568413', 'A.', 'I', 0),
	('c0926862-0d1b-4ddc-aa06-30d9a19928ba', 'dadd430d-d3d6-44f7-be36-a5137b0903fe', 'A.', 'I', 0),
	('c0dc9313-fa16-426c-8985-a9eca8a56d67', '7082e193-c3be-4855-85f0-72a1099dd05a', 'D.', 'I ,II', 0),
	('c0e216ad-054e-4210-aa7c-ff3229807113', '780ff0b7-dc85-4b3e-a336-7e71e96545d2', 'A.', 'I', 0),
	('c138e02c-9f30-4969-86fc-4b20e71e2691', 'a4dde26f-084c-4ba1-a12a-19bd31c68996', 'B.', 'II', 0),
	('c153f130-2e57-487c-9cbf-456f77c2b183', 'b3b2eb7f-4d42-4102-bc10-acaa748196b5', 'D.', 'I ,II', 0),
	('c1bdcd15-6041-4ee4-878f-0d6d280b1f22', 'c030a717-4572-40ee-be35-c90a91396e8f', 'C.', 'III', 0),
	('c1e7ca8e-8d8c-489a-b446-9dd28b723244', 'b3b2eb7f-4d42-4102-bc10-acaa748196b5', 'A.', 'I', 0),
	('c22b9654-4529-4ad2-b8ff-0a5a12e08ff3', '828da09b-6650-4fe1-a176-1704c66fe075', 'B.', 'II', 0),
	('c2c6117a-9886-40bc-ae56-8feb16f6181b', '5973e16a-d8f1-41db-970f-5a462411fbb3', 'A.', 'I', 0),
	('c350644a-3920-45fb-99c2-b2270dd3b944', '780ff0b7-dc85-4b3e-a336-7e71e96545d2', 'B.', 'II', 0),
	('c362a1ad-dbfc-47b9-80cd-558efa6e3cc3', 'f9cdd96c-15df-4b05-8524-fbf6aaf39949', 'D.', 'I ,II', 0),
	('c3a5d1f6-fee5-4182-9e0f-0b00ba7c4d5e', '8c8cb8fb-de8a-4219-a888-b0d4cbad3738', 'B.', 'II', 0),
	('c3eb99d8-57ac-45b1-8a20-88df55a26190', 'e8215af9-7926-4b7e-9b68-e496b0209514', 'B.', 'II', 0),
	('c45a65b3-45e4-47ad-a33d-03ff5edb2070', 'a93dfc9c-f5f2-4c52-a872-1e4a25716f59', 'D.', 'I ,II', 0),
	('c4903cc5-9943-4c50-ad2f-c3c68b599e24', '2b6522cd-e8b7-4251-9e7a-c22b6d236210', 'D.', 'I ,II', 0),
	('c4fe3292-c3c7-4e69-afcd-1890e3281bdc', '6f8d16e5-148f-4933-8653-098a4c2d3a22', 'A.', 'I', 0),
	('c5728299-7ac5-493b-a96d-b3df742f2bc3', '1196867a-935b-4342-8892-2bb5f6d5e83b', 'C.', 'III', 0),
	('c59e9bed-3cbe-45c6-b6c3-8427ad795c65', '3558a42d-3ed6-406d-b2be-975d00c9c77f', 'B.', 'II', 0),
	('c6f1d3ef-750d-480d-9588-754160819c3b', '3bd8ab8b-7126-4953-a5d8-cccb72509bb2', 'A.', 'I', 0),
	('c70ddc72-7720-4fd7-8b75-076cfd1d2f30', '2d5ca541-2c10-478c-b827-7dffdab7fe5d', 'D.', 'I ,II', 0),
	('c726edd9-b9bb-498c-9b52-d7bcbd16b0f9', '2cfe4ab7-8af3-424b-9f7e-683c8018cf17', 'C.', 'III', 0),
	('c766049e-03c5-445f-a0d8-2220f86e2c2d', 'fbc8792f-cb5d-46d7-a45e-86c43427b2bb', 'D.', 'I ,II', 0),
	('c76e988a-6664-47d1-a237-8c3e21fb57d8', '731d0463-8100-4a3b-8b52-b5dc88afc0d7', 'D.', 'I ,II', 0),
	('c7b44b02-76e3-4df4-b637-368753a00683', '281ee0de-06dc-49df-8b23-95de48fc8c56', 'A.', 'I', 0),
	('c81cd73d-9aa5-4bab-aacb-8f5df892d9f6', 'cde7645f-71f0-487b-b767-21edbdf3dff6', 'D.', 'I ,II', 0),
	('c8b766b6-7c40-4d86-bb43-831ba9d919df', '6e604d13-78ee-42a3-820f-0d4a41506ce2', 'B.', 'II', 0),
	('c8c13d47-6318-4888-9af9-68af64d925ff', '6d8edc4d-43da-444d-ba6f-bd3b475d9c9a', 'B.', 'II', 0),
	('c8d66dc0-59c4-475f-aa48-24e7c87e328f', '565bb0c0-38bd-4c77-8d7c-0c19299a262b', 'A.', 'I', 0),
	('c94222e0-ef9a-4a7e-984a-8469aadb095a', '7442c990-6eca-4997-ad95-b1b475af84e7', 'D.', 'I ,II', 0),
	('c9e36cda-abd5-4468-81bf-e498930a4a5a', '7d0edbd5-b1a6-4f18-837d-1e714f76756d', 'B.', 'II', 0),
	('c9f70fe3-1776-492c-9113-b911742f3cb2', 'e0512c97-2ec7-41d9-a25a-11cff5a6ecb2', 'D.', 'I ,II', 0),
	('cad06c1c-47cb-44b9-b84d-be00960d8469', '7936f816-50a8-44a7-bf4b-dbdd7593af47', 'B.', 'II', 0),
	('cb0bc40a-e2cf-413f-bea9-c59dd1cad915', '9219c4ce-399f-4b91-ae04-36dcb239949d', 'C.', 'III', 0),
	('cb5f9b48-9746-4515-b917-5ff04ab3caff', 'f7de005e-555b-4543-a531-18116388314d', 'A.', 'I', 0),
	('cb6081ff-4296-4e1d-ad0a-13c31647a491', 'd4a0cba4-d353-4b1f-9530-e8d3c83c67a0', 'D.', 'I ,II', 0),
	('cb8df9d9-6bae-4a3a-869e-e588b0c3dcce', '7d0edbd5-b1a6-4f18-837d-1e714f76756d', 'A.', 'I', 0),
	('cb9ead84-aee2-4f7c-a398-8002fa2184ae', 'ed119cc8-4b92-4ccd-9704-8f5c6be0c590', 'C.', 'III', 0),
	('cbdae80e-7c55-4707-9305-c09de78c9ffb', '707dca7b-9274-494a-8cb3-6da3bbe34663', 'B.', 'II', 0),
	('cbfca96d-0b4c-4c1b-9e3e-4fa967542071', '5b2aad23-69a6-4119-a025-37c26610fec3', 'D.', 'I ,II', 0),
	('cc7477f1-2d0d-4ddc-a211-10a387d6493a', 'a909326a-807e-434a-84f0-c4a0bc88e5f9', 'D.', 'I ,II', 0),
	('cc761b36-45b0-485c-83ab-190b842568fd', '57ab84a5-a363-4b1e-adf3-d530036cca2d', 'C.', 'III', 0),
	('ccd5a89c-45a8-4160-a319-2cd1d37eb519', '9573863e-5d15-44a2-8824-4d9bded2f428', 'A.', 'I', 0),
	('ccf245df-9e7e-4926-bac3-d38a7d0ab7c6', '2b6522cd-e8b7-4251-9e7a-c22b6d236210', 'B.', 'II', 0),
	('cde3945c-0c39-4f9d-ae84-3d950b7af70b', '6d8edc4d-43da-444d-ba6f-bd3b475d9c9a', 'D.', 'I ,II', 0),
	('cdeb478d-02cd-46d8-8ef0-b65f06ed6750', '8f59ff6a-4d79-4190-8605-265fce75aa1a', 'D.', 'I ,II', 0),
	('ceac57df-d235-4f5d-9859-24780a4eb478', 'e996e531-e07d-40b3-85a7-12bee09c9613', 'A.', 'I', 0),
	('ced5e10d-5be2-41d7-ac9b-0552734803a8', 'fa739fa8-b4e2-4683-b7f8-5e5906880172', 'C.', 'III', 0),
	('cedb7353-5e86-48a6-b973-d1781b4ed610', '928d09bd-dbfd-42e9-9d19-fcec9fd8a062', 'C.', 'III', 0),
	('cf4ecf1f-731f-4015-8e81-8883604cf21f', 'cd88a6b6-5b62-4c27-a2ef-b5615d0a64ed', 'C.', 'III', 0),
	('cf794351-5c62-45ad-a017-11abe1bcad67', '96e3f017-99ce-4391-8685-3341dd78f1c8', 'A.', 'I', 0),
	('cf9e7003-742c-4400-9bac-eb82a13615ae', 'cb4d141d-7b2e-44d9-93ad-30b32a5f20a8', 'D.', 'I ,II', 0),
	('cfd02c0e-90bc-40ad-b5a1-a688466b1584', '5b2aad23-69a6-4119-a025-37c26610fec3', 'C.', 'III', 0),
	('d00324a2-440c-4b4e-9a68-1eff7d7435f1', 'fbe90590-3cf8-46b7-b461-13a289a7203a', 'D.', 'I ,II', 0),
	('d017a8f7-da33-4f41-b20e-55d925a2518a', '61c6c953-2c3e-4e55-be76-808fa301bb86', 'B.', 'II', 0),
	('d01d7e3f-e9e5-433a-a49b-32ff32cf734c', '4a3064ad-a08a-46c7-9db9-a74c793a86e7', 'C.', 'III', 0),
	('d030a347-b14f-4d5c-a9d4-4da36e117a1c', '504e6f53-8cd9-4589-9976-5335bc0c961c', 'C.', 'III', 0),
	('d037d6f8-93b3-4ef8-99dc-19ae6e6a4b23', '6d8edc4d-43da-444d-ba6f-bd3b475d9c9a', 'A.', 'I', 0),
	('d0768993-cb75-4561-b9ea-4886c3ab402b', '73e8ef15-fe7b-4943-a15e-79efebb65470', 'D.', 'I ,II', 0),
	('d0df157d-6fe2-4327-9678-0a5c8d077c6e', 'd1fef2d7-dcd8-4519-ad14-1bca7739766c', 'B.', 'II', 0),
	('d118770d-5beb-4194-ab3a-9c9abb47a73c', '41f3379b-d8bd-4ac9-95e2-53f188c960fd', 'B.', 'II', 0),
	('d126dfd4-e7b4-4f92-b739-ddbf3702717e', 'a41cf6a5-f25d-4599-9325-eb877664b935', 'C.', 'III', 0),
	('d1a3f2c8-5448-4b00-93de-a2544d334d9f', 'e4be2d6d-880f-4e35-83a0-aeb4216ae8a8', 'D.', 'I ,II', 0),
	('d1b4fa3c-3b37-4a77-bef1-12f16fe1fe4b', 'be9e6afb-2c64-4ad3-a73a-aae9edec57e0', 'A.', 'I', 0),
	('d1e4e851-efbd-4dd9-a3f1-4964e7f16abd', '5f59bb51-27f9-4e54-8bbf-5e4053d4350e', 'D.', 'I ,II', 0),
	('d2163b52-1a71-4f29-873c-1abb6cf1392d', 'eb43832c-f0a4-4237-b7ad-34276de4b5c8', 'B.', 'II', 0),
	('d23a8e35-ac47-4406-8b1d-b136b4f70559', '82535e1f-37c0-4ed0-9296-d5a5ad91e72e', 'B.', 'II', 0),
	('d2500e17-d6c4-4698-8c65-a086fcdc9619', '48407731-a42a-49e6-ac94-4ffb19949096', 'D.', 'I ,II', 0),
	('d2609730-5dc7-415b-b97e-eb323746cba9', '4aac312f-ec45-4219-a318-6581aa1aaa2d', 'A.', 'I', 0),
	('d2c8a370-c590-4b38-88dc-15b2bf11631b', 'f7de005e-555b-4543-a531-18116388314d', 'C.', 'III', 0),
	('d2ca8a41-e9a1-448e-8f12-13975d2f3c06', '5b2aad23-69a6-4119-a025-37c26610fec3', 'A.', 'I', 0),
	('d2e831bc-1f35-4d30-b9e7-cca0fabb3ba5', '1eae827f-53eb-4aff-9173-e59866c15885', 'A.', 'I', 0),
	('d2ee9e6d-347f-4ef8-bf5f-85783bd3d9af', 'c953d795-9724-4d38-b291-73522a64b334', 'A.', 'I', 0),
	('d3ca346f-c262-4346-85fe-84f6a1ce614d', 'e2113dd9-d6a3-4b9c-83a9-1171384b96d6', 'C.', 'III', 0),
	('d40daf2c-a7bb-44b0-9069-72218a71baa7', 'c6b1ba3d-31a6-4bf0-b9d9-aa2c8c3395b0', 'C.', 'III', 0),
	('d5337e35-87da-4d15-b301-ebde69cf7833', 'dd74892b-df87-4e32-99dc-cfb0f1b695a2', 'D.', 'I ,II', 0),
	('d54c2277-f526-4369-90b5-e4bcbbaf738c', '5c968922-625e-402a-8b2b-7a90facb11a8', 'D.', 'I ,II', 0),
	('d5b11dc3-8fcc-4daf-a001-c8fa3548eeed', 'c6b1ba3d-31a6-4bf0-b9d9-aa2c8c3395b0', 'B.', 'II', 0),
	('d5b95270-2628-4eaf-9244-269f43345f66', '611549bb-c36c-4f6f-950c-d241183e06cb', 'D.', 'I ,II', 0),
	('d5bfd7b2-6059-44a0-8fa9-9964b2e5c2cf', '9835947b-9d88-45e0-ab2c-169cc2d589a6', 'B.', 'II', 0),
	('d6386d80-e730-4523-97e1-b38a257ef309', '80f9536b-adb3-4981-92c2-3c4cb6332f88', 'A.', 'I', 0),
	('d63a7720-d567-47d0-93df-3c4a96d6db3b', '3d9f7c8f-ac58-4e76-9980-836e61f61538', 'B.', 'II', 0),
	('d6470374-a576-4c45-8bdd-3fed480cb403', '3a6c1e62-1f93-4745-885e-afc2f25fd13d', 'C.', 'III', 0),
	('d7293eb0-1bcc-47d3-b176-182f9428da0f', '1eae827f-53eb-4aff-9173-e59866c15885', 'B.', 'II', 0),
	('d74fb11e-fa89-446d-a12f-e3840c0abba3', '41f3379b-d8bd-4ac9-95e2-53f188c960fd', 'A.', 'I', 0),
	('d7d5783f-bb8f-4012-bde0-1295b39e1716', '6a542e75-52e2-4759-9b65-364096a05ec4', 'A.', 'I', 0),
	('d7e31978-9920-4428-97d3-d9a8a2626d45', 'bc8dbe06-67c4-4674-9071-3b20afb67b39', 'B.', 'II', 0),
	('d887ecc5-6173-4d97-830b-256ff3fc97b0', 'dd8105d8-7a0e-4994-be69-9b1b7fdff9fb', 'B.', 'II', 0),
	('d89c3dc4-19e6-4631-8070-e690e9c750c1', 'ce70f689-ed8f-419f-b19e-17197407bd40', 'A.', 'I', 0),
	('d8b86273-3969-4ef3-b379-dc575fa7a8b0', '565bb0c0-38bd-4c77-8d7c-0c19299a262b', 'D.', 'I ,II', 0),
	('d959b8d4-8794-45c4-befc-61e0a30a465a', 'dfd10c36-4760-4529-9221-561be383c96a', 'A.', 'I', 0),
	('d98d64f8-67aa-4650-86d1-757fcc67f116', 'a4dde26f-084c-4ba1-a12a-19bd31c68996', 'A.', 'I', 0),
	('da00a1e1-f247-4334-b4bc-0ee4dd235414', '12ce7127-3ca2-4dff-8275-5c7974b04f0a', 'A.', 'I', 0),
	('da421e86-a1d2-4515-844b-7a9261e941e6', 'b2a93da8-3260-435b-bcb9-47f83574ac4c', 'B.', 'II', 0),
	('da5612ce-0aeb-4b8b-8c65-ae0c101d6a6b', 'd4a0cba4-d353-4b1f-9530-e8d3c83c67a0', 'B.', 'II', 0),
	('da5eb8dd-893e-4389-8a89-ad9579891c9e', '11bad18e-b0a2-41f7-92c8-6583cf6cf710', 'C.', 'III', 0),
	('da65d8d8-f03c-462c-9f79-1247d0c20918', '21864afd-c858-4af5-b53e-7a34c5053dcd', 'D.', 'I ,II', 0),
	('da69bcaa-7818-4bf8-9d29-832819322db3', 'd4a0cba4-d353-4b1f-9530-e8d3c83c67a0', 'A.', 'I', 0),
	('da82e2a3-ae11-45c0-81f6-3edec30efb69', 'bfaa193d-eb95-4445-86b5-eabc5a8c9249', 'B.', 'II', 0),
	('dab80aa0-2524-4db4-8f7c-e169cfd7d55e', 'a4e9cae6-5ff7-4811-9f11-757072b23709', 'B.', 'II', 0),
	('db65d8d2-56af-427a-bffd-9f4d5986df41', 'f0ac4d1f-fce1-458f-881d-da0f603dfc4d', 'A.', 'I', 0),
	('dc5706fb-6124-49b5-b7ba-20283a0b894c', 'e50f4a08-9d4d-4349-b4e6-334afcbad182', 'B.', 'II', 0),
	('dcb700b4-67b7-4014-a771-782f9092c527', '3558a42d-3ed6-406d-b2be-975d00c9c77f', 'D.', 'I ,II', 0),
	('dd2ddac3-cb12-4413-b44c-3d853924ab7e', '6f8d16e5-148f-4933-8653-098a4c2d3a22', 'C.', 'III', 0),
	('dd3c94fb-0be2-4956-870b-0c4c6477b813', '99abb453-1e28-41f3-bf61-b58b30568413', 'C.', 'III', 0),
	('dda803da-f489-4b00-bf50-18b8b8e8d6ff', 'f7de005e-555b-4543-a531-18116388314d', 'D.', 'I ,II', 0),
	('de84da7a-f518-41e7-902e-cec5fa65bdab', '5d28848e-4eb8-49ef-b633-47bc145aae60', 'A.', 'I', 0),
	('dec919f7-d67d-41f4-950f-df0493896f97', '082034b9-8979-48dd-8fdc-df3d16d29cd4', 'B.', 'II', 0),
	('df1fe276-f60c-4bc7-8701-7ac6677613a2', 'e996e531-e07d-40b3-85a7-12bee09c9613', 'B.', 'II', 0),
	('df2abbbc-9404-4d62-a715-cfb1c10ce033', 'c3351f3b-126f-4b84-8d03-c4d8c503302a', 'B.', 'II', 0),
	('df2ae87f-1983-40f5-b07b-46eea9f98ae0', '53695470-f28d-488d-bd3c-377ba93d9e65', 'A.', 'I', 0),
	('df57230e-582e-4542-9800-33a35e9c4bff', '5e195c4a-ca54-4bb5-9ffe-1ba8cffd1894', 'D.', 'I ,II', 0),
	('dfcb87ca-8c3b-4909-a93c-44e847483b7a', 'cde7645f-71f0-487b-b767-21edbdf3dff6', 'C.', 'III', 0),
	('dfe56212-0b50-4019-8cfc-35df9f047fba', 'ee7271d7-6cba-4671-b52f-08af429d698d', 'A.', 'I', 0),
	('dffbf43c-5385-440a-bc9c-18595b30caed', 'c5545e80-e7c7-4879-9106-7fe6f1be17e0', 'A.', 'I', 0),
	('e0a20385-9fca-46d0-94ce-055922905ce4', '366783eb-3523-4d35-a80c-d82ee108ceeb', 'C.', 'III', 0),
	('e0bea91f-6447-413b-8497-ed8646ca6359', '0bfd5e20-4e48-4120-a3f9-cb0262dfdd54', 'D.', 'I ,II', 0),
	('e0e93b33-dd06-49ae-98f9-6d2ad0fdcd52', '9dd1a856-33a6-4219-9188-6aa2af02a61d', 'A.', 'I', 0),
	('e0f93a8e-ea66-4ea7-a2b4-c80f89799c98', 'd1e4acac-0004-4f52-9db6-7e50a5cb82ff', 'B.', 'II', 0),
	('e192c734-e2ab-4505-a4bb-292d9a881bb2', 'fa374469-6bc9-461e-9dc3-eda45bdb49fb', 'C.', 'III', 0),
	('e1b358a7-9aa1-4e70-9421-6cfa7869feb2', '9219c4ce-399f-4b91-ae04-36dcb239949d', 'A.', 'I', 0),
	('e2348841-2e30-42cf-8ec6-387bc6b846c1', '1196867a-935b-4342-8892-2bb5f6d5e83b', 'B.', 'II', 0),
	('e244dd4d-1a7a-4b73-96e1-c77ad21ac616', 'c5545e80-e7c7-4879-9106-7fe6f1be17e0', 'B.', 'II', 0),
	('e24e09e1-5f03-4bad-a8cb-949ef846d96e', 'e8215af9-7926-4b7e-9b68-e496b0209514', 'C.', 'III', 0),
	('e28e7f93-2b37-4686-85e4-0f717cd6bf7a', 'c823a166-5d4b-4948-8a66-5dd963bda8d3', 'B.', 'II', 0),
	('e2b0b06b-0b29-4fcb-9585-8a3de389b202', 'fbc8792f-cb5d-46d7-a45e-86c43427b2bb', 'B.', 'II', 0),
	('e2da1611-96eb-459c-ada6-0be3973c084b', '504e6f53-8cd9-4589-9976-5335bc0c961c', 'A.', 'I', 0),
	('e31aee92-5903-4e36-9d23-cea3abe925f6', 'c60c2133-b856-4308-93a1-5b22ba65b0db', 'A.', 'I', 0),
	('e33316ff-284f-4018-bafd-5513922e80b1', '707dca7b-9274-494a-8cb3-6da3bbe34663', 'A.', 'I', 0),
	('e3e9ad50-5656-4c3c-b626-8e9e8a318c86', '88fba4ee-7d6d-4d1a-be3e-bb4492f36f4d', 'B.', 'II', 0),
	('e40af759-a327-425c-ba91-6c306b330dfa', 'b2a93da8-3260-435b-bcb9-47f83574ac4c', 'A.', 'I', 0),
	('e47c359c-6736-4d94-95ab-f6cc358f3c41', '9fe24c37-e6f1-4f5a-88fc-35fd6e7149b2', 'D.', 'I ,II', 0),
	('e491e6e6-1466-4884-b34b-00f37f41ac22', 'c953d795-9724-4d38-b291-73522a64b334', 'D.', 'I ,II', 0),
	('e51346cf-9ef3-4099-9f48-4cfbd069980e', 'f197c90a-f6f2-4b9f-9973-153a3faf49ed', 'B.', 'II', 0),
	('e513b9f8-8e7d-4b2b-b423-a537f45f03c5', 'd68927fa-89d4-4caa-abb6-529f9c2845e6', 'C.', 'III', 0),
	('e55747b0-fdd3-4f52-9fac-b16815e7458f', 'f0ac4d1f-fce1-458f-881d-da0f603dfc4d', 'B.', 'II', 0),
	('e5857e97-7fb8-4667-9692-46ca59c37cff', 'b9e03279-3d98-479d-a3da-3a756c2de7dd', 'B.', 'II', 0),
	('e62cec42-74ec-469c-ba57-bc8a43c034ea', 'b37835b1-4286-44bc-88f3-e9718a454d10', 'B.', 'II', 0),
	('e6831e36-fbee-41b0-9c0f-725c2334bbbb', '07211e2f-0472-40ba-99fa-caca2fb07d38', 'C.', 'III', 0),
	('e69afcdf-9bf4-4a16-91a9-f2b22f5b2ec6', '96e3f017-99ce-4391-8685-3341dd78f1c8', 'C.', 'III', 0),
	('e6a442bc-1125-4f19-bc6e-19fbbcc99793', 'c6b1ba3d-31a6-4bf0-b9d9-aa2c8c3395b0', 'A.', 'I', 0),
	('e6beabcb-c0a7-479f-ac92-a5727627e08a', '828da09b-6650-4fe1-a176-1704c66fe075', 'A.', 'I', 0),
	('e6c7e932-74e8-445f-928f-eba764a0f515', '1bab4b0f-a3de-4f1c-92cd-44b42c402171', 'A.', 'I', 0),
	('e71c3f1b-d42b-45ce-b5b1-84d51ca0abaf', 'a85a84d6-fdca-4051-8004-8ed140c13005', 'C.', 'III', 0),
	('e73f19bf-1f5d-447c-8d18-974e2b81dfec', '47407bef-427c-47ed-ae0d-c7f03c01f432', 'A.', 'I', 0),
	('e73f645d-e5ff-44aa-a948-c31e0db3aa49', '76c64255-961e-4acc-8485-a3df6b52c70e', 'D.', 'I ,II', 0),
	('e75c212e-6150-4844-9d43-4cc2a25e984c', 'dd8105d8-7a0e-4994-be69-9b1b7fdff9fb', 'A.', 'I', 0),
	('e776241f-83b2-4f51-8fb8-94fda1430318', '5b2aad23-69a6-4119-a025-37c26610fec3', 'B.', 'II', 0),
	('e7cb88d6-5091-405e-84e5-9361d54898ef', '1b4a5cc0-ee0a-45b4-98c4-e6ad8e88ffbe', 'A.', 'I', 0),
	('e84cf2aa-1b8a-46a4-9957-a03ea2a6c2dd', '88fba4ee-7d6d-4d1a-be3e-bb4492f36f4d', 'D.', 'I ,II', 0),
	('e8f26fc9-19ca-4d84-a320-59daac833136', 'a3231a48-7822-496d-abab-5630e6fba82d', 'D.', 'I ,II', 0),
	('e91d9030-23dd-4995-8d0e-2f40c8479db1', 'dd8105d8-7a0e-4994-be69-9b1b7fdff9fb', 'C.', 'III', 0),
	('e9638c2a-1252-42e8-a781-586742e8c7a7', 'db26953e-7789-4df6-89c6-606e34756754', 'D.', 'I ,II', 0),
	('e971e093-9f41-4e4f-9ba5-74a42f06812b', 'cb4d141d-7b2e-44d9-93ad-30b32a5f20a8', 'A.', 'I', 0),
	('e9b0f069-53a6-4165-9fbf-5710c05b629c', '7c9696aa-b050-4819-b293-e99f96ee7bc1', 'C.', 'III', 0),
	('e9dc84e4-52ed-4ab9-93d7-b69bfdb21d2d', '3a8610f0-9429-4be0-881a-46b77062ee3d', 'C.', 'III', 0),
	('ead0753d-f31b-416f-8787-318c458e5c87', 'a85c9831-36f1-4fa7-89ad-11f83a7f979d', 'D.', 'I ,II', 0),
	('eb0e48fb-9c69-4c21-b251-878eaf785508', '7a57c796-da71-4df3-bd54-4bd186311a1c', 'B.', 'II', 0),
	('eb199a16-0c23-45f8-b3ed-113a38e0689a', '25f5b3e9-e3c9-4124-b59e-6012504425a2', 'B.', 'II', 0),
	('eb2c9e45-fa3a-483a-a0dc-ef665167020c', 'a3231a48-7822-496d-abab-5630e6fba82d', 'B.', 'II', 0),
	('ec3f8258-0c73-42a6-a124-c3737e10ee84', '5a2988f9-c94a-4616-b6d7-88747f0ad289', 'B.', 'II', 0),
	('ec4c34c3-1492-493f-8cce-e5f052f96a71', '4d4e893d-a852-410d-849c-57a7f82502bf', 'B.', 'II', 0),
	('ec7aee0f-36df-4b51-b86f-ef6430863c2b', 'db26953e-7789-4df6-89c6-606e34756754', 'B.', 'II', 0),
	('ec841b23-b075-4faa-bc5c-ddaa1a9264b4', 'ee298452-eb05-4e2f-bc24-c342c794e72c', 'B.', 'II', 0),
	('ece1b52e-c4b6-47bf-97b3-966d31a74f18', '6a1e30e9-eec5-4b41-baf6-fccc68911ffc', 'A.', 'I', 0),
	('ece9ab33-490f-47e1-89f7-71ef361ebaf6', '0bfd5e20-4e48-4120-a3f9-cb0262dfdd54', 'C.', 'III', 0),
	('ed1a540a-b0f9-4a82-8d4a-ac5a4a1865ec', '5c968922-625e-402a-8b2b-7a90facb11a8', 'C.', 'III', 0),
	('ed1d83c6-8449-436c-b279-7bee03359d15', '836c92ed-b7b4-434c-8148-1508ebb9fcf3', 'A.', 'I', 0),
	('ed485892-669b-43b4-ae7f-b34363c790bc', '2bff3470-ee95-4bd0-9cdd-80d417c42293', 'C.', 'III', 0),
	('ed7a544c-babf-433c-8466-f23b71adc2b0', '8e1364b1-5702-49bc-9c3c-5c891f3b396e', 'C.', 'III', 0),
	('ede3b395-eadd-4f4a-b1cd-35a3922ee417', '4d4e893d-a852-410d-849c-57a7f82502bf', 'D.', 'I ,II', 0),
	('ee5c4ee7-e2c9-42fb-b7d5-8594aad9e22d', '93b2df14-8e72-45fc-ab3b-b1f2f256d648', 'A.', 'I', 0),
	('ee7cb216-ce0f-45c9-9db3-43a265db02a0', 'b9e03279-3d98-479d-a3da-3a756c2de7dd', 'A.', 'I', 0),
	('eeacb6e3-13f5-420c-b955-46e10ff89180', 'b39c55c2-9a0d-4bf9-b953-12c4bfedd1b5', 'D.', 'I ,II', 0),
	('eeba5b86-8c28-48e2-b9a0-07824e215010', 'a41cf6a5-f25d-4599-9325-eb877664b935', 'B.', 'II', 0),
	('eec51fab-9ec1-443d-b214-46c0844076dc', '6a56ae2e-97d4-40ac-bb0a-8207e7516efd', 'A.', 'I', 0),
	('effc6ff9-a45b-4a28-95ea-ec3545c811ee', '547e742e-e394-49f5-a576-85f655ef0114', 'B.', 'II', 0),
	('f0016da9-e2f1-43e0-8621-6e01f6147d37', 'bedc7047-50ef-43df-adcb-9c4bfc6d697c', 'A.', 'I', 0),
	('f048030b-b39d-4969-82ba-e520bc952e68', 'd705e20a-91a0-4387-bec5-16a81873736e', 'B.', 'II', 0),
	('f084bbf6-fbb7-4313-b91d-2787c05457a3', 'd30dc269-00e5-4dc0-9193-28da17aac611', 'A.', 'I', 0),
	('f0ca7d2b-3e72-4024-b3d8-e205656fe572', 'ee298452-eb05-4e2f-bc24-c342c794e72c', 'D.', 'I ,II', 0),
	('f0e1c87e-e305-4cba-ab4e-fa93f12bab87', '2dcf1147-4798-4664-ba7c-96501490485b', 'A.', 'I', 0),
	('f17b8b24-e07b-4c2f-a7df-4b900c1cb495', 'f13ab1fa-3674-41ef-a595-bf633e197092', 'B.', 'II', 0),
	('f1811baa-9173-4d58-aace-6c7cd3ac53bb', '565bb0c0-38bd-4c77-8d7c-0c19299a262b', 'C.', 'III', 0),
	('f1d1a005-bc4f-472d-95a9-d8302823e3ef', '6d54c60a-4a05-4ff2-9401-2512ebea6f29', 'B.', 'II', 0),
	('f1d95197-ff82-47ac-b73f-9f84ea4c53ea', '2dcf1147-4798-4664-ba7c-96501490485b', 'C.', 'III', 0),
	('f1dfe0c0-e75c-421a-ab1a-b3b93c01a18d', '77b6ee27-ef56-46ac-8bc6-08251c75ddf6', 'B.', 'II', 0),
	('f2606107-b95e-473e-bf6d-7068c9bbd698', 'f13ab1fa-3674-41ef-a595-bf633e197092', 'D.', 'I ,II', 0),
	('f2b73726-a519-497a-8471-f68adc014287', '7082e193-c3be-4855-85f0-72a1099dd05a', 'A.', 'I', 0),
	('f3464c0c-c39e-48bd-ba0c-92ea41a6100e', 'a41cf6a5-f25d-4599-9325-eb877664b935', 'A.', 'I', 0),
	('f36a4e66-2809-4394-a577-6769a58f4b58', '6e604d13-78ee-42a3-820f-0d4a41506ce2', 'D.', 'I ,II', 0),
	('f3ce1e99-e811-4159-960f-2f438cbbfa9a', '93b2df14-8e72-45fc-ab3b-b1f2f256d648', 'B.', 'II', 0),
	('f3edeaf3-51e5-4b2e-9da1-22762dab114e', '23683c2d-15a4-4b59-97e7-e1d5272ec3c8', 'B.', 'II', 0),
	('f4e467d8-c542-49fd-ba8b-27064de93124', '5c1e15b0-2ce4-4994-bfc7-a1b681b23132', 'C.', 'III', 0),
	('f4fef6ae-ae5f-47bd-9662-7e62c3c58dac', '707dca7b-9274-494a-8cb3-6da3bbe34663', 'D.', 'I ,II', 0),
	('f506f95c-0a4b-4d06-a6b4-123307de4486', 'eb43832c-f0a4-4237-b7ad-34276de4b5c8', 'C.', 'III', 0),
	('f66050aa-0682-4b4d-bd6c-5dc3648c1010', 'b2d02768-f9ed-434a-a3fb-cd6c59996d47', 'C.', 'III', 0),
	('f6d5473e-affc-4a05-b3de-f99e442de240', '7545b1b3-fd2c-41c6-9def-647a8b155182', 'C.', 'III', 0),
	('f7139fdd-ada4-4867-827f-660c169b6a55', 'fbb83f8a-0699-47be-9189-7b258dc04656', 'A.', 'I', 0),
	('f73c8e24-bdd3-4c61-8bc4-180c5d8fe642', '2d5ca541-2c10-478c-b827-7dffdab7fe5d', 'A.', 'I', 0),
	('f740504f-f8da-46d4-9ce9-cfb1afa4313a', 'dadd430d-d3d6-44f7-be36-a5137b0903fe', 'C.', 'III', 0),
	('f7a580de-c968-4b7c-9dc6-bc60003504bd', '5f59bb51-27f9-4e54-8bbf-5e4053d4350e', 'B.', 'II', 0),
	('f82c589f-8853-4105-9d61-d45419dce3d4', '4e83886a-eecf-42b9-a4c0-f37def354bd5', 'C.', 'III', 0),
	('f8676fb8-3055-46be-bab5-f08a80bea204', '6f8d16e5-148f-4933-8653-098a4c2d3a22', 'D.', 'I ,II', 0),
	('f8960520-3364-49e2-9dc8-8c3688d3c170', '36b7b848-cb12-4a4f-887c-62b9575b8e04', 'B.', 'II', 0),
	('f908caaf-d9fb-47a3-ab1d-958aea3c12ca', '6430c0eb-2716-470f-9d7a-ec19a53cdc9a', 'A.', 'I', 0),
	('f90beea3-9224-4d07-9c44-e930ebfea449', 'c6c4b7f7-d2bc-4e08-89c3-feaaadf310f4', 'D.', 'I ,II', 0),
	('f957e827-0f2d-45f6-a2fc-4ce707b8ce88', '11bad18e-b0a2-41f7-92c8-6583cf6cf710', 'D.', 'I ,II', 0),
	('f98293f8-9dc3-4df4-a034-0b6c74f1cdf2', 'f085b81e-b6d1-4912-8469-63ceb6edaccf', 'A.', 'I', 0),
	('fa00c7a7-95e8-4298-832a-00a26af273e9', '56e86046-1c1f-4870-aee5-6a205884a852', 'D.', 'I ,II', 0),
	('fa486fc2-b843-4a1e-bba6-89cb3c5c20be', '7082e193-c3be-4855-85f0-72a1099dd05a', 'B.', 'II', 0),
	('fab465fc-1ca6-44e9-b2fa-4564d6358513', '0b6bafb7-0546-416d-805f-4fd6241cae65', 'C.', 'III', 0),
	('fb4174fe-6a7c-4cc3-a9c7-71e0b52d16cb', '47d141c8-666d-4f3e-a4ec-432193745249', 'A.', 'I', 0),
	('fb4371dc-bb97-4ede-9e80-041d83b46ed9', 'd805981d-f949-4fc5-8a1d-4a57840b4273', 'B.', 'II', 0),
	('fb4a19da-9e76-487f-80d0-760c76d8cce1', '4d7836cd-546e-438b-830d-b82454b3c972', 'B.', 'II', 0),
	('fb804adc-3031-4035-99b9-f6e234bf073d', 'a85c9831-36f1-4fa7-89ad-11f83a7f979d', 'B.', 'II', 0),
	('fbc9442b-f4e6-4927-8764-c189c49819e5', 'c9d333f3-7ea3-4557-a4c5-b1c720311b36', 'A.', 'I', 0),
	('fbd53232-a6f7-4115-a72e-7efbcba25695', '82535e1f-37c0-4ed0-9296-d5a5ad91e72e', 'D.', 'I ,II', 0),
	('fc627e9a-a3e1-483a-a199-76421b57f3cc', 'a2dc4566-a746-46ee-adcc-272214139396', 'B.', 'II', 0),
	('fc9fc8b7-4f18-431b-b43e-e005f84a43ba', '1f5a00f6-a320-4aef-8553-dc452fb77482', 'B.', 'II', 0),
	('fcb77909-38e8-465b-8f05-9a1c2c24af43', '47d141c8-666d-4f3e-a4ec-432193745249', 'B.', 'II', 0),
	('fcc501b7-1968-461d-939a-82a448213f64', '07c7c0e5-4f74-4d45-ab9d-f2f6e51b1e0d', 'D.', 'I ,II', 0),
	('fcca321c-12c8-4baf-b88a-fed549f57822', '80f9536b-adb3-4981-92c2-3c4cb6332f88', 'B.', 'II', 0),
	('fd135944-989b-4387-bc2c-c1633be95513', 'beae11c2-2df7-4fc3-84e7-eb4f94fe4ce4', 'D.', 'I ,II', 0),
	('fd4c3c1a-4629-4ee7-bb96-62030d442057', 'eea2380d-a925-4442-86f9-d08d5d915172', 'A.', 'I', 0),
	('fd7c9335-b80f-4e4b-a3ec-bf64fb8f92e7', '1196867a-935b-4342-8892-2bb5f6d5e83b', 'A.', 'I', 0),
	('fd8e404e-74eb-49e6-8fbd-03961b1f46d0', '73e8ef15-fe7b-4943-a15e-79efebb65470', 'B.', 'II', 0),
	('fd9f5166-1d4f-403b-b577-88ecf8f55302', '2d5ca541-2c10-478c-b827-7dffdab7fe5d', 'C.', 'III', 0),
	('fdd9225e-9c04-4cce-82d1-acb14768cb2c', '41f3379b-d8bd-4ac9-95e2-53f188c960fd', 'C.', 'III', 0),
	('fdec574d-e674-4355-830d-10be3328f7ea', 'bedc7047-50ef-43df-adcb-9c4bfc6d697c', 'D.', 'I ,II', 0),
	('fdfef926-4dbc-400c-80aa-885dd77bb954', '9b7f29fa-9201-4a3a-83b5-364bb43e142a', 'C.', 'III', 0),
	('fe4e1e0c-69fd-4074-8767-ca8646c238d2', '082034b9-8979-48dd-8fdc-df3d16d29cd4', 'A.', 'I', 0),
	('fea74ef3-9b9a-411c-92dc-d0f48e1aef71', '2bff3470-ee95-4bd0-9cdd-80d417c42293', 'A.', 'I', 0),
	('feaddf65-6d7c-4327-950a-dd296d9a00ec', 'b0f698de-a1f5-421d-9fe0-baecbf767176', 'D.', 'I ,II', 0),
	('ff0f4621-d89e-4d06-a653-77493ca5d8b3', '6a56ae2e-97d4-40ac-bb0a-8207e7516efd', 'B.', 'II', 0),
	('ff662090-190f-429a-95e9-1c675be20119', '4aac312f-ec45-4219-a318-6581aa1aaa2d', 'D.', 'I ,II', 0),
	('ffe7bfcb-f63f-4d6c-a9a2-faec6fec6495', '2cfe4ab7-8af3-424b-9f7e-683c8018cf17', 'B.', 'II', 0),
	('ffe9a440-7fbd-4ace-8d47-60ae337ae90f', '6a1e30e9-eec5-4b41-baf6-fccc68911ffc', 'D.', 'I ,II', 0);
/*!40000 ALTER TABLE `questionbankansweroption` ENABLE KEYS */;


-- Dumping structure for table otsdb.studentcourse
CREATE TABLE IF NOT EXISTS `studentcourse` (
  `StudentCourseId` char(36) NOT NULL,
  `StudentId` int(11) NOT NULL,
  `CourseId` char(36) NOT NULL,
  PRIMARY KEY (`StudentCourseId`)
) ENGINE=InnoDB DEFAULT CHARSET=utf8;

-- Dumping data for table otsdb.studentcourse: ~1 rows (approximately)
DELETE FROM `studentcourse`;
/*!40000 ALTER TABLE `studentcourse` DISABLE KEYS */;
INSERT INTO `studentcourse` (`StudentCourseId`, `StudentId`, `CourseId`) VALUES
	('152f98b3-2373-4c4b-84bb-8d4df375bcfd', 70, 'b710e6d2-d974-4f20-b374-af502f972a7a');
/*!40000 ALTER TABLE `studentcourse` ENABLE KEYS */;


-- Dumping structure for table otsdb.studentexam
CREATE TABLE IF NOT EXISTS `studentexam` (
  `Id` char(36) NOT NULL,
  `TestId` char(36) NOT NULL,
  `StudentId` int(11) NOT NULL,
  `StartDateTime` datetime DEFAULT NULL,
  `EndDateTime` datetime DEFAULT NULL,
  `Taken` tinyint(4) DEFAULT NULL,
  `Marked` tinyint(4) DEFAULT NULL,
  `Mark` int(11) DEFAULT NULL,
  `TestItemCount` int(11) DEFAULT NULL,
  `Comments` longtext,
  `TestSheet` longtext,
  `CourseId` char(36) DEFAULT NULL,
  PRIMARY KEY (`Id`)
) ENGINE=InnoDB DEFAULT CHARSET=utf8;

-- Dumping data for table otsdb.studentexam: ~0 rows (approximately)
DELETE FROM `studentexam`;
/*!40000 ALTER TABLE `studentexam` DISABLE KEYS */;
/*!40000 ALTER TABLE `studentexam` ENABLE KEYS */;


-- Dumping structure for table otsdb.testitem
CREATE TABLE IF NOT EXISTS `testitem` (
  `TestItemId` char(36) NOT NULL,
  `TestId` char(36) NOT NULL,
  `CourseId` char(36) NOT NULL,
  `Stimulus` longtext,
  `Stem` longtext,
  `StimulusFormating` longtext,
  `StemFormating` longtext,
  PRIMARY KEY (`TestItemId`)
) ENGINE=InnoDB DEFAULT CHARSET=utf8;

-- Dumping data for table otsdb.testitem: ~0 rows (approximately)
DELETE FROM `testitem`;
/*!40000 ALTER TABLE `testitem` DISABLE KEYS */;
/*!40000 ALTER TABLE `testitem` ENABLE KEYS */;


-- Dumping structure for table otsdb.testitemansweroption
CREATE TABLE IF NOT EXISTS `testitemansweroption` (
  `AnswerOptionId` char(36) NOT NULL,
  `TestItemId` char(36) NOT NULL,
  `Label` varchar(255) DEFAULT NULL,
  `Text` varchar(255) DEFAULT NULL,
  PRIMARY KEY (`TestItemId`)
) ENGINE=InnoDB DEFAULT CHARSET=utf8;

-- Dumping data for table otsdb.testitemansweroption: ~0 rows (approximately)
DELETE FROM `testitemansweroption`;
/*!40000 ALTER TABLE `testitemansweroption` DISABLE KEYS */;
/*!40000 ALTER TABLE `testitemansweroption` ENABLE KEYS */;


-- Dumping structure for table otsdb.testsheet
CREATE TABLE IF NOT EXISTS `testsheet` (
  `TestSheetId` char(36) NOT NULL,
  `TestId` char(36) NOT NULL,
  `CourseId` varchar(255) NOT NULL,
  `TestItemId` varchar(255) NOT NULL,
  PRIMARY KEY (`TestSheetId`)
) ENGINE=InnoDB DEFAULT CHARSET=utf8;

-- Dumping data for table otsdb.testsheet: ~0 rows (approximately)
DELETE FROM `testsheet`;
/*!40000 ALTER TABLE `testsheet` DISABLE KEYS */;
/*!40000 ALTER TABLE `testsheet` ENABLE KEYS */;


-- Dumping structure for table otsdb.user
CREATE TABLE IF NOT EXISTS `user` (
  `UserId` int(11) NOT NULL AUTO_INCREMENT,
  `Email` varchar(255) DEFAULT NULL,
  `Phone` varchar(15) DEFAULT NULL,
  `UserTypeId` int(11) DEFAULT NULL,
  `UserAccountId` int(11) NOT NULL,
  `FirstName` varchar(60) NOT NULL,
  `LastName` varchar(60) NOT NULL,
  `Number` varchar(50) DEFAULT NULL,
  `Street` varchar(100) DEFAULT NULL,
  `City` varchar(60) DEFAULT NULL,
  `Province` varchar(60) DEFAULT NULL,
  PRIMARY KEY (`UserId`),
  KEY `UserTypeId` (`UserTypeId`),
  KEY `UserAccountId` (`UserAccountId`),
  CONSTRAINT `FK7185C17C79C572D0` FOREIGN KEY (`UserAccountId`) REFERENCES `useraccount` (`UserAccountId`),
  CONSTRAINT `FK7185C17CFA5FD70D` FOREIGN KEY (`UserTypeId`) REFERENCES `usertype` (`UserTypeId`)
) ENGINE=InnoDB AUTO_INCREMENT=108 DEFAULT CHARSET=utf8;

-- Dumping data for table otsdb.user: ~3 rows (approximately)
DELETE FROM `user`;
/*!40000 ALTER TABLE `user` DISABLE KEYS */;
INSERT INTO `user` (`UserId`, `Email`, `Phone`, `UserTypeId`, `UserAccountId`, `FirstName`, `LastName`, `Number`, `Street`, `City`, `Province`) VALUES
	(1, NULL, NULL, 3, 1, 'Maiga', 'Chang', NULL, NULL, NULL, NULL),
	(2, 'ea@ad.ca', '4038987655', 3, 2, 'Ebenezer', 'Aggrey', NULL, NULL, NULL, NULL),
	(70, 's@s.com', '349-090-8976', 2, 75, 's', 's', NULL, NULL, NULL, NULL);
/*!40000 ALTER TABLE `user` ENABLE KEYS */;


-- Dumping structure for table otsdb.useraccount
CREATE TABLE IF NOT EXISTS `useraccount` (
  `UserAccountId` int(11) NOT NULL AUTO_INCREMENT,
  `UserName` varchar(255) NOT NULL,
  `Password` varchar(255) NOT NULL,
  `IsLocked` tinyint(1) DEFAULT '0',
  PRIMARY KEY (`UserAccountId`)
) ENGINE=InnoDB AUTO_INCREMENT=121 DEFAULT CHARSET=utf8;

-- Dumping data for table otsdb.useraccount: ~3 rows (approximately)
DELETE FROM `useraccount`;
/*!40000 ALTER TABLE `useraccount` DISABLE KEYS */;
INSERT INTO `useraccount` (`UserAccountId`, `UserName`, `Password`, `IsLocked`) VALUES
	(1, 'maiga', 'maiga', 0),
	(2, 'eb', 'eb', 0),
	(75, 's', 's', 0);
/*!40000 ALTER TABLE `useraccount` ENABLE KEYS */;


-- Dumping structure for table otsdb.usertype
CREATE TABLE IF NOT EXISTS `usertype` (
  `UserTypeId` int(11) NOT NULL AUTO_INCREMENT,
  `Name` varchar(100) DEFAULT NULL,
  `HomePageName` varchar(255) DEFAULT NULL,
  PRIMARY KEY (`UserTypeId`)
) ENGINE=InnoDB AUTO_INCREMENT=4 DEFAULT CHARSET=utf8;

-- Dumping data for table otsdb.usertype: ~3 rows (approximately)
DELETE FROM `usertype`;
/*!40000 ALTER TABLE `usertype` DISABLE KEYS */;
INSERT INTO `usertype` (`UserTypeId`, `Name`, `HomePageName`) VALUES
	(1, 'Administrator', 'Administrator'),
	(2, 'Student', 'Student'),
	(3, 'Teacher', 'Teacher');
/*!40000 ALTER TABLE `usertype` ENABLE KEYS */;
/*!40101 SET SQL_MODE=IFNULL(@OLD_SQL_MODE, '') */;
/*!40014 SET FOREIGN_KEY_CHECKS=IF(@OLD_FOREIGN_KEY_CHECKS IS NULL, 1, @OLD_FOREIGN_KEY_CHECKS) */;
/*!40101 SET CHARACTER_SET_CLIENT=@OLD_CHARACTER_SET_CLIENT */;
