-- phpMyAdmin SQL Dump
-- version 3.4.11.1deb2+deb7u8
-- http://www.phpmyadmin.net
--
-- Host: localhost
-- Generation Time: Sep 08, 2017 at 08:32 AM
-- Server version: 5.5.54
-- PHP Version: 5.4.45-0+deb7u7

SET SQL_MODE="NO_AUTO_VALUE_ON_ZERO";
SET time_zone = "+00:00";


/*!40101 SET @OLD_CHARACTER_SET_CLIENT=@@CHARACTER_SET_CLIENT */;
/*!40101 SET @OLD_CHARACTER_SET_RESULTS=@@CHARACTER_SET_RESULTS */;
/*!40101 SET @OLD_COLLATION_CONNECTION=@@COLLATION_CONNECTION */;
/*!40101 SET NAMES utf8 */;

--
-- Database: `otsdb`
--

-- --------------------------------------------------------

--
-- Table structure for table `conceptschema`
--

DROP TABLE IF EXISTS `conceptschema`;
CREATE TABLE IF NOT EXISTS `conceptschema` (
  `ConceptSchemaId` char(36) NOT NULL,
  `ConceptNodeId` char(36) NOT NULL,
  `RelationName` varchar(255) DEFAULT NULL,
  `ConceptName` varchar(255) DEFAULT NULL,
  `ActionName` varchar(255) DEFAULT NULL,
  `AttributeName` varchar(255) DEFAULT NULL,
  `AttributeValue` varchar(255) DEFAULT NULL,
  `RootId` char(36) DEFAULT NULL,
  `ParentId` char(36) DEFAULT NULL,
  PRIMARY KEY (`ConceptSchemaId`)
) ENGINE=InnoDB DEFAULT CHARSET=utf8;

--
-- Dumping data for table `conceptschema`
--

INSERT INTO `conceptschema` (`ConceptSchemaId`, `ConceptNodeId`, `RelationName`, `ConceptName`, `ActionName`, `AttributeName`, `AttributeValue`, `RootId`, `ParentId`) VALUES
('01ad8ad8-cd3d-4be6-8626-57c3047943b2', '4f8df074-2801-4d59-be73-981c50a1a747', 'has', '', '', 'operation', 'size', '658c7376-6887-4f77-b0fb-350368e8a11f', '1656f736-27e2-4994-9470-ed7e22328d50'),
('02238658-d956-4425-8325-3d93c2f58d49', '1656f736-27e2-4994-9470-ed7e22328d50', 'can', 'specification about the types of arguments of each operation supported', 'provide', '', '', '1656f736-27e2-4994-9470-ed7e22328d50', '00000000-00000000-00000000'),
('05082c25-f2d0-4375-8ae0-a565988a9963', '24a3cebf-fc4a-4bb0-946f-75225296a810', 'is', 'unordered set', '', '', '', '658c7376-6887-4f77-b0fb-350368e8a11f', '1656f736-27e2-4994-9470-ed7e22328d50'),
('06d070bc-8f76-4b43-932e-2908d273d8f1', '6c932620-3172-4728-ad1f-2818b610e541', 'is', 'sorted set', '', '', '', '423f064d-d7e4-4862-be69-3db8ee222f3d', '1656f736-27e2-4994-9470-ed7e22328d50'),
('078a23aa-2bab-401c-bb3c-37807fede5ea', '24a3cebf-fc4a-4bb0-946f-75225296a810', 'has', '', '', 'operation', 'size', '1656f736-27e2-4994-9470-ed7e22328d50', '1656f736-27e2-4994-9470-ed7e22328d50'),
('09d65b72-7322-4c60-a1fc-774e80e805e3', '4f8df074-2801-4d59-be73-981c50a1a747', 'has', '', '', 'operation ', 'add', '423f064d-d7e4-4862-be69-3db8ee222f3d', '1656f736-27e2-4994-9470-ed7e22328d50'),
('15e0f336-091b-4887-80ac-614137c7642b', '6c932620-3172-4728-ad1f-2818b610e541', 'has', '', '', 'operation', 'add', '423f064d-d7e4-4862-be69-3db8ee222f3d', '1656f736-27e2-4994-9470-ed7e22328d50'),
('1709d664-a0ef-4224-868d-98cb1015c0aa', '24a3cebf-fc4a-4bb0-946f-75225296a810', 'has', '', '', 'operation', 'remove', '1656f736-27e2-4994-9470-ed7e22328d50', '1656f736-27e2-4994-9470-ed7e22328d50'),
('170ca706-27ee-4f02-8b0f-dabb70134114', '6c932620-3172-4728-ad1f-2818b610e541', 'has', '', '', 'operation', 'add', '1656f736-27e2-4994-9470-ed7e22328d50', '1656f736-27e2-4994-9470-ed7e22328d50'),
('18a226b9-0787-4e7f-86af-fab6d804737d', '24a3cebf-fc4a-4bb0-946f-75225296a810', 'has', '', '', 'operation', 'add', '423f064d-d7e4-4862-be69-3db8ee222f3d', '1656f736-27e2-4994-9470-ed7e22328d50'),
('1a9c2ff5-dadd-444d-b032-d4f68fc8fa3e', '4f8df074-2801-4d59-be73-981c50a1a747', 'has', '', '', 'operation ', 'remove', '1656f736-27e2-4994-9470-ed7e22328d50', '1656f736-27e2-4994-9470-ed7e22328d50'),
('1b4cae14-2eca-41a1-adea-0b83d4fb76de', '6c932620-3172-4728-ad1f-2818b610e541', 'is', 'sorted set', '', '', '', '658c7376-6887-4f77-b0fb-350368e8a11f', '1656f736-27e2-4994-9470-ed7e22328d50'),
('1c6c187a-4781-486e-9fe5-692c1d4e7ece', '1656f736-27e2-4994-9470-ed7e22328d50', 'can', 'set of operataions supported by data structure', 'define', '', '', '423f064d-d7e4-4862-be69-3db8ee222f3d', '00000000-00000000-00000000'),
('1f665e9f-d63e-4c29-9266-5626720d5928', '4f8df074-2801-4d59-be73-981c50a1a747', 'has', '', '', 'operation', 'set', '658c7376-6887-4f77-b0fb-350368e8a11f', '1656f736-27e2-4994-9470-ed7e22328d50'),
('1fdd0c71-888b-4f40-9f8f-c3deeead74b6', '6c932620-3172-4728-ad1f-2818b610e541', 'has', '', '', 'operation', 'remove', '658c7376-6887-4f77-b0fb-350368e8a11f', '1656f736-27e2-4994-9470-ed7e22328d50'),
('2088ac58-4977-453f-9ff1-f5b24fbd5ee4', '24a3cebf-fc4a-4bb0-946f-75225296a810', 'is', 'unordered set', '', '', '', '423f064d-d7e4-4862-be69-3db8ee222f3d', '1656f736-27e2-4994-9470-ed7e22328d50'),
('278e9da9-e365-4b2d-ba7e-f7adbf776d70', '6c932620-3172-4728-ad1f-2818b610e541', 'has', '', '', 'operation', 'find', '1656f736-27e2-4994-9470-ed7e22328d50', '1656f736-27e2-4994-9470-ed7e22328d50'),
('2aeb1ad7-e150-4e44-bfdc-f796ac84d879', '4f8df074-2801-4d59-be73-981c50a1a747', 'has', '', '', 'operation', 'set', '423f064d-d7e4-4862-be69-3db8ee222f3d', '1656f736-27e2-4994-9470-ed7e22328d50'),
('2e8dfaef-7e61-4db4-9a4b-d4c628f81a0b', '24a3cebf-fc4a-4bb0-946f-75225296a810', 'has', '', '', 'operation', 'remove', '423f064d-d7e4-4862-be69-3db8ee222f3d', '1656f736-27e2-4994-9470-ed7e22328d50'),
('2fed2afc-2c07-433a-924a-79d0f5acbb63', '1656f736-27e2-4994-9470-ed7e22328d50', 'is', 'Abstract Data Type (ADT)', '', '', '', '1656f736-27e2-4994-9470-ed7e22328d50', '00000000-00000000-00000000'),
('32760013-9b3f-4f23-ac49-62c6af31f22e', '4f8df074-2801-4d59-be73-981c50a1a747', 'has', '', '', 'operation', 'get', '658c7376-6887-4f77-b0fb-350368e8a11f', '1656f736-27e2-4994-9470-ed7e22328d50'),
('35acb154-9815-4f6e-9656-7bf0015aaf6e', '6c932620-3172-4728-ad1f-2818b610e541', 'has', '', '', 'operation', 'size', '1656f736-27e2-4994-9470-ed7e22328d50', '1656f736-27e2-4994-9470-ed7e22328d50'),
('41c4f7d4-0dab-4bdb-b314-ac12dd73f9d8', '24a3cebf-fc4a-4bb0-946f-75225296a810', 'has', '', '', 'operation', 'size', '658c7376-6887-4f77-b0fb-350368e8a11f', '1656f736-27e2-4994-9470-ed7e22328d50'),
('48d146c7-49b5-4d51-abe3-11b33b9faeff', '4f8df074-2801-4d59-be73-981c50a1a747', 'has', '', '', 'operation', 'set', '1656f736-27e2-4994-9470-ed7e22328d50', '1656f736-27e2-4994-9470-ed7e22328d50'),
('4d8b3c0b-475c-4692-8bd4-74316fb98c90', '1656f736-27e2-4994-9470-ed7e22328d50', 'can', ' specification about return values  of each operation supported', 'provide', '', '', '1656f736-27e2-4994-9470-ed7e22328d50', '00000000-00000000-00000000'),
('5635feca-df4d-4379-ae21-b59f53d50db5', '4f8df074-2801-4d59-be73-981c50a1a747', 'has', '', '', 'operation', 'get', '423f064d-d7e4-4862-be69-3db8ee222f3d', '1656f736-27e2-4994-9470-ed7e22328d50'),
('5c1b4dd6-357a-4929-aa20-84b6c3ab1b74', '1656f736-27e2-4994-9470-ed7e22328d50', 'can', 'specification about the types of arguments of each operation supported', 'provide', '', '', '423f064d-d7e4-4862-be69-3db8ee222f3d', '00000000-00000000-00000000'),
('5f294ca3-b577-44a3-a0de-b0cb486f6c4f', '4f8df074-2801-4d59-be73-981c50a1a747', 'has', '', '', 'operation ', 'add', '658c7376-6887-4f77-b0fb-350368e8a11f', '1656f736-27e2-4994-9470-ed7e22328d50'),
('61b2fd2e-49c4-4ea4-882e-1feec6f00521', '6c932620-3172-4728-ad1f-2818b610e541', 'is', 'sorted set', '', '', '', '1656f736-27e2-4994-9470-ed7e22328d50', '1656f736-27e2-4994-9470-ed7e22328d50'),
('65d80f6c-95ff-4f9f-b357-5db992137e7e', '4f8df074-2801-4d59-be73-981c50a1a747', 'has', '', '', 'operation ', 'add', '1656f736-27e2-4994-9470-ed7e22328d50', '1656f736-27e2-4994-9470-ed7e22328d50'),
('6e0c41d6-c5fa-466c-a233-837c6adb14d3', '1656f736-27e2-4994-9470-ed7e22328d50', 'can', 'mulltiple implementation', 'supports', '', '', '1656f736-27e2-4994-9470-ed7e22328d50', '00000000-00000000-00000000'),
('737951e8-3973-4b27-afe2-4a3960109c12', '1656f736-27e2-4994-9470-ed7e22328d50', 'can', 'set of operataions supported by data structure', 'define', '', '', '658c7376-6887-4f77-b0fb-350368e8a11f', '00000000-00000000-00000000'),
('76f5b732-c7d7-4599-9221-bef95b206c64', '6c932620-3172-4728-ad1f-2818b610e541', 'has', '', '', 'operation', 'size', '658c7376-6887-4f77-b0fb-350368e8a11f', '1656f736-27e2-4994-9470-ed7e22328d50'),
('7c523e11-4b89-40c0-8feb-6a4df5f78bdc', '6c932620-3172-4728-ad1f-2818b610e541', 'has', '', '', 'operation', 'add', '658c7376-6887-4f77-b0fb-350368e8a11f', '1656f736-27e2-4994-9470-ed7e22328d50'),
('88e2bb9c-0dee-4db9-ae6b-e1e673f6d7ba', '6c932620-3172-4728-ad1f-2818b610e541', 'has', '', '', 'operation', 'remove', '1656f736-27e2-4994-9470-ed7e22328d50', '1656f736-27e2-4994-9470-ed7e22328d50'),
('8a644ecb-108d-4177-b184-b710f636b519', '24a3cebf-fc4a-4bb0-946f-75225296a810', 'has', '', '', 'operation', 'find', '423f064d-d7e4-4862-be69-3db8ee222f3d', '1656f736-27e2-4994-9470-ed7e22328d50'),
('8c4b19a8-be85-4580-8b1c-30152904d162', '1656f736-27e2-4994-9470-ed7e22328d50', 'can', 'set of operataions supported by data structure', 'define', '', '', '1656f736-27e2-4994-9470-ed7e22328d50', '00000000-00000000-00000000'),
('923bdcac-3c46-4c32-be98-7b0ca0f1635c', '1656f736-27e2-4994-9470-ed7e22328d50', 'is', 'Abstract Data Type (ADT)', '', '', '', '658c7376-6887-4f77-b0fb-350368e8a11f', '00000000-00000000-00000000'),
('99f639cf-84ad-43a2-a60b-896593708754', '4f8df074-2801-4d59-be73-981c50a1a747', 'has', '', '', 'operation', 'size', '1656f736-27e2-4994-9470-ed7e22328d50', '1656f736-27e2-4994-9470-ed7e22328d50'),
('9c05d886-3c26-4881-bd61-c7962c8c656a', '1656f736-27e2-4994-9470-ed7e22328d50', 'can', ' specification about return values  of each operation supported', 'provide', '', '', '658c7376-6887-4f77-b0fb-350368e8a11f', '00000000-00000000-00000000'),
('a061a4b6-ea70-4b0c-8e32-cc1d39cc3133', '6c932620-3172-4728-ad1f-2818b610e541', 'has', '', '', 'operation', 'find', '658c7376-6887-4f77-b0fb-350368e8a11f', '1656f736-27e2-4994-9470-ed7e22328d50'),
('a88f415b-44f9-41b2-a047-117e43787a24', '1656f736-27e2-4994-9470-ed7e22328d50', 'can', 'mulltiple implementation', 'supports', '', '', '658c7376-6887-4f77-b0fb-350368e8a11f', '00000000-00000000-00000000'),
('ab693fe3-65f3-4e59-9e90-6d3c9df8082f', '4f8df074-2801-4d59-be73-981c50a1a747', 'has', '', '', 'operation ', 'remove', '658c7376-6887-4f77-b0fb-350368e8a11f', '1656f736-27e2-4994-9470-ed7e22328d50'),
('ad43b39f-78e2-44aa-9242-645ff1da804c', '24a3cebf-fc4a-4bb0-946f-75225296a810', 'is', 'unordered set', '', '', '', '1656f736-27e2-4994-9470-ed7e22328d50', '1656f736-27e2-4994-9470-ed7e22328d50'),
('af6d0cd5-39da-47b9-80cb-7e38760d1bda', '24a3cebf-fc4a-4bb0-946f-75225296a810', 'has', '', '', 'operation', 'find', '1656f736-27e2-4994-9470-ed7e22328d50', '1656f736-27e2-4994-9470-ed7e22328d50'),
('c56878be-b8a8-43bc-a7ee-9d3890e2eb4b', '4f8df074-2801-4d59-be73-981c50a1a747', 'has', '', '', 'operation', 'size', '423f064d-d7e4-4862-be69-3db8ee222f3d', '1656f736-27e2-4994-9470-ed7e22328d50'),
('c66a822b-bda0-45eb-9135-f1e641fafbd2', '1656f736-27e2-4994-9470-ed7e22328d50', 'can', 'specification about the types of arguments of each operation supported', 'provide', '', '', '658c7376-6887-4f77-b0fb-350368e8a11f', '00000000-00000000-00000000'),
('d0a6b8e2-9bed-4d11-939f-b1da4d9a1af2', '24a3cebf-fc4a-4bb0-946f-75225296a810', 'has', '', '', 'operation', 'size', '423f064d-d7e4-4862-be69-3db8ee222f3d', '1656f736-27e2-4994-9470-ed7e22328d50'),
('e35bb37f-92f1-4fd8-9ce8-e7d12cc31a9a', '24a3cebf-fc4a-4bb0-946f-75225296a810', 'has', '', '', 'operation', 'add', '658c7376-6887-4f77-b0fb-350368e8a11f', '1656f736-27e2-4994-9470-ed7e22328d50'),
('e95a707a-2af7-412b-8dc7-4320ad9c3d02', '1656f736-27e2-4994-9470-ed7e22328d50', 'is', 'Abstract Data Type (ADT)', '', '', '', '423f064d-d7e4-4862-be69-3db8ee222f3d', '00000000-00000000-00000000'),
('ea35db78-20c6-40e1-8d70-cdb4200432fe', '4f8df074-2801-4d59-be73-981c50a1a747', 'has', '', '', 'operation', 'get', '1656f736-27e2-4994-9470-ed7e22328d50', '1656f736-27e2-4994-9470-ed7e22328d50'),
('ece70167-7c8d-48a3-b791-60011b3f378a', '6c932620-3172-4728-ad1f-2818b610e541', 'has', '', '', 'operation', 'size', '423f064d-d7e4-4862-be69-3db8ee222f3d', '1656f736-27e2-4994-9470-ed7e22328d50'),
('ed57b3dd-2f76-4418-afc8-e196a90f95d3', '1656f736-27e2-4994-9470-ed7e22328d50', 'can', 'mulltiple implementation', 'supports', '', '', '423f064d-d7e4-4862-be69-3db8ee222f3d', '00000000-00000000-00000000'),
('f13a1665-fd34-4dee-9fea-5ccadd243563', '6c932620-3172-4728-ad1f-2818b610e541', 'has', '', '', 'operation', 'remove', '423f064d-d7e4-4862-be69-3db8ee222f3d', '1656f736-27e2-4994-9470-ed7e22328d50'),
('f2869f4a-d50f-4007-ad4d-7f9b3ddb53f6', '24a3cebf-fc4a-4bb0-946f-75225296a810', 'has', '', '', 'operation', 'add', '1656f736-27e2-4994-9470-ed7e22328d50', '1656f736-27e2-4994-9470-ed7e22328d50'),
('f2d917f4-a44c-49cc-8080-587527f4b6e7', '6c932620-3172-4728-ad1f-2818b610e541', 'has', '', '', 'operation', 'find', '423f064d-d7e4-4862-be69-3db8ee222f3d', '1656f736-27e2-4994-9470-ed7e22328d50'),
('f71ef634-09cc-4a06-aacb-72b8f0e41093', '24a3cebf-fc4a-4bb0-946f-75225296a810', 'has', '', '', 'operation', 'find', '658c7376-6887-4f77-b0fb-350368e8a11f', '1656f736-27e2-4994-9470-ed7e22328d50'),
('f766720b-6aa1-4922-823b-3ad6adf2ec45', '1656f736-27e2-4994-9470-ed7e22328d50', 'can', ' specification about return values  of each operation supported', 'provide', '', '', '423f064d-d7e4-4862-be69-3db8ee222f3d', '00000000-00000000-00000000'),
('fe03a996-fd36-4e52-b414-eea58b60d995', '24a3cebf-fc4a-4bb0-946f-75225296a810', 'has', '', '', 'operation', 'remove', '658c7376-6887-4f77-b0fb-350368e8a11f', '1656f736-27e2-4994-9470-ed7e22328d50'),
('ff3a0685-0a7b-4686-9e82-dd5077795ef9', '4f8df074-2801-4d59-be73-981c50a1a747', 'has', '', '', 'operation ', 'remove', '423f064d-d7e4-4862-be69-3db8ee222f3d', '1656f736-27e2-4994-9470-ed7e22328d50');

-- --------------------------------------------------------

--
-- Table structure for table `course`
--

DROP TABLE IF EXISTS `course`;
CREATE TABLE IF NOT EXISTS `course` (
  `Id` char(36) NOT NULL,
  `Number` varchar(30) NOT NULL,
  `Name` varchar(30) NOT NULL,
  `Createdby` int(6) unsigned NOT NULL,
  `Createdon` datetime DEFAULT NULL,
  PRIMARY KEY (`Id`)
) ENGINE=InnoDB DEFAULT CHARSET=utf8;

--
-- Dumping data for table `course`
--

INSERT INTO `course` (`Id`, `Number`, `Name`, `Createdby`, `Createdon`) VALUES
('181d408d-fcab-4b2c-993e-f852284e61f2', 'null', 'Computer Science', 2, '2017-08-30 11:49:49'),
('f2e4da8e-be43-450c-9c9f-e9b9fcac7a85', '', 'Information Technology', 2, '2017-09-07 07:59:39');

-- --------------------------------------------------------

--
-- Table structure for table `courseknowledgemap`
--

DROP TABLE IF EXISTS `courseknowledgemap`;
CREATE TABLE IF NOT EXISTS `courseknowledgemap` (
  `CourseKnowledgeMapId` char(36) NOT NULL,
  `CourseId` char(36) NOT NULL,
  `KnowledgeMapId` char(36) NOT NULL,
  PRIMARY KEY (`CourseKnowledgeMapId`)
) ENGINE=InnoDB DEFAULT CHARSET=utf8;

--
-- Dumping data for table `courseknowledgemap`
--

INSERT INTO `courseknowledgemap` (`CourseKnowledgeMapId`, `CourseId`, `KnowledgeMapId`) VALUES
('82db3af9-7a31-4f61-b190-18a66fdbe76f', 'f2e4da8e-be43-450c-9c9f-e9b9fcac7a85', '1656f736-27e2-4994-9470-ed7e22328d50'),
('bbc3bd8e-5ade-4dde-bb34-fb59c06ee0d8', '181d408d-fcab-4b2c-993e-f852284e61f2', '1656f736-27e2-4994-9470-ed7e22328d50');

-- --------------------------------------------------------

--
-- Table structure for table `domainconcept`
--

DROP TABLE IF EXISTS `domainconcept`;
CREATE TABLE IF NOT EXISTS `domainconcept` (
  `DomainConceptId` char(36) NOT NULL,
  `Name` varchar(255) DEFAULT NULL,
  `Description` varchar(255) DEFAULT NULL,
  PRIMARY KEY (`DomainConceptId`)
) ENGINE=InnoDB DEFAULT CHARSET=utf8;

-- --------------------------------------------------------

--
-- Table structure for table `exam`
--

DROP TABLE IF EXISTS `exam`;
CREATE TABLE IF NOT EXISTS `exam` (
  `Id` char(36) NOT NULL,
  `Name` varchar(255) NOT NULL,
  `StartDate` varchar(50) DEFAULT NULL,
  `StartTime` varchar(50) DEFAULT NULL,
  `EndTime` varchar(50) DEFAULT NULL,
  `TotalMark` int(11) DEFAULT NULL,
  `Activated` tinyint(4) DEFAULT NULL,
  `CourseId` char(36) DEFAULT NULL,
  `TestQuestions` longtext,
  `TestSheet` longtext,
  `AnswerSheet` longtext,
  PRIMARY KEY (`Id`)
) ENGINE=InnoDB DEFAULT CHARSET=utf8;

--
-- Dumping data for table `exam`
--

INSERT INTO `exam` (`Id`, `Name`, `StartDate`, `StartTime`, `EndTime`, `TotalMark`, `Activated`, `CourseId`, `TestQuestions`, `TestSheet`, `AnswerSheet`) VALUES
('7f612906-fc30-4bfd-adf3-8ed895260770', 'Advance Level Computer Science', '09/27/2017', '12:30 PM', '1:30 PM', 0, 1, '181d408d-fcab-4b2c-993e-f852284e61f2', NULL, NULL, NULL),
('a83ab73b-4f99-4522-a7cb-fed968f5f371', 'Introduction to computer science', '09/13/2017', '11:25 AM', '12:25 PM', 0, 1, '181d408d-fcab-4b2c-993e-f852284e61f2', NULL, NULL, NULL),
('b1a412f4-cc02-4641-8450-2eee6241ef2b', 'Information Technology Level 1', '09/27/2017', '7:15 PM', '8:15 PM', 0, 1, 'f2e4da8e-be43-450c-9c9f-e9b9fcac7a85', NULL, NULL, NULL);

-- --------------------------------------------------------

--
-- Table structure for table `knowledgemap`
--

DROP TABLE IF EXISTS `knowledgemap`;
CREATE TABLE IF NOT EXISTS `knowledgemap` (
  `KnowledgeMapId` char(36) NOT NULL,
  `Name` varchar(255) NOT NULL,
  `Description` varchar(255) DEFAULT NULL,
  `CreateOn` datetime NOT NULL,
  `Concepts` text,
  `LastUpdated` datetime DEFAULT NULL,
  `IsPublic` tinyint(1) DEFAULT NULL,
  `IsImported` tinyint(1) DEFAULT NULL,
  `IsSharing` tinyint(1) DEFAULT NULL,
  `CreatedBy` int(11) DEFAULT NULL,
  PRIMARY KEY (`KnowledgeMapId`),
  KEY `CreatedBy` (`CreatedBy`)
) ENGINE=InnoDB DEFAULT CHARSET=utf8;

--
-- Dumping data for table `knowledgemap`
--

INSERT INTO `knowledgemap` (`KnowledgeMapId`, `Name`, `Description`, `CreateOn`, `Concepts`, `LastUpdated`, `IsPublic`, `IsImported`, `IsSharing`, `CreatedBy`) VALUES
('0dff2524-bace-4371-b827-85c5aa1569e1', 'InterfaceCopyCopy', 'Common data structures interface and its implementationsCopyCopy', '2017-09-07 11:06:38', '[{"id":"0dff2524-bace-4371-b827-85c5aa1569e1","text":"InterfaceCopy","nodes":[{"id":"4f8df074-2801-4d59-be73-981c50a1a747","name":"List","parentNodeId":"0dff2524-bace-4371-b827-85c5aa1569e1","text":"List","icon":"","selectedIcon":"","color":"#000000","backColor":"#FFFFFF","href":"","selectable":true,"state":{"checked":false,"disabled":false,"expanded":true,"selected":false},"tags":[],"nodes":[{"id":"69ab3943-dd5c-4865-b0b3-a1b555d4e557","name":"Array-Based List","parentNodeId":"4f8df074-2801-4d59-be73-981c50a1a747","text":"Array-Based List","icon":"","selectedIcon":"","color":"#000000","backColor":"#FFFFFF","href":"","selectable":true,"state":{"checked":false,"disabled":false,"expanded":true,"selected":false},"tags":[],"nodes":[{"id":"c1070c20-73c4-4692-b8a4-0d57832629f0","name":"ArrayStack","parentNodeId":"69ab3943-dd5c-4865-b0b3-a1b555d4e557","text":"ArrayStack","icon":"","selectedIcon":"","color":"#000000","backColor":"#FFFFFF","href":"","selectable":true,"state":{"checked":false,"disabled":false,"expanded":true,"selected":false},"tags":[],"nodes":[],"data":{"RelationType":"Implements"},"parentid":"69ab3943-dd5c-4865-b0b3-a1b555d4e557","parentname":"Array-Based List","nodeId":3,"parentId":2},{"id":"8174a1ec-5099-4acd-9bf6-a5dca6b1f1fe","name":"ArrayQueue","parentNodeId":"69ab3943-dd5c-4865-b0b3-a1b555d4e557","text":"ArrayQueue","icon":"","selectedIcon":"","color":"#000000","backColor":"#FFFFFF","href":"","selectable":true,"state":{"checked":false,"disabled":false,"expanded":true,"selected":false},"tags":[],"nodes":[],"data":{"RelationType":"Implements"},"parentid":"69ab3943-dd5c-4865-b0b3-a1b555d4e557","parentname":"Array-Based List","nodeId":4,"parentId":2},{"id":"4c735e89-b942-497b-b6f4-559cdb584024","name":"ArrayDeque","parentNodeId":"69ab3943-dd5c-4865-b0b3-a1b555d4e557","text":"ArrayDeque","icon":"","selectedIcon":"","color":"#000000","backColor":"#FFFFFF","href":"","selectable":true,"state":{"checked":false,"disabled":false,"expanded":true,"selected":false},"tags":[],"nodes":[],"data":{"RelationType":"Implements"},"parentid":"69ab3943-dd5c-4865-b0b3-a1b555d4e557","parentname":"Array-Based List","nodeId":5,"parentId":2},{"id":"7d78d44d-2e82-4a9c-8176-5b380ffbe480","name":"DualArrayDeque","parentNodeId":"69ab3943-dd5c-4865-b0b3-a1b555d4e557","text":"DualArrayDeque","icon":"","selectedIcon":"","color":"#000000","backColor":"#FFFFFF","href":"","selectable":true,"state":{"checked":false,"disabled":false,"expanded":true,"selected":false},"tags":[],"nodes":[],"data":{"RelationType":"Implements"},"parentid":"69ab3943-dd5c-4865-b0b3-a1b555d4e557","parentname":"Array-Based List","nodeId":6,"parentId":2},{"id":"a9f90b95-12a4-4a22-afb6-84406ffc82c0","name":"RootishArrayStack","parentNodeId":"69ab3943-dd5c-4865-b0b3-a1b555d4e557","text":"RootishArrayStack","icon":"","selectedIcon":"","color":"#000000","backColor":"#FFFFFF","href":"","selectable":true,"state":{"checked":false,"disabled":false,"expanded":true,"selected":false},"tags":[],"nodes":[],"data":{"RelationType":"Implements"},"parentid":"69ab3943-dd5c-4865-b0b3-a1b555d4e557","parentname":"Array-Based List","nodeId":7,"parentId":2}],"data":{"RelationType":"Implements"},"parentid":"4f8df074-2801-4d59-be73-981c50a1a747","parentname":"List","nodeId":2,"parentId":1},{"id":"2e98c05c-9522-4792-b3fb-1e85f0f4aa87","name":"Linked List","parentNodeId":"4f8df074-2801-4d59-be73-981c50a1a747","text":"Linked List","icon":"","selectedIcon":"","color":"#000000","backColor":"#FFFFFF","href":"","selectable":true,"state":{"checked":false,"disabled":false,"expanded":true,"selected":false},"tags":[],"nodes":[{"id":"a528fd7b-ee4a-43f8-9ee0-cfad4d8ee3f6","name":"SLList (Singly-Linked List)","parentNodeId":"2e98c05c-9522-4792-b3fb-1e85f0f4aa87","text":"SLList (Singly-Linked List)","icon":"","selectedIcon":"","color":"#000000","backColor":"#FFFFFF","href":"","selectable":true,"state":{"checked":false,"disabled":false,"expanded":true,"selected":false},"tags":[],"nodes":[],"data":{"RelationType":"TypeOf"},"parentid":"2e98c05c-9522-4792-b3fb-1e85f0f4aa87","parentname":"Linked List","nodeId":9,"parentId":8},{"id":"775ef5ed-21a0-433a-9f97-6b3965194521","name":"DLList (Doubly-Linked List)","parentNodeId":"2e98c05c-9522-4792-b3fb-1e85f0f4aa87","text":"DLList (Doubly-Linked List)","icon":"","selectedIcon":"","color":"#000000","backColor":"#FFFFFF","href":"","selectable":true,"state":{"checked":false,"disabled":false,"expanded":true,"selected":false},"tags":[],"nodes":[],"data":{"RelationType":"TypeOf"},"parentid":"2e98c05c-9522-4792-b3fb-1e85f0f4aa87","parentname":"Linked List","nodeId":10,"parentId":8},{"id":"2330c2dc-a0c6-4ce9-b615-e9d15e7654ef","name":"SEList (Space-Efficient List)","parentNodeId":"2e98c05c-9522-4792-b3fb-1e85f0f4aa87","text":"SEList (Space-Efficient List)","icon":"","selectedIcon":"","color":"#000000","backColor":"#FFFFFF","href":"","selectable":true,"state":{"checked":false,"disabled":false,"expanded":true,"selected":false},"tags":[],"nodes":[],"data":{"RelationType":"TypeOf"},"parentid":"2e98c05c-9522-4792-b3fb-1e85f0f4aa87","parentname":"Linked List","nodeId":11,"parentId":8}],"data":{"RelationType":"Implements"},"parentid":"4f8df074-2801-4d59-be73-981c50a1a747","parentname":"List","nodeId":8,"parentId":1}],"data":{"RelationType":"TypeOf"},"parentid":"0dff2524-bace-4371-b827-85c5aa1569e1","parentname":"InterfaceCopyCopy","nodeId":1,"parentId":0},{"id":"24a3cebf-fc4a-4bb0-946f-75225296a810","name":"USet","parentNodeId":"0dff2524-bace-4371-b827-85c5aa1569e1","text":"USet","icon":"","selectedIcon":"","color":"#000000","backColor":"#FFFFFF","href":"","selectable":true,"state":{"checked":false,"disabled":false,"expanded":true,"selected":false},"tags":[],"nodes":[{"id":"147ea0e4-682b-4ae9-beca-a7837f9c27e4","name":"HashTable","parentNodeId":"24a3cebf-fc4a-4bb0-946f-75225296a810","text":"HashTable","icon":"","selectedIcon":"","color":"#000000","backColor":"#FFFFFF","href":"","selectable":true,"state":{"checked":false,"disabled":false,"expanded":true,"selected":false},"tags":[],"nodes":[{"id":"18adc384-89d4-426c-b44f-c584a254bfdc","name":"ChainedHashTable","parentNodeId":"147ea0e4-682b-4ae9-beca-a7837f9c27e4","text":"ChainedHashTable","icon":"","selectedIcon":"","color":"#000000","backColor":"#FFFFFF","href":"","selectable":true,"state":{"checked":false,"disabled":false,"expanded":true,"selected":false},"tags":[],"nodes":[],"data":{"RelationType":"Implements"},"parentid":"147ea0e4-682b-4ae9-beca-a7837f9c27e4","parentname":"HashTable","nodeId":14,"parentId":13},{"id":"816a5cdc-edca-442b-bc20-151192c8b315","name":"LinearHashTable","parentNodeId":"147ea0e4-682b-4ae9-beca-a7837f9c27e4","text":"LinearHashTable","icon":"","selectedIcon":"","color":"#000000","backColor":"#FFFFFF","href":"","selectable":true,"state":{"checked":false,"disabled":false,"expanded":true,"selected":false},"tags":[],"nodes":[],"data":{"RelationType":"Implements"},"parentid":"147ea0e4-682b-4ae9-beca-a7837f9c27e4","parentname":"HashTable","nodeId":15,"parentId":13}],"data":{"RelationType":"Implements"},"parentid":"24a3cebf-fc4a-4bb0-946f-75225296a810","parentname":"USet","nodeId":13,"parentId":12}],"data":{"RelationType":"TypeOf"},"parentid":"0dff2524-bace-4371-b827-85c5aa1569e1","parentname":"InterfaceCopyCopy","nodeId":2,"parentId":0},{"id":"6c932620-3172-4728-ad1f-2818b610e541","name":"SSet","parentNodeId":"0dff2524-bace-4371-b827-85c5aa1569e1","text":"SSet","icon":"","selectedIcon":"","color":"#000000","backColor":"#FFFFFF","href":"","selectable":true,"state":{"checked":false,"disabled":false,"expanded":true,"selected":false},"tags":[],"nodes":[{"id":"38469e8c-d26a-420b-9c01-b8d692c3b059","name":"SkipListSet","parentNodeId":"6c932620-3172-4728-ad1f-2818b610e541","text":"SkipListSet","icon":"","selectedIcon":"","color":"#000000","backColor":"#FFFFFF","href":"","selectable":true,"state":{"checked":false,"disabled":false,"expanded":true,"selected":false},"tags":[],"nodes":[],"data":{"RelationType":"Implements"},"parentid":"6c932620-3172-4728-ad1f-2818b610e541","parentname":"SSet","nodeId":17,"parentId":16},{"id":"c39729fe-2282-48d7-8c04-b93c76a78eb9","name":"Treap","parentNodeId":"6c932620-3172-4728-ad1f-2818b610e541","text":"Treap","icon":"","selectedIcon":"","color":"#000000","backColor":"#FFFFFF","href":"","selectable":true,"state":{"checked":false,"disabled":false,"expanded":true,"selected":false},"tags":[],"nodes":[],"data":{"RelationType":"Implements"},"parentid":"6c932620-3172-4728-ad1f-2818b610e541","parentname":"SSet","nodeId":18,"parentId":16},{"id":"fd99a229-9b9b-4773-a9c9-f1629f0a4957","name":"Binary Tree","parentNodeId":"6c932620-3172-4728-ad1f-2818b610e541","text":"Binary Tree","icon":"","selectedIcon":"","color":"#000000","backColor":"#FFFFFF","href":"","selectable":true,"state":{"checked":false,"disabled":false,"expanded":true,"selected":false},"tags":[],"nodes":[{"id":"993a6e79-7a0d-455e-b8bd-70b0309cfe5d","name":"Binary Search Tree","parentNodeId":"fd99a229-9b9b-4773-a9c9-f1629f0a4957","text":"Binary Search Tree","icon":"","selectedIcon":"","color":"#000000","backColor":"#FFFFFF","href":"","selectable":true,"state":{"checked":false,"disabled":false,"expanded":true,"selected":false},"tags":[],"nodes":[{"id":"024f57d0-80f0-41ca-9104-23a10f6af236","name":"Random Binary Search Tree","parentNodeId":"993a6e79-7a0d-455e-b8bd-70b0309cfe5d","text":"Random Binary Search Tree","icon":"","selectedIcon":"","color":"#000000","backColor":"#FFFFFF","href":"","selectable":true,"state":{"checked":false,"disabled":false,"expanded":true,"selected":false},"tags":[],"nodes":[],"data":{"RelationType":"TypeOf"},"parentid":"993a6e79-7a0d-455e-b8bd-70b0309cfe5d","parentname":"Binary Search Tree","nodeId":21,"parentId":20},{"id":"a33283d5-eb44-4b3e-9de0-4fa25b33cc66","name":"ScapegoatTree","parentNodeId":"993a6e79-7a0d-455e-b8bd-70b0309cfe5d","text":"ScapegoatTree","icon":"","selectedIcon":"","color":"#000000","backColor":"#FFFFFF","href":"","selectable":true,"state":{"checked":false,"disabled":false,"expanded":true,"selected":false},"tags":[],"nodes":[],"data":{"RelationType":"TypeOf"},"parentid":"993a6e79-7a0d-455e-b8bd-70b0309cfe5d","parentname":"Binary Search Tree","nodeId":22,"parentId":20},{"id":"acc513fb-3077-4eb1-a83a-7ce34dd43be3","name":"Read-Black Tree","parentNodeId":"993a6e79-7a0d-455e-b8bd-70b0309cfe5d","text":"Read-Black Tree","icon":"","selectedIcon":"","color":"#000000","backColor":"#FFFFFF","href":"","selectable":true,"state":{"checked":false,"disabled":false,"expanded":true,"selected":false},"tags":[],"nodes":[],"data":{"RelationType":"TypeOf"},"parentid":"993a6e79-7a0d-455e-b8bd-70b0309cfe5d","parentname":"Binary Search Tree","nodeId":23,"parentId":20}],"data":{"RelationType":"TypeOf"},"parentid":"fd99a229-9b9b-4773-a9c9-f1629f0a4957","parentname":"Binary Tree","nodeId":20,"parentId":19},{"id":"f607abdf-4a97-4d7b-b003-2097549cea62","name":"Heap","parentNodeId":"fd99a229-9b9b-4773-a9c9-f1629f0a4957","text":"Heap","icon":"","selectedIcon":"","color":"#000000","backColor":"#FFFFFF","href":"","selectable":true,"state":{"checked":false,"disabled":false,"expanded":true,"selected":false},"tags":[],"nodes":[{"id":"540ddcbf-4d2a-4339-a744-af7d4007735c","name":"BinaryHeap","parentNodeId":"f607abdf-4a97-4d7b-b003-2097549cea62","text":"BinaryHeap","icon":"","selectedIcon":"","color":"#000000","backColor":"#FFFFFF","href":"","selectable":true,"state":{"checked":false,"disabled":false,"expanded":true,"selected":false},"tags":[],"nodes":[],"data":{"RelationType":"TypeOf"},"parentid":"f607abdf-4a97-4d7b-b003-2097549cea62","parentname":"Heap","nodeId":25,"parentId":24},{"id":"57effcf3-98a9-484f-864f-6c854c94caeb","name":"MeldableHeap","parentNodeId":"f607abdf-4a97-4d7b-b003-2097549cea62","text":"MeldableHeap","icon":"","selectedIcon":"","color":"#000000","backColor":"#FFFFFF","href":"","selectable":true,"state":{"checked":false,"disabled":false,"expanded":true,"selected":false},"tags":[],"nodes":[],"data":{"RelationType":"TypeOf"},"parentid":"f607abdf-4a97-4d7b-b003-2097549cea62","parentname":"Heap","nodeId":26,"parentId":24}],"data":{"RelationType":"TypeOf"},"parentid":"fd99a229-9b9b-4773-a9c9-f1629f0a4957","parentname":"Binary Tree","nodeId":24,"parentId":19}],"data":{"RelationType":"Implements"},"parentid":"6c932620-3172-4728-ad1f-2818b610e541","parentname":"SSet","nodeId":19,"parentId":16}],"data":{"RelationType":"TypeOf"},"parentid":"0dff2524-bace-4371-b827-85c5aa1569e1","parentname":"InterfaceCopyCopy","nodeId":3,"parentId":0},{"id":"99f67694-f366-4be9-b921-a98ba7e675ec","name":"Graph","parentNodeId":"0dff2524-bace-4371-b827-85c5aa1569e1","text":"Graph","icon":"","selectedIcon":"","color":"#000000","backColor":"#FFFFFF","href":"","selectable":true,"state":{"checked":false,"disabled":false,"expanded":true,"selected":false},"tags":[],"nodes":[{"id":"6bf38507-6c13-4761-981b-f8d753786856","name":"AjacencyMatrix","parentNodeId":"99f67694-f366-4be9-b921-a98ba7e675ec","text":"AjacencyMatrix","icon":"","selectedIcon":"","color":"#000000","backColor":"#FFFFFF","href":"","selectable":true,"state":{"checked":false,"disabled":false,"expanded":true,"selected":false},"tags":[],"nodes":[],"data":{"RelationType":"Implements"},"parentid":"99f67694-f366-4be9-b921-a98ba7e675ec","parentname":"Graph","nodeId":28,"parentId":27},{"id":"7ba64e1c-3dd8-4639-8a0c-0d05c4c9960f","name":"AdjacencyList","parentNodeId":"99f67694-f366-4be9-b921-a98ba7e675ec","text":"AdjacencyList","icon":"","selectedIcon":"","color":"#000000","backColor":"#FFFFFF","href":"","selectable":true,"state":{"checked":false,"disabled":false,"expanded":true,"selected":false},"tags":[],"nodes":[],"data":{"RelationType":"Implements"},"parentid":"99f67694-f366-4be9-b921-a98ba7e675ec","parentname":"Graph","nodeId":29,"parentId":27}],"data":{"RelationType":"TypeOf"},"parentid":"0dff2524-bace-4371-b827-85c5aa1569e1","parentname":"InterfaceCopyCopy","nodeId":27,"parentId":0}],"icon":"","selectedIcon":"-","color":"#000000","backColor":"#FFFFFF","href":"","selectable":true,"state":{"checked":false,"disabled":false,"expanded":true,"selected":true},"nodeId":0,"name":"Interface","parentname":""}]', NULL, 0, 0, 1, 72),
('1656f736-27e2-4994-9470-ed7e22328d50', 'Interface', 'Common data structures interface and its implementations', '2017-08-29 10:24:24', '[{"id":"1656f736-27e2-4994-9470-ed7e22328d50","text":"Interface","nodes":[{"id":"4f8df074-2801-4d59-be73-981c50a1a747","name":"List","parentNodeId":"1656f736-27e2-4994-9470-ed7e22328d50","text":"List","icon":"","selectedIcon":"","color":"#000000","backColor":"#FFFFFF","href":"","selectable":true,"state":{"checked":false,"disabled":false,"expanded":true,"selected":false},"tags":[],"nodes":[{"id":"69ab3943-dd5c-4865-b0b3-a1b555d4e557","name":"Array-Based List","parentNodeId":"4f8df074-2801-4d59-be73-981c50a1a747","text":"Array-Based List","icon":"","selectedIcon":"","color":"#000000","backColor":"#FFFFFF","href":"","selectable":true,"state":{"checked":false,"disabled":false,"expanded":true,"selected":false},"tags":[],"nodes":[{"id":"c1070c20-73c4-4692-b8a4-0d57832629f0","name":"ArrayStack","parentNodeId":"69ab3943-dd5c-4865-b0b3-a1b555d4e557","text":"ArrayStack","icon":"","selectedIcon":"","color":"#000000","backColor":"#FFFFFF","href":"","selectable":true,"state":{"checked":false,"disabled":false,"expanded":true,"selected":false},"tags":[],"nodes":[],"data":{"RelationType":"Implements"},"parentid":"69ab3943-dd5c-4865-b0b3-a1b555d4e557","parentname":"Array-Based List","nodeId":3,"parentId":2},{"id":"8174a1ec-5099-4acd-9bf6-a5dca6b1f1fe","name":"ArrayQueue","parentNodeId":"69ab3943-dd5c-4865-b0b3-a1b555d4e557","text":"ArrayQueue","icon":"","selectedIcon":"","color":"#000000","backColor":"#FFFFFF","href":"","selectable":true,"state":{"checked":false,"disabled":false,"expanded":true,"selected":false},"tags":[],"nodes":[],"data":{"RelationType":"Implements"},"parentid":"69ab3943-dd5c-4865-b0b3-a1b555d4e557","parentname":"Array-Based List","nodeId":4,"parentId":2},{"id":"4c735e89-b942-497b-b6f4-559cdb584024","name":"ArrayDeque","parentNodeId":"69ab3943-dd5c-4865-b0b3-a1b555d4e557","text":"ArrayDeque","icon":"","selectedIcon":"","color":"#000000","backColor":"#FFFFFF","href":"","selectable":true,"state":{"checked":false,"disabled":false,"expanded":true,"selected":false},"tags":[],"nodes":[],"data":{"RelationType":"Implements"},"parentid":"69ab3943-dd5c-4865-b0b3-a1b555d4e557","parentname":"Array-Based List","nodeId":5,"parentId":2},{"id":"7d78d44d-2e82-4a9c-8176-5b380ffbe480","name":"DualArrayDeque","parentNodeId":"69ab3943-dd5c-4865-b0b3-a1b555d4e557","text":"DualArrayDeque","icon":"","selectedIcon":"","color":"#000000","backColor":"#FFFFFF","href":"","selectable":true,"state":{"checked":false,"disabled":false,"expanded":true,"selected":false},"tags":[],"nodes":[],"data":{"RelationType":"Implements"},"parentid":"69ab3943-dd5c-4865-b0b3-a1b555d4e557","parentname":"Array-Based List","nodeId":6,"parentId":2},{"id":"a9f90b95-12a4-4a22-afb6-84406ffc82c0","name":"RootishArrayStack","parentNodeId":"69ab3943-dd5c-4865-b0b3-a1b555d4e557","text":"RootishArrayStack","icon":"","selectedIcon":"","color":"#000000","backColor":"#FFFFFF","href":"","selectable":true,"state":{"checked":false,"disabled":false,"expanded":true,"selected":false},"tags":[],"nodes":[],"data":{"RelationType":"Implements"},"parentid":"69ab3943-dd5c-4865-b0b3-a1b555d4e557","parentname":"Array-Based List","nodeId":7,"parentId":2}],"data":{"RelationType":"Implements"},"parentid":"4f8df074-2801-4d59-be73-981c50a1a747","parentname":"List","nodeId":2,"parentId":1},{"id":"2e98c05c-9522-4792-b3fb-1e85f0f4aa87","name":"Linked List","parentNodeId":"4f8df074-2801-4d59-be73-981c50a1a747","text":"Linked List","icon":"","selectedIcon":"","color":"#000000","backColor":"#FFFFFF","href":"","selectable":true,"state":{"checked":false,"disabled":false,"expanded":true,"selected":false},"tags":[],"nodes":[{"id":"a528fd7b-ee4a-43f8-9ee0-cfad4d8ee3f6","name":"SLList (Singly-Linked List)","parentNodeId":"2e98c05c-9522-4792-b3fb-1e85f0f4aa87","text":"SLList (Singly-Linked List)","icon":"","selectedIcon":"","color":"#000000","backColor":"#FFFFFF","href":"","selectable":true,"state":{"checked":false,"disabled":false,"expanded":true,"selected":false},"tags":[],"nodes":[],"data":{"RelationType":"TypeOf"},"parentid":"2e98c05c-9522-4792-b3fb-1e85f0f4aa87","parentname":"Linked List","nodeId":9,"parentId":8},{"id":"775ef5ed-21a0-433a-9f97-6b3965194521","name":"DLList (Doubly-Linked List)","parentNodeId":"2e98c05c-9522-4792-b3fb-1e85f0f4aa87","text":"DLList (Doubly-Linked List)","icon":"","selectedIcon":"","color":"#000000","backColor":"#FFFFFF","href":"","selectable":true,"state":{"checked":false,"disabled":false,"expanded":true,"selected":false},"tags":[],"nodes":[],"data":{"RelationType":"TypeOf"},"parentid":"2e98c05c-9522-4792-b3fb-1e85f0f4aa87","parentname":"Linked List","nodeId":10,"parentId":8},{"id":"2330c2dc-a0c6-4ce9-b615-e9d15e7654ef","name":"SEList (Space-Efficient List)","parentNodeId":"2e98c05c-9522-4792-b3fb-1e85f0f4aa87","text":"SEList (Space-Efficient List)","icon":"","selectedIcon":"","color":"#000000","backColor":"#FFFFFF","href":"","selectable":true,"state":{"checked":false,"disabled":false,"expanded":true,"selected":false},"tags":[],"nodes":[],"data":{"RelationType":"TypeOf"},"parentid":"2e98c05c-9522-4792-b3fb-1e85f0f4aa87","parentname":"Linked List","nodeId":11,"parentId":8}],"data":{"RelationType":"Implements"},"parentid":"4f8df074-2801-4d59-be73-981c50a1a747","parentname":"List","nodeId":8,"parentId":1}],"data":{"RelationType":"TypeOf"},"parentid":"1656f736-27e2-4994-9470-ed7e22328d50","parentname":"Interface","nodeId":1,"parentId":0},{"id":"24a3cebf-fc4a-4bb0-946f-75225296a810","name":"USet","parentNodeId":"1656f736-27e2-4994-9470-ed7e22328d50","text":"USet","icon":"","selectedIcon":"","color":"#000000","backColor":"#FFFFFF","href":"","selectable":true,"state":{"checked":false,"disabled":false,"expanded":true,"selected":false},"tags":[],"nodes":[{"id":"147ea0e4-682b-4ae9-beca-a7837f9c27e4","name":"HashTable","parentNodeId":"24a3cebf-fc4a-4bb0-946f-75225296a810","text":"HashTable","icon":"","selectedIcon":"","color":"#000000","backColor":"#FFFFFF","href":"","selectable":true,"state":{"checked":false,"disabled":false,"expanded":true,"selected":false},"tags":[],"nodes":[{"id":"18adc384-89d4-426c-b44f-c584a254bfdc","name":"ChainedHashTable","parentNodeId":"147ea0e4-682b-4ae9-beca-a7837f9c27e4","text":"ChainedHashTable","icon":"","selectedIcon":"","color":"#000000","backColor":"#FFFFFF","href":"","selectable":true,"state":{"checked":false,"disabled":false,"expanded":true,"selected":false},"tags":[],"nodes":[],"data":{"RelationType":"Implements"},"parentid":"147ea0e4-682b-4ae9-beca-a7837f9c27e4","parentname":"HashTable","nodeId":14,"parentId":13},{"id":"816a5cdc-edca-442b-bc20-151192c8b315","name":"LinearHashTable","parentNodeId":"147ea0e4-682b-4ae9-beca-a7837f9c27e4","text":"LinearHashTable","icon":"","selectedIcon":"","color":"#000000","backColor":"#FFFFFF","href":"","selectable":true,"state":{"checked":false,"disabled":false,"expanded":true,"selected":false},"tags":[],"nodes":[],"data":{"RelationType":"Implements"},"parentid":"147ea0e4-682b-4ae9-beca-a7837f9c27e4","parentname":"HashTable","nodeId":15,"parentId":13}],"data":{"RelationType":"Implements"},"parentid":"24a3cebf-fc4a-4bb0-946f-75225296a810","parentname":"USet","nodeId":13,"parentId":12}],"data":{"RelationType":"TypeOf"},"parentid":"1656f736-27e2-4994-9470-ed7e22328d50","parentname":"Interface","nodeId":2,"parentId":0},{"id":"6c932620-3172-4728-ad1f-2818b610e541","name":"SSet","parentNodeId":"1656f736-27e2-4994-9470-ed7e22328d50","text":"SSet","icon":"","selectedIcon":"","color":"#000000","backColor":"#FFFFFF","href":"","selectable":true,"state":{"checked":false,"disabled":false,"expanded":true,"selected":false},"tags":[],"nodes":[{"id":"38469e8c-d26a-420b-9c01-b8d692c3b059","name":"SkipListSet","parentNodeId":"6c932620-3172-4728-ad1f-2818b610e541","text":"SkipListSet","icon":"","selectedIcon":"","color":"#000000","backColor":"#FFFFFF","href":"","selectable":true,"state":{"checked":false,"disabled":false,"expanded":true,"selected":false},"tags":[],"nodes":[],"data":{"RelationType":"Implements"},"parentid":"6c932620-3172-4728-ad1f-2818b610e541","parentname":"SSet","nodeId":17,"parentId":16},{"id":"c39729fe-2282-48d7-8c04-b93c76a78eb9","name":"Treap","parentNodeId":"6c932620-3172-4728-ad1f-2818b610e541","text":"Treap","icon":"","selectedIcon":"","color":"#000000","backColor":"#FFFFFF","href":"","selectable":true,"state":{"checked":false,"disabled":false,"expanded":true,"selected":false},"tags":[],"nodes":[],"data":{"RelationType":"Implements"},"parentid":"6c932620-3172-4728-ad1f-2818b610e541","parentname":"SSet","nodeId":18,"parentId":16},{"id":"fd99a229-9b9b-4773-a9c9-f1629f0a4957","name":"Binary Tree","parentNodeId":"6c932620-3172-4728-ad1f-2818b610e541","text":"Binary Tree","icon":"","selectedIcon":"","color":"#000000","backColor":"#FFFFFF","href":"","selectable":true,"state":{"checked":false,"disabled":false,"expanded":true,"selected":false},"tags":[],"nodes":[{"id":"993a6e79-7a0d-455e-b8bd-70b0309cfe5d","name":"Binary Search Tree","parentNodeId":"fd99a229-9b9b-4773-a9c9-f1629f0a4957","text":"Binary Search Tree","icon":"","selectedIcon":"","color":"#000000","backColor":"#FFFFFF","href":"","selectable":true,"state":{"checked":false,"disabled":false,"expanded":true,"selected":false},"tags":[],"nodes":[{"id":"024f57d0-80f0-41ca-9104-23a10f6af236","name":"Random Binary Search Tree","parentNodeId":"993a6e79-7a0d-455e-b8bd-70b0309cfe5d","text":"Random Binary Search Tree","icon":"","selectedIcon":"","color":"#000000","backColor":"#FFFFFF","href":"","selectable":true,"state":{"checked":false,"disabled":false,"expanded":true,"selected":false},"tags":[],"nodes":[],"data":{"RelationType":"TypeOf"},"parentid":"993a6e79-7a0d-455e-b8bd-70b0309cfe5d","parentname":"Binary Search Tree","nodeId":21,"parentId":20},{"id":"a33283d5-eb44-4b3e-9de0-4fa25b33cc66","name":"ScapegoatTree","parentNodeId":"993a6e79-7a0d-455e-b8bd-70b0309cfe5d","text":"ScapegoatTree","icon":"","selectedIcon":"","color":"#000000","backColor":"#FFFFFF","href":"","selectable":true,"state":{"checked":false,"disabled":false,"expanded":true,"selected":false},"tags":[],"nodes":[],"data":{"RelationType":"TypeOf"},"parentid":"993a6e79-7a0d-455e-b8bd-70b0309cfe5d","parentname":"Binary Search Tree","nodeId":22,"parentId":20},{"id":"acc513fb-3077-4eb1-a83a-7ce34dd43be3","name":"Read-Black Tree","parentNodeId":"993a6e79-7a0d-455e-b8bd-70b0309cfe5d","text":"Read-Black Tree","icon":"","selectedIcon":"","color":"#000000","backColor":"#FFFFFF","href":"","selectable":true,"state":{"checked":false,"disabled":false,"expanded":true,"selected":false},"tags":[],"nodes":[],"data":{"RelationType":"TypeOf"},"parentid":"993a6e79-7a0d-455e-b8bd-70b0309cfe5d","parentname":"Binary Search Tree","nodeId":23,"parentId":20}],"data":{"RelationType":"TypeOf"},"parentid":"fd99a229-9b9b-4773-a9c9-f1629f0a4957","parentname":"Binary Tree","nodeId":20,"parentId":19},{"id":"f607abdf-4a97-4d7b-b003-2097549cea62","name":"Heap","parentNodeId":"fd99a229-9b9b-4773-a9c9-f1629f0a4957","text":"Heap","icon":"","selectedIcon":"","color":"#000000","backColor":"#FFFFFF","href":"","selectable":true,"state":{"checked":false,"disabled":false,"expanded":true,"selected":false},"tags":[],"nodes":[{"id":"540ddcbf-4d2a-4339-a744-af7d4007735c","name":"BinaryHeap","parentNodeId":"f607abdf-4a97-4d7b-b003-2097549cea62","text":"BinaryHeap","icon":"","selectedIcon":"","color":"#000000","backColor":"#FFFFFF","href":"","selectable":true,"state":{"checked":false,"disabled":false,"expanded":true,"selected":false},"tags":[],"nodes":[],"data":{"RelationType":"TypeOf"},"parentid":"f607abdf-4a97-4d7b-b003-2097549cea62","parentname":"Heap","nodeId":25,"parentId":24},{"id":"57effcf3-98a9-484f-864f-6c854c94caeb","name":"MeldableHeap","parentNodeId":"f607abdf-4a97-4d7b-b003-2097549cea62","text":"MeldableHeap","icon":"","selectedIcon":"","color":"#000000","backColor":"#FFFFFF","href":"","selectable":true,"state":{"checked":false,"disabled":false,"expanded":true,"selected":false},"tags":[],"nodes":[],"data":{"RelationType":"TypeOf"},"parentid":"f607abdf-4a97-4d7b-b003-2097549cea62","parentname":"Heap","nodeId":26,"parentId":24}],"data":{"RelationType":"TypeOf"},"parentid":"fd99a229-9b9b-4773-a9c9-f1629f0a4957","parentname":"Binary Tree","nodeId":24,"parentId":19}],"data":{"RelationType":"Implements"},"parentid":"6c932620-3172-4728-ad1f-2818b610e541","parentname":"SSet","nodeId":19,"parentId":16}],"data":{"RelationType":"TypeOf"},"parentid":"1656f736-27e2-4994-9470-ed7e22328d50","parentname":"Interface","nodeId":3,"parentId":0},{"id":"99f67694-f366-4be9-b921-a98ba7e675ec","name":"Graph","parentNodeId":"1656f736-27e2-4994-9470-ed7e22328d50","text":"Graph","icon":"","selectedIcon":"","color":"#000000","backColor":"#FFFFFF","href":"","selectable":true,"state":{"checked":false,"disabled":false,"expanded":true,"selected":false},"tags":[],"nodes":[{"id":"6bf38507-6c13-4761-981b-f8d753786856","name":"AjacencyMatrix","parentNodeId":"99f67694-f366-4be9-b921-a98ba7e675ec","text":"AjacencyMatrix","icon":"","selectedIcon":"","color":"#000000","backColor":"#FFFFFF","href":"","selectable":true,"state":{"checked":false,"disabled":false,"expanded":true,"selected":false},"tags":[],"nodes":[],"data":{"RelationType":"Implements"},"parentid":"99f67694-f366-4be9-b921-a98ba7e675ec","parentname":"Graph","nodeId":28,"parentId":27},{"id":"7ba64e1c-3dd8-4639-8a0c-0d05c4c9960f","name":"AdjacencyList","parentNodeId":"99f67694-f366-4be9-b921-a98ba7e675ec","text":"AdjacencyList","icon":"","selectedIcon":"","color":"#000000","backColor":"#FFFFFF","href":"","selectable":true,"state":{"checked":false,"disabled":false,"expanded":true,"selected":false},"tags":[],"nodes":[],"data":{"RelationType":"Implements"},"parentid":"99f67694-f366-4be9-b921-a98ba7e675ec","parentname":"Graph","nodeId":29,"parentId":27}],"data":{"RelationType":"TypeOf"},"parentid":"1656f736-27e2-4994-9470-ed7e22328d50","parentname":"Interface","nodeId":27,"parentId":0}],"icon":"","selectedIcon":"-","color":"#000000","backColor":"#FFFFFF","href":"","selectable":true,"state":{"checked":false,"disabled":false,"expanded":true,"selected":true},"nodeId":0,"name":"Interface","parentname":""}]', NULL, 0, 0, 1, 2),
('423f064d-d7e4-4862-be69-3db8ee222f3d', 'InterfaceCopy', 'Common data structures interface and its implementationsCopy', '2017-09-08 08:20:59', '[{"id":"423f064d-d7e4-4862-be69-3db8ee222f3d","text":"Interface","nodes":[{"id":"4f8df074-2801-4d59-be73-981c50a1a747","name":"List","parentNodeId":"423f064d-d7e4-4862-be69-3db8ee222f3d","text":"List","icon":"","selectedIcon":"","color":"#000000","backColor":"#FFFFFF","href":"","selectable":true,"state":{"checked":false,"disabled":false,"expanded":true,"selected":false},"tags":[],"nodes":[{"id":"69ab3943-dd5c-4865-b0b3-a1b555d4e557","name":"Array-Based List","parentNodeId":"4f8df074-2801-4d59-be73-981c50a1a747","text":"Array-Based List","icon":"","selectedIcon":"","color":"#000000","backColor":"#FFFFFF","href":"","selectable":true,"state":{"checked":false,"disabled":false,"expanded":true,"selected":false},"tags":[],"nodes":[{"id":"c1070c20-73c4-4692-b8a4-0d57832629f0","name":"ArrayStack","parentNodeId":"69ab3943-dd5c-4865-b0b3-a1b555d4e557","text":"ArrayStack","icon":"","selectedIcon":"","color":"#000000","backColor":"#FFFFFF","href":"","selectable":true,"state":{"checked":false,"disabled":false,"expanded":true,"selected":false},"tags":[],"nodes":[],"data":{"RelationType":"Implements"},"parentid":"69ab3943-dd5c-4865-b0b3-a1b555d4e557","parentname":"Array-Based List","nodeId":3,"parentId":2},{"id":"8174a1ec-5099-4acd-9bf6-a5dca6b1f1fe","name":"ArrayQueue","parentNodeId":"69ab3943-dd5c-4865-b0b3-a1b555d4e557","text":"ArrayQueue","icon":"","selectedIcon":"","color":"#000000","backColor":"#FFFFFF","href":"","selectable":true,"state":{"checked":false,"disabled":false,"expanded":true,"selected":false},"tags":[],"nodes":[],"data":{"RelationType":"Implements"},"parentid":"69ab3943-dd5c-4865-b0b3-a1b555d4e557","parentname":"Array-Based List","nodeId":4,"parentId":2},{"id":"4c735e89-b942-497b-b6f4-559cdb584024","name":"ArrayDeque","parentNodeId":"69ab3943-dd5c-4865-b0b3-a1b555d4e557","text":"ArrayDeque","icon":"","selectedIcon":"","color":"#000000","backColor":"#FFFFFF","href":"","selectable":true,"state":{"checked":false,"disabled":false,"expanded":true,"selected":false},"tags":[],"nodes":[],"data":{"RelationType":"Implements"},"parentid":"69ab3943-dd5c-4865-b0b3-a1b555d4e557","parentname":"Array-Based List","nodeId":5,"parentId":2},{"id":"7d78d44d-2e82-4a9c-8176-5b380ffbe480","name":"DualArrayDeque","parentNodeId":"69ab3943-dd5c-4865-b0b3-a1b555d4e557","text":"DualArrayDeque","icon":"","selectedIcon":"","color":"#000000","backColor":"#FFFFFF","href":"","selectable":true,"state":{"checked":false,"disabled":false,"expanded":true,"selected":false},"tags":[],"nodes":[],"data":{"RelationType":"Implements"},"parentid":"69ab3943-dd5c-4865-b0b3-a1b555d4e557","parentname":"Array-Based List","nodeId":6,"parentId":2},{"id":"a9f90b95-12a4-4a22-afb6-84406ffc82c0","name":"RootishArrayStack","parentNodeId":"69ab3943-dd5c-4865-b0b3-a1b555d4e557","text":"RootishArrayStack","icon":"","selectedIcon":"","color":"#000000","backColor":"#FFFFFF","href":"","selectable":true,"state":{"checked":false,"disabled":false,"expanded":true,"selected":false},"tags":[],"nodes":[],"data":{"RelationType":"Implements"},"parentid":"69ab3943-dd5c-4865-b0b3-a1b555d4e557","parentname":"Array-Based List","nodeId":7,"parentId":2}],"data":{"RelationType":"Implements"},"parentid":"4f8df074-2801-4d59-be73-981c50a1a747","parentname":"List","nodeId":2,"parentId":1},{"id":"2e98c05c-9522-4792-b3fb-1e85f0f4aa87","name":"Linked List","parentNodeId":"4f8df074-2801-4d59-be73-981c50a1a747","text":"Linked List","icon":"","selectedIcon":"","color":"#000000","backColor":"#FFFFFF","href":"","selectable":true,"state":{"checked":false,"disabled":false,"expanded":true,"selected":false},"tags":[],"nodes":[{"id":"a528fd7b-ee4a-43f8-9ee0-cfad4d8ee3f6","name":"SLList (Singly-Linked List)","parentNodeId":"2e98c05c-9522-4792-b3fb-1e85f0f4aa87","text":"SLList (Singly-Linked List)","icon":"","selectedIcon":"","color":"#000000","backColor":"#FFFFFF","href":"","selectable":true,"state":{"checked":false,"disabled":false,"expanded":true,"selected":false},"tags":[],"nodes":[],"data":{"RelationType":"TypeOf"},"parentid":"2e98c05c-9522-4792-b3fb-1e85f0f4aa87","parentname":"Linked List","nodeId":9,"parentId":8},{"id":"775ef5ed-21a0-433a-9f97-6b3965194521","name":"DLList (Doubly-Linked List)","parentNodeId":"2e98c05c-9522-4792-b3fb-1e85f0f4aa87","text":"DLList (Doubly-Linked List)","icon":"","selectedIcon":"","color":"#000000","backColor":"#FFFFFF","href":"","selectable":true,"state":{"checked":false,"disabled":false,"expanded":true,"selected":false},"tags":[],"nodes":[],"data":{"RelationType":"TypeOf"},"parentid":"2e98c05c-9522-4792-b3fb-1e85f0f4aa87","parentname":"Linked List","nodeId":10,"parentId":8},{"id":"2330c2dc-a0c6-4ce9-b615-e9d15e7654ef","name":"SEList (Space-Efficient List)","parentNodeId":"2e98c05c-9522-4792-b3fb-1e85f0f4aa87","text":"SEList (Space-Efficient List)","icon":"","selectedIcon":"","color":"#000000","backColor":"#FFFFFF","href":"","selectable":true,"state":{"checked":false,"disabled":false,"expanded":true,"selected":false},"tags":[],"nodes":[],"data":{"RelationType":"TypeOf"},"parentid":"2e98c05c-9522-4792-b3fb-1e85f0f4aa87","parentname":"Linked List","nodeId":11,"parentId":8}],"data":{"RelationType":"Implements"},"parentid":"4f8df074-2801-4d59-be73-981c50a1a747","parentname":"List","nodeId":8,"parentId":1}],"data":{"RelationType":"TypeOf"},"parentid":"423f064d-d7e4-4862-be69-3db8ee222f3d","parentname":"InterfaceCopy","nodeId":1,"parentId":0},{"id":"24a3cebf-fc4a-4bb0-946f-75225296a810","name":"USet","parentNodeId":"423f064d-d7e4-4862-be69-3db8ee222f3d","text":"USet","icon":"","selectedIcon":"","color":"#000000","backColor":"#FFFFFF","href":"","selectable":true,"state":{"checked":false,"disabled":false,"expanded":true,"selected":false},"tags":[],"nodes":[{"id":"147ea0e4-682b-4ae9-beca-a7837f9c27e4","name":"HashTable","parentNodeId":"24a3cebf-fc4a-4bb0-946f-75225296a810","text":"HashTable","icon":"","selectedIcon":"","color":"#000000","backColor":"#FFFFFF","href":"","selectable":true,"state":{"checked":false,"disabled":false,"expanded":true,"selected":false},"tags":[],"nodes":[{"id":"18adc384-89d4-426c-b44f-c584a254bfdc","name":"ChainedHashTable","parentNodeId":"147ea0e4-682b-4ae9-beca-a7837f9c27e4","text":"ChainedHashTable","icon":"","selectedIcon":"","color":"#000000","backColor":"#FFFFFF","href":"","selectable":true,"state":{"checked":false,"disabled":false,"expanded":true,"selected":false},"tags":[],"nodes":[],"data":{"RelationType":"Implements"},"parentid":"147ea0e4-682b-4ae9-beca-a7837f9c27e4","parentname":"HashTable","nodeId":14,"parentId":13},{"id":"816a5cdc-edca-442b-bc20-151192c8b315","name":"LinearHashTable","parentNodeId":"147ea0e4-682b-4ae9-beca-a7837f9c27e4","text":"LinearHashTable","icon":"","selectedIcon":"","color":"#000000","backColor":"#FFFFFF","href":"","selectable":true,"state":{"checked":false,"disabled":false,"expanded":true,"selected":false},"tags":[],"nodes":[],"data":{"RelationType":"Implements"},"parentid":"147ea0e4-682b-4ae9-beca-a7837f9c27e4","parentname":"HashTable","nodeId":15,"parentId":13}],"data":{"RelationType":"Implements"},"parentid":"24a3cebf-fc4a-4bb0-946f-75225296a810","parentname":"USet","nodeId":13,"parentId":12}],"data":{"RelationType":"TypeOf"},"parentid":"423f064d-d7e4-4862-be69-3db8ee222f3d","parentname":"InterfaceCopy","nodeId":2,"parentId":0},{"id":"6c932620-3172-4728-ad1f-2818b610e541","name":"SSet","parentNodeId":"423f064d-d7e4-4862-be69-3db8ee222f3d","text":"SSet","icon":"","selectedIcon":"","color":"#000000","backColor":"#FFFFFF","href":"","selectable":true,"state":{"checked":false,"disabled":false,"expanded":true,"selected":false},"tags":[],"nodes":[{"id":"38469e8c-d26a-420b-9c01-b8d692c3b059","name":"SkipListSet","parentNodeId":"6c932620-3172-4728-ad1f-2818b610e541","text":"SkipListSet","icon":"","selectedIcon":"","color":"#000000","backColor":"#FFFFFF","href":"","selectable":true,"state":{"checked":false,"disabled":false,"expanded":true,"selected":false},"tags":[],"nodes":[],"data":{"RelationType":"Implements"},"parentid":"6c932620-3172-4728-ad1f-2818b610e541","parentname":"SSet","nodeId":17,"parentId":16},{"id":"c39729fe-2282-48d7-8c04-b93c76a78eb9","name":"Treap","parentNodeId":"6c932620-3172-4728-ad1f-2818b610e541","text":"Treap","icon":"","selectedIcon":"","color":"#000000","backColor":"#FFFFFF","href":"","selectable":true,"state":{"checked":false,"disabled":false,"expanded":true,"selected":false},"tags":[],"nodes":[],"data":{"RelationType":"Implements"},"parentid":"6c932620-3172-4728-ad1f-2818b610e541","parentname":"SSet","nodeId":18,"parentId":16},{"id":"fd99a229-9b9b-4773-a9c9-f1629f0a4957","name":"Binary Tree","parentNodeId":"6c932620-3172-4728-ad1f-2818b610e541","text":"Binary Tree","icon":"","selectedIcon":"","color":"#000000","backColor":"#FFFFFF","href":"","selectable":true,"state":{"checked":false,"disabled":false,"expanded":true,"selected":false},"tags":[],"nodes":[{"id":"993a6e79-7a0d-455e-b8bd-70b0309cfe5d","name":"Binary Search Tree","parentNodeId":"fd99a229-9b9b-4773-a9c9-f1629f0a4957","text":"Binary Search Tree","icon":"","selectedIcon":"","color":"#000000","backColor":"#FFFFFF","href":"","selectable":true,"state":{"checked":false,"disabled":false,"expanded":true,"selected":false},"tags":[],"nodes":[{"id":"024f57d0-80f0-41ca-9104-23a10f6af236","name":"Random Binary Search Tree","parentNodeId":"993a6e79-7a0d-455e-b8bd-70b0309cfe5d","text":"Random Binary Search Tree","icon":"","selectedIcon":"","color":"#000000","backColor":"#FFFFFF","href":"","selectable":true,"state":{"checked":false,"disabled":false,"expanded":true,"selected":false},"tags":[],"nodes":[],"data":{"RelationType":"TypeOf"},"parentid":"993a6e79-7a0d-455e-b8bd-70b0309cfe5d","parentname":"Binary Search Tree","nodeId":21,"parentId":20},{"id":"a33283d5-eb44-4b3e-9de0-4fa25b33cc66","name":"ScapegoatTree","parentNodeId":"993a6e79-7a0d-455e-b8bd-70b0309cfe5d","text":"ScapegoatTree","icon":"","selectedIcon":"","color":"#000000","backColor":"#FFFFFF","href":"","selectable":true,"state":{"checked":false,"disabled":false,"expanded":true,"selected":false},"tags":[],"nodes":[],"data":{"RelationType":"TypeOf"},"parentid":"993a6e79-7a0d-455e-b8bd-70b0309cfe5d","parentname":"Binary Search Tree","nodeId":22,"parentId":20},{"id":"acc513fb-3077-4eb1-a83a-7ce34dd43be3","name":"Read-Black Tree","parentNodeId":"993a6e79-7a0d-455e-b8bd-70b0309cfe5d","text":"Read-Black Tree","icon":"","selectedIcon":"","color":"#000000","backColor":"#FFFFFF","href":"","selectable":true,"state":{"checked":false,"disabled":false,"expanded":true,"selected":false},"tags":[],"nodes":[],"data":{"RelationType":"TypeOf"},"parentid":"993a6e79-7a0d-455e-b8bd-70b0309cfe5d","parentname":"Binary Search Tree","nodeId":23,"parentId":20}],"data":{"RelationType":"TypeOf"},"parentid":"fd99a229-9b9b-4773-a9c9-f1629f0a4957","parentname":"Binary Tree","nodeId":20,"parentId":19},{"id":"f607abdf-4a97-4d7b-b003-2097549cea62","name":"Heap","parentNodeId":"fd99a229-9b9b-4773-a9c9-f1629f0a4957","text":"Heap","icon":"","selectedIcon":"","color":"#000000","backColor":"#FFFFFF","href":"","selectable":true,"state":{"checked":false,"disabled":false,"expanded":true,"selected":false},"tags":[],"nodes":[{"id":"540ddcbf-4d2a-4339-a744-af7d4007735c","name":"BinaryHeap","parentNodeId":"f607abdf-4a97-4d7b-b003-2097549cea62","text":"BinaryHeap","icon":"","selectedIcon":"","color":"#000000","backColor":"#FFFFFF","href":"","selectable":true,"state":{"checked":false,"disabled":false,"expanded":true,"selected":false},"tags":[],"nodes":[],"data":{"RelationType":"TypeOf"},"parentid":"f607abdf-4a97-4d7b-b003-2097549cea62","parentname":"Heap","nodeId":25,"parentId":24},{"id":"57effcf3-98a9-484f-864f-6c854c94caeb","name":"MeldableHeap","parentNodeId":"f607abdf-4a97-4d7b-b003-2097549cea62","text":"MeldableHeap","icon":"","selectedIcon":"","color":"#000000","backColor":"#FFFFFF","href":"","selectable":true,"state":{"checked":false,"disabled":false,"expanded":true,"selected":false},"tags":[],"nodes":[],"data":{"RelationType":"TypeOf"},"parentid":"f607abdf-4a97-4d7b-b003-2097549cea62","parentname":"Heap","nodeId":26,"parentId":24}],"data":{"RelationType":"TypeOf"},"parentid":"fd99a229-9b9b-4773-a9c9-f1629f0a4957","parentname":"Binary Tree","nodeId":24,"parentId":19}],"data":{"RelationType":"Implements"},"parentid":"6c932620-3172-4728-ad1f-2818b610e541","parentname":"SSet","nodeId":19,"parentId":16}],"data":{"RelationType":"TypeOf"},"parentid":"423f064d-d7e4-4862-be69-3db8ee222f3d","parentname":"InterfaceCopy","nodeId":3,"parentId":0},{"id":"99f67694-f366-4be9-b921-a98ba7e675ec","name":"Graph","parentNodeId":"423f064d-d7e4-4862-be69-3db8ee222f3d","text":"Graph","icon":"","selectedIcon":"","color":"#000000","backColor":"#FFFFFF","href":"","selectable":true,"state":{"checked":false,"disabled":false,"expanded":true,"selected":false},"tags":[],"nodes":[{"id":"6bf38507-6c13-4761-981b-f8d753786856","name":"AjacencyMatrix","parentNodeId":"99f67694-f366-4be9-b921-a98ba7e675ec","text":"AjacencyMatrix","icon":"","selectedIcon":"","color":"#000000","backColor":"#FFFFFF","href":"","selectable":true,"state":{"checked":false,"disabled":false,"expanded":true,"selected":false},"tags":[],"nodes":[],"data":{"RelationType":"Implements"},"parentid":"99f67694-f366-4be9-b921-a98ba7e675ec","parentname":"Graph","nodeId":28,"parentId":27},{"id":"7ba64e1c-3dd8-4639-8a0c-0d05c4c9960f","name":"AdjacencyList","parentNodeId":"99f67694-f366-4be9-b921-a98ba7e675ec","text":"AdjacencyList","icon":"","selectedIcon":"","color":"#000000","backColor":"#FFFFFF","href":"","selectable":true,"state":{"checked":false,"disabled":false,"expanded":true,"selected":false},"tags":[],"nodes":[],"data":{"RelationType":"Implements"},"parentid":"99f67694-f366-4be9-b921-a98ba7e675ec","parentname":"Graph","nodeId":29,"parentId":27}],"data":{"RelationType":"TypeOf"},"parentid":"423f064d-d7e4-4862-be69-3db8ee222f3d","parentname":"InterfaceCopy","nodeId":27,"parentId":0}],"icon":"","selectedIcon":"-","color":"#000000","backColor":"#FFFFFF","href":"","selectable":true,"state":{"checked":false,"disabled":false,"expanded":true,"selected":true},"nodeId":0,"name":"Interface","parentname":""}]', NULL, 0, 0, 1, 2);
INSERT INTO `knowledgemap` (`KnowledgeMapId`, `Name`, `Description`, `CreateOn`, `Concepts`, `LastUpdated`, `IsPublic`, `IsImported`, `IsSharing`, `CreatedBy`) VALUES
('658c7376-6887-4f77-b0fb-350368e8a11f', 'InterfaceCopy', 'Common data structures interface and its implementationsCopy', '2017-09-07 11:01:54', '[{"id":"658c7376-6887-4f77-b0fb-350368e8a11f","text":"Interface","nodes":[{"id":"4f8df074-2801-4d59-be73-981c50a1a747","name":"List","parentNodeId":"658c7376-6887-4f77-b0fb-350368e8a11f","text":"List","icon":"","selectedIcon":"","color":"#000000","backColor":"#FFFFFF","href":"","selectable":true,"state":{"checked":false,"disabled":false,"expanded":true,"selected":false},"tags":[],"nodes":[{"id":"69ab3943-dd5c-4865-b0b3-a1b555d4e557","name":"Array-Based List","parentNodeId":"4f8df074-2801-4d59-be73-981c50a1a747","text":"Array-Based List","icon":"","selectedIcon":"","color":"#000000","backColor":"#FFFFFF","href":"","selectable":true,"state":{"checked":false,"disabled":false,"expanded":true,"selected":false},"tags":[],"nodes":[{"id":"c1070c20-73c4-4692-b8a4-0d57832629f0","name":"ArrayStack","parentNodeId":"69ab3943-dd5c-4865-b0b3-a1b555d4e557","text":"ArrayStack","icon":"","selectedIcon":"","color":"#000000","backColor":"#FFFFFF","href":"","selectable":true,"state":{"checked":false,"disabled":false,"expanded":true,"selected":false},"tags":[],"nodes":[],"data":{"RelationType":"Implements"},"parentid":"69ab3943-dd5c-4865-b0b3-a1b555d4e557","parentname":"Array-Based List","nodeId":3,"parentId":2},{"id":"8174a1ec-5099-4acd-9bf6-a5dca6b1f1fe","name":"ArrayQueue","parentNodeId":"69ab3943-dd5c-4865-b0b3-a1b555d4e557","text":"ArrayQueue","icon":"","selectedIcon":"","color":"#000000","backColor":"#FFFFFF","href":"","selectable":true,"state":{"checked":false,"disabled":false,"expanded":true,"selected":false},"tags":[],"nodes":[],"data":{"RelationType":"Implements"},"parentid":"69ab3943-dd5c-4865-b0b3-a1b555d4e557","parentname":"Array-Based List","nodeId":4,"parentId":2},{"id":"4c735e89-b942-497b-b6f4-559cdb584024","name":"ArrayDeque","parentNodeId":"69ab3943-dd5c-4865-b0b3-a1b555d4e557","text":"ArrayDeque","icon":"","selectedIcon":"","color":"#000000","backColor":"#FFFFFF","href":"","selectable":true,"state":{"checked":false,"disabled":false,"expanded":true,"selected":false},"tags":[],"nodes":[],"data":{"RelationType":"Implements"},"parentid":"69ab3943-dd5c-4865-b0b3-a1b555d4e557","parentname":"Array-Based List","nodeId":5,"parentId":2},{"id":"7d78d44d-2e82-4a9c-8176-5b380ffbe480","name":"DualArrayDeque","parentNodeId":"69ab3943-dd5c-4865-b0b3-a1b555d4e557","text":"DualArrayDeque","icon":"","selectedIcon":"","color":"#000000","backColor":"#FFFFFF","href":"","selectable":true,"state":{"checked":false,"disabled":false,"expanded":true,"selected":false},"tags":[],"nodes":[],"data":{"RelationType":"Implements"},"parentid":"69ab3943-dd5c-4865-b0b3-a1b555d4e557","parentname":"Array-Based List","nodeId":6,"parentId":2},{"id":"a9f90b95-12a4-4a22-afb6-84406ffc82c0","name":"RootishArrayStack","parentNodeId":"69ab3943-dd5c-4865-b0b3-a1b555d4e557","text":"RootishArrayStack","icon":"","selectedIcon":"","color":"#000000","backColor":"#FFFFFF","href":"","selectable":true,"state":{"checked":false,"disabled":false,"expanded":true,"selected":false},"tags":[],"nodes":[],"data":{"RelationType":"Implements"},"parentid":"69ab3943-dd5c-4865-b0b3-a1b555d4e557","parentname":"Array-Based List","nodeId":7,"parentId":2}],"data":{"RelationType":"Implements"},"parentid":"4f8df074-2801-4d59-be73-981c50a1a747","parentname":"List","nodeId":2,"parentId":1},{"id":"2e98c05c-9522-4792-b3fb-1e85f0f4aa87","name":"Linked List","parentNodeId":"4f8df074-2801-4d59-be73-981c50a1a747","text":"Linked List","icon":"","selectedIcon":"","color":"#000000","backColor":"#FFFFFF","href":"","selectable":true,"state":{"checked":false,"disabled":false,"expanded":true,"selected":false},"tags":[],"nodes":[{"id":"a528fd7b-ee4a-43f8-9ee0-cfad4d8ee3f6","name":"SLList (Singly-Linked List)","parentNodeId":"2e98c05c-9522-4792-b3fb-1e85f0f4aa87","text":"SLList (Singly-Linked List)","icon":"","selectedIcon":"","color":"#000000","backColor":"#FFFFFF","href":"","selectable":true,"state":{"checked":false,"disabled":false,"expanded":true,"selected":false},"tags":[],"nodes":[],"data":{"RelationType":"TypeOf"},"parentid":"2e98c05c-9522-4792-b3fb-1e85f0f4aa87","parentname":"Linked List","nodeId":9,"parentId":8},{"id":"775ef5ed-21a0-433a-9f97-6b3965194521","name":"DLList (Doubly-Linked List)","parentNodeId":"2e98c05c-9522-4792-b3fb-1e85f0f4aa87","text":"DLList (Doubly-Linked List)","icon":"","selectedIcon":"","color":"#000000","backColor":"#FFFFFF","href":"","selectable":true,"state":{"checked":false,"disabled":false,"expanded":true,"selected":false},"tags":[],"nodes":[],"data":{"RelationType":"TypeOf"},"parentid":"2e98c05c-9522-4792-b3fb-1e85f0f4aa87","parentname":"Linked List","nodeId":10,"parentId":8},{"id":"2330c2dc-a0c6-4ce9-b615-e9d15e7654ef","name":"SEList (Space-Efficient List)","parentNodeId":"2e98c05c-9522-4792-b3fb-1e85f0f4aa87","text":"SEList (Space-Efficient List)","icon":"","selectedIcon":"","color":"#000000","backColor":"#FFFFFF","href":"","selectable":true,"state":{"checked":false,"disabled":false,"expanded":true,"selected":false},"tags":[],"nodes":[],"data":{"RelationType":"TypeOf"},"parentid":"2e98c05c-9522-4792-b3fb-1e85f0f4aa87","parentname":"Linked List","nodeId":11,"parentId":8}],"data":{"RelationType":"Implements"},"parentid":"4f8df074-2801-4d59-be73-981c50a1a747","parentname":"List","nodeId":8,"parentId":1}],"data":{"RelationType":"TypeOf"},"parentid":"658c7376-6887-4f77-b0fb-350368e8a11f","parentname":"InterfaceCopy","nodeId":1,"parentId":0},{"id":"24a3cebf-fc4a-4bb0-946f-75225296a810","name":"USet","parentNodeId":"658c7376-6887-4f77-b0fb-350368e8a11f","text":"USet","icon":"","selectedIcon":"","color":"#000000","backColor":"#FFFFFF","href":"","selectable":true,"state":{"checked":false,"disabled":false,"expanded":true,"selected":false},"tags":[],"nodes":[{"id":"147ea0e4-682b-4ae9-beca-a7837f9c27e4","name":"HashTable","parentNodeId":"24a3cebf-fc4a-4bb0-946f-75225296a810","text":"HashTable","icon":"","selectedIcon":"","color":"#000000","backColor":"#FFFFFF","href":"","selectable":true,"state":{"checked":false,"disabled":false,"expanded":true,"selected":false},"tags":[],"nodes":[{"id":"18adc384-89d4-426c-b44f-c584a254bfdc","name":"ChainedHashTable","parentNodeId":"147ea0e4-682b-4ae9-beca-a7837f9c27e4","text":"ChainedHashTable","icon":"","selectedIcon":"","color":"#000000","backColor":"#FFFFFF","href":"","selectable":true,"state":{"checked":false,"disabled":false,"expanded":true,"selected":false},"tags":[],"nodes":[],"data":{"RelationType":"Implements"},"parentid":"147ea0e4-682b-4ae9-beca-a7837f9c27e4","parentname":"HashTable","nodeId":14,"parentId":13},{"id":"816a5cdc-edca-442b-bc20-151192c8b315","name":"LinearHashTable","parentNodeId":"147ea0e4-682b-4ae9-beca-a7837f9c27e4","text":"LinearHashTable","icon":"","selectedIcon":"","color":"#000000","backColor":"#FFFFFF","href":"","selectable":true,"state":{"checked":false,"disabled":false,"expanded":true,"selected":false},"tags":[],"nodes":[],"data":{"RelationType":"Implements"},"parentid":"147ea0e4-682b-4ae9-beca-a7837f9c27e4","parentname":"HashTable","nodeId":15,"parentId":13}],"data":{"RelationType":"Implements"},"parentid":"24a3cebf-fc4a-4bb0-946f-75225296a810","parentname":"USet","nodeId":13,"parentId":12}],"data":{"RelationType":"TypeOf"},"parentid":"658c7376-6887-4f77-b0fb-350368e8a11f","parentname":"InterfaceCopy","nodeId":2,"parentId":0},{"id":"6c932620-3172-4728-ad1f-2818b610e541","name":"SSet","parentNodeId":"658c7376-6887-4f77-b0fb-350368e8a11f","text":"SSet","icon":"","selectedIcon":"","color":"#000000","backColor":"#FFFFFF","href":"","selectable":true,"state":{"checked":false,"disabled":false,"expanded":true,"selected":false},"tags":[],"nodes":[{"id":"38469e8c-d26a-420b-9c01-b8d692c3b059","name":"SkipListSet","parentNodeId":"6c932620-3172-4728-ad1f-2818b610e541","text":"SkipListSet","icon":"","selectedIcon":"","color":"#000000","backColor":"#FFFFFF","href":"","selectable":true,"state":{"checked":false,"disabled":false,"expanded":true,"selected":false},"tags":[],"nodes":[],"data":{"RelationType":"Implements"},"parentid":"6c932620-3172-4728-ad1f-2818b610e541","parentname":"SSet","nodeId":17,"parentId":16},{"id":"c39729fe-2282-48d7-8c04-b93c76a78eb9","name":"Treap","parentNodeId":"6c932620-3172-4728-ad1f-2818b610e541","text":"Treap","icon":"","selectedIcon":"","color":"#000000","backColor":"#FFFFFF","href":"","selectable":true,"state":{"checked":false,"disabled":false,"expanded":true,"selected":false},"tags":[],"nodes":[],"data":{"RelationType":"Implements"},"parentid":"6c932620-3172-4728-ad1f-2818b610e541","parentname":"SSet","nodeId":18,"parentId":16},{"id":"fd99a229-9b9b-4773-a9c9-f1629f0a4957","name":"Binary Tree","parentNodeId":"6c932620-3172-4728-ad1f-2818b610e541","text":"Binary Tree","icon":"","selectedIcon":"","color":"#000000","backColor":"#FFFFFF","href":"","selectable":true,"state":{"checked":false,"disabled":false,"expanded":true,"selected":false},"tags":[],"nodes":[{"id":"993a6e79-7a0d-455e-b8bd-70b0309cfe5d","name":"Binary Search Tree","parentNodeId":"fd99a229-9b9b-4773-a9c9-f1629f0a4957","text":"Binary Search Tree","icon":"","selectedIcon":"","color":"#000000","backColor":"#FFFFFF","href":"","selectable":true,"state":{"checked":false,"disabled":false,"expanded":true,"selected":false},"tags":[],"nodes":[{"id":"024f57d0-80f0-41ca-9104-23a10f6af236","name":"Random Binary Search Tree","parentNodeId":"993a6e79-7a0d-455e-b8bd-70b0309cfe5d","text":"Random Binary Search Tree","icon":"","selectedIcon":"","color":"#000000","backColor":"#FFFFFF","href":"","selectable":true,"state":{"checked":false,"disabled":false,"expanded":true,"selected":false},"tags":[],"nodes":[],"data":{"RelationType":"TypeOf"},"parentid":"993a6e79-7a0d-455e-b8bd-70b0309cfe5d","parentname":"Binary Search Tree","nodeId":21,"parentId":20},{"id":"a33283d5-eb44-4b3e-9de0-4fa25b33cc66","name":"ScapegoatTree","parentNodeId":"993a6e79-7a0d-455e-b8bd-70b0309cfe5d","text":"ScapegoatTree","icon":"","selectedIcon":"","color":"#000000","backColor":"#FFFFFF","href":"","selectable":true,"state":{"checked":false,"disabled":false,"expanded":true,"selected":false},"tags":[],"nodes":[],"data":{"RelationType":"TypeOf"},"parentid":"993a6e79-7a0d-455e-b8bd-70b0309cfe5d","parentname":"Binary Search Tree","nodeId":22,"parentId":20},{"id":"acc513fb-3077-4eb1-a83a-7ce34dd43be3","name":"Read-Black Tree","parentNodeId":"993a6e79-7a0d-455e-b8bd-70b0309cfe5d","text":"Read-Black Tree","icon":"","selectedIcon":"","color":"#000000","backColor":"#FFFFFF","href":"","selectable":true,"state":{"checked":false,"disabled":false,"expanded":true,"selected":false},"tags":[],"nodes":[],"data":{"RelationType":"TypeOf"},"parentid":"993a6e79-7a0d-455e-b8bd-70b0309cfe5d","parentname":"Binary Search Tree","nodeId":23,"parentId":20}],"data":{"RelationType":"TypeOf"},"parentid":"fd99a229-9b9b-4773-a9c9-f1629f0a4957","parentname":"Binary Tree","nodeId":20,"parentId":19},{"id":"f607abdf-4a97-4d7b-b003-2097549cea62","name":"Heap","parentNodeId":"fd99a229-9b9b-4773-a9c9-f1629f0a4957","text":"Heap","icon":"","selectedIcon":"","color":"#000000","backColor":"#FFFFFF","href":"","selectable":true,"state":{"checked":false,"disabled":false,"expanded":true,"selected":false},"tags":[],"nodes":[{"id":"540ddcbf-4d2a-4339-a744-af7d4007735c","name":"BinaryHeap","parentNodeId":"f607abdf-4a97-4d7b-b003-2097549cea62","text":"BinaryHeap","icon":"","selectedIcon":"","color":"#000000","backColor":"#FFFFFF","href":"","selectable":true,"state":{"checked":false,"disabled":false,"expanded":true,"selected":false},"tags":[],"nodes":[],"data":{"RelationType":"TypeOf"},"parentid":"f607abdf-4a97-4d7b-b003-2097549cea62","parentname":"Heap","nodeId":25,"parentId":24},{"id":"57effcf3-98a9-484f-864f-6c854c94caeb","name":"MeldableHeap","parentNodeId":"f607abdf-4a97-4d7b-b003-2097549cea62","text":"MeldableHeap","icon":"","selectedIcon":"","color":"#000000","backColor":"#FFFFFF","href":"","selectable":true,"state":{"checked":false,"disabled":false,"expanded":true,"selected":false},"tags":[],"nodes":[],"data":{"RelationType":"TypeOf"},"parentid":"f607abdf-4a97-4d7b-b003-2097549cea62","parentname":"Heap","nodeId":26,"parentId":24}],"data":{"RelationType":"TypeOf"},"parentid":"fd99a229-9b9b-4773-a9c9-f1629f0a4957","parentname":"Binary Tree","nodeId":24,"parentId":19}],"data":{"RelationType":"Implements"},"parentid":"6c932620-3172-4728-ad1f-2818b610e541","parentname":"SSet","nodeId":19,"parentId":16}],"data":{"RelationType":"TypeOf"},"parentid":"658c7376-6887-4f77-b0fb-350368e8a11f","parentname":"InterfaceCopy","nodeId":3,"parentId":0},{"id":"99f67694-f366-4be9-b921-a98ba7e675ec","name":"Graph","parentNodeId":"658c7376-6887-4f77-b0fb-350368e8a11f","text":"Graph","icon":"","selectedIcon":"","color":"#000000","backColor":"#FFFFFF","href":"","selectable":true,"state":{"checked":false,"disabled":false,"expanded":true,"selected":false},"tags":[],"nodes":[{"id":"6bf38507-6c13-4761-981b-f8d753786856","name":"AjacencyMatrix","parentNodeId":"99f67694-f366-4be9-b921-a98ba7e675ec","text":"AjacencyMatrix","icon":"","selectedIcon":"","color":"#000000","backColor":"#FFFFFF","href":"","selectable":true,"state":{"checked":false,"disabled":false,"expanded":true,"selected":false},"tags":[],"nodes":[],"data":{"RelationType":"Implements"},"parentid":"99f67694-f366-4be9-b921-a98ba7e675ec","parentname":"Graph","nodeId":28,"parentId":27},{"id":"7ba64e1c-3dd8-4639-8a0c-0d05c4c9960f","name":"AdjacencyList","parentNodeId":"99f67694-f366-4be9-b921-a98ba7e675ec","text":"AdjacencyList","icon":"","selectedIcon":"","color":"#000000","backColor":"#FFFFFF","href":"","selectable":true,"state":{"checked":false,"disabled":false,"expanded":true,"selected":false},"tags":[],"nodes":[],"data":{"RelationType":"Implements"},"parentid":"99f67694-f366-4be9-b921-a98ba7e675ec","parentname":"Graph","nodeId":29,"parentId":27}],"data":{"RelationType":"TypeOf"},"parentid":"658c7376-6887-4f77-b0fb-350368e8a11f","parentname":"InterfaceCopy","nodeId":27,"parentId":0}],"icon":"","selectedIcon":"-","color":"#000000","backColor":"#FFFFFF","href":"","selectable":true,"state":{"checked":false,"disabled":false,"expanded":true,"selected":true},"nodeId":0,"name":"Interface","parentname":""}]', NULL, 0, 0, 1, 72),
('773c379e-62d7-45fd-8797-f79289ac48cf', 'InterfaceCopy', 'Common data structures interface and its implementationsCopy', '2017-09-07 11:01:53', '[{"id":"773c379e-62d7-45fd-8797-f79289ac48cf","text":"Interface","nodes":[{"id":"4f8df074-2801-4d59-be73-981c50a1a747","name":"List","parentNodeId":"773c379e-62d7-45fd-8797-f79289ac48cf","text":"List","icon":"","selectedIcon":"","color":"#000000","backColor":"#FFFFFF","href":"","selectable":true,"state":{"checked":false,"disabled":false,"expanded":true,"selected":false},"tags":[],"nodes":[{"id":"69ab3943-dd5c-4865-b0b3-a1b555d4e557","name":"Array-Based List","parentNodeId":"4f8df074-2801-4d59-be73-981c50a1a747","text":"Array-Based List","icon":"","selectedIcon":"","color":"#000000","backColor":"#FFFFFF","href":"","selectable":true,"state":{"checked":false,"disabled":false,"expanded":true,"selected":false},"tags":[],"nodes":[{"id":"c1070c20-73c4-4692-b8a4-0d57832629f0","name":"ArrayStack","parentNodeId":"69ab3943-dd5c-4865-b0b3-a1b555d4e557","text":"ArrayStack","icon":"","selectedIcon":"","color":"#000000","backColor":"#FFFFFF","href":"","selectable":true,"state":{"checked":false,"disabled":false,"expanded":true,"selected":false},"tags":[],"nodes":[],"data":{"RelationType":"Implements"},"parentid":"69ab3943-dd5c-4865-b0b3-a1b555d4e557","parentname":"Array-Based List","nodeId":3,"parentId":2},{"id":"8174a1ec-5099-4acd-9bf6-a5dca6b1f1fe","name":"ArrayQueue","parentNodeId":"69ab3943-dd5c-4865-b0b3-a1b555d4e557","text":"ArrayQueue","icon":"","selectedIcon":"","color":"#000000","backColor":"#FFFFFF","href":"","selectable":true,"state":{"checked":false,"disabled":false,"expanded":true,"selected":false},"tags":[],"nodes":[],"data":{"RelationType":"Implements"},"parentid":"69ab3943-dd5c-4865-b0b3-a1b555d4e557","parentname":"Array-Based List","nodeId":4,"parentId":2},{"id":"4c735e89-b942-497b-b6f4-559cdb584024","name":"ArrayDeque","parentNodeId":"69ab3943-dd5c-4865-b0b3-a1b555d4e557","text":"ArrayDeque","icon":"","selectedIcon":"","color":"#000000","backColor":"#FFFFFF","href":"","selectable":true,"state":{"checked":false,"disabled":false,"expanded":true,"selected":false},"tags":[],"nodes":[],"data":{"RelationType":"Implements"},"parentid":"69ab3943-dd5c-4865-b0b3-a1b555d4e557","parentname":"Array-Based List","nodeId":5,"parentId":2},{"id":"7d78d44d-2e82-4a9c-8176-5b380ffbe480","name":"DualArrayDeque","parentNodeId":"69ab3943-dd5c-4865-b0b3-a1b555d4e557","text":"DualArrayDeque","icon":"","selectedIcon":"","color":"#000000","backColor":"#FFFFFF","href":"","selectable":true,"state":{"checked":false,"disabled":false,"expanded":true,"selected":false},"tags":[],"nodes":[],"data":{"RelationType":"Implements"},"parentid":"69ab3943-dd5c-4865-b0b3-a1b555d4e557","parentname":"Array-Based List","nodeId":6,"parentId":2},{"id":"a9f90b95-12a4-4a22-afb6-84406ffc82c0","name":"RootishArrayStack","parentNodeId":"69ab3943-dd5c-4865-b0b3-a1b555d4e557","text":"RootishArrayStack","icon":"","selectedIcon":"","color":"#000000","backColor":"#FFFFFF","href":"","selectable":true,"state":{"checked":false,"disabled":false,"expanded":true,"selected":false},"tags":[],"nodes":[],"data":{"RelationType":"Implements"},"parentid":"69ab3943-dd5c-4865-b0b3-a1b555d4e557","parentname":"Array-Based List","nodeId":7,"parentId":2}],"data":{"RelationType":"Implements"},"parentid":"4f8df074-2801-4d59-be73-981c50a1a747","parentname":"List","nodeId":2,"parentId":1},{"id":"2e98c05c-9522-4792-b3fb-1e85f0f4aa87","name":"Linked List","parentNodeId":"4f8df074-2801-4d59-be73-981c50a1a747","text":"Linked List","icon":"","selectedIcon":"","color":"#000000","backColor":"#FFFFFF","href":"","selectable":true,"state":{"checked":false,"disabled":false,"expanded":true,"selected":false},"tags":[],"nodes":[{"id":"a528fd7b-ee4a-43f8-9ee0-cfad4d8ee3f6","name":"SLList (Singly-Linked List)","parentNodeId":"2e98c05c-9522-4792-b3fb-1e85f0f4aa87","text":"SLList (Singly-Linked List)","icon":"","selectedIcon":"","color":"#000000","backColor":"#FFFFFF","href":"","selectable":true,"state":{"checked":false,"disabled":false,"expanded":true,"selected":false},"tags":[],"nodes":[],"data":{"RelationType":"TypeOf"},"parentid":"2e98c05c-9522-4792-b3fb-1e85f0f4aa87","parentname":"Linked List","nodeId":9,"parentId":8},{"id":"775ef5ed-21a0-433a-9f97-6b3965194521","name":"DLList (Doubly-Linked List)","parentNodeId":"2e98c05c-9522-4792-b3fb-1e85f0f4aa87","text":"DLList (Doubly-Linked List)","icon":"","selectedIcon":"","color":"#000000","backColor":"#FFFFFF","href":"","selectable":true,"state":{"checked":false,"disabled":false,"expanded":true,"selected":false},"tags":[],"nodes":[],"data":{"RelationType":"TypeOf"},"parentid":"2e98c05c-9522-4792-b3fb-1e85f0f4aa87","parentname":"Linked List","nodeId":10,"parentId":8},{"id":"2330c2dc-a0c6-4ce9-b615-e9d15e7654ef","name":"SEList (Space-Efficient List)","parentNodeId":"2e98c05c-9522-4792-b3fb-1e85f0f4aa87","text":"SEList (Space-Efficient List)","icon":"","selectedIcon":"","color":"#000000","backColor":"#FFFFFF","href":"","selectable":true,"state":{"checked":false,"disabled":false,"expanded":true,"selected":false},"tags":[],"nodes":[],"data":{"RelationType":"TypeOf"},"parentid":"2e98c05c-9522-4792-b3fb-1e85f0f4aa87","parentname":"Linked List","nodeId":11,"parentId":8}],"data":{"RelationType":"Implements"},"parentid":"4f8df074-2801-4d59-be73-981c50a1a747","parentname":"List","nodeId":8,"parentId":1}],"data":{"RelationType":"TypeOf"},"parentid":"773c379e-62d7-45fd-8797-f79289ac48cf","parentname":"InterfaceCopy","nodeId":1,"parentId":0},{"id":"24a3cebf-fc4a-4bb0-946f-75225296a810","name":"USet","parentNodeId":"773c379e-62d7-45fd-8797-f79289ac48cf","text":"USet","icon":"","selectedIcon":"","color":"#000000","backColor":"#FFFFFF","href":"","selectable":true,"state":{"checked":false,"disabled":false,"expanded":true,"selected":false},"tags":[],"nodes":[{"id":"147ea0e4-682b-4ae9-beca-a7837f9c27e4","name":"HashTable","parentNodeId":"24a3cebf-fc4a-4bb0-946f-75225296a810","text":"HashTable","icon":"","selectedIcon":"","color":"#000000","backColor":"#FFFFFF","href":"","selectable":true,"state":{"checked":false,"disabled":false,"expanded":true,"selected":false},"tags":[],"nodes":[{"id":"18adc384-89d4-426c-b44f-c584a254bfdc","name":"ChainedHashTable","parentNodeId":"147ea0e4-682b-4ae9-beca-a7837f9c27e4","text":"ChainedHashTable","icon":"","selectedIcon":"","color":"#000000","backColor":"#FFFFFF","href":"","selectable":true,"state":{"checked":false,"disabled":false,"expanded":true,"selected":false},"tags":[],"nodes":[],"data":{"RelationType":"Implements"},"parentid":"147ea0e4-682b-4ae9-beca-a7837f9c27e4","parentname":"HashTable","nodeId":14,"parentId":13},{"id":"816a5cdc-edca-442b-bc20-151192c8b315","name":"LinearHashTable","parentNodeId":"147ea0e4-682b-4ae9-beca-a7837f9c27e4","text":"LinearHashTable","icon":"","selectedIcon":"","color":"#000000","backColor":"#FFFFFF","href":"","selectable":true,"state":{"checked":false,"disabled":false,"expanded":true,"selected":false},"tags":[],"nodes":[],"data":{"RelationType":"Implements"},"parentid":"147ea0e4-682b-4ae9-beca-a7837f9c27e4","parentname":"HashTable","nodeId":15,"parentId":13}],"data":{"RelationType":"Implements"},"parentid":"24a3cebf-fc4a-4bb0-946f-75225296a810","parentname":"USet","nodeId":13,"parentId":12}],"data":{"RelationType":"TypeOf"},"parentid":"773c379e-62d7-45fd-8797-f79289ac48cf","parentname":"InterfaceCopy","nodeId":2,"parentId":0},{"id":"6c932620-3172-4728-ad1f-2818b610e541","name":"SSet","parentNodeId":"773c379e-62d7-45fd-8797-f79289ac48cf","text":"SSet","icon":"","selectedIcon":"","color":"#000000","backColor":"#FFFFFF","href":"","selectable":true,"state":{"checked":false,"disabled":false,"expanded":true,"selected":false},"tags":[],"nodes":[{"id":"38469e8c-d26a-420b-9c01-b8d692c3b059","name":"SkipListSet","parentNodeId":"6c932620-3172-4728-ad1f-2818b610e541","text":"SkipListSet","icon":"","selectedIcon":"","color":"#000000","backColor":"#FFFFFF","href":"","selectable":true,"state":{"checked":false,"disabled":false,"expanded":true,"selected":false},"tags":[],"nodes":[],"data":{"RelationType":"Implements"},"parentid":"6c932620-3172-4728-ad1f-2818b610e541","parentname":"SSet","nodeId":17,"parentId":16},{"id":"c39729fe-2282-48d7-8c04-b93c76a78eb9","name":"Treap","parentNodeId":"6c932620-3172-4728-ad1f-2818b610e541","text":"Treap","icon":"","selectedIcon":"","color":"#000000","backColor":"#FFFFFF","href":"","selectable":true,"state":{"checked":false,"disabled":false,"expanded":true,"selected":false},"tags":[],"nodes":[],"data":{"RelationType":"Implements"},"parentid":"6c932620-3172-4728-ad1f-2818b610e541","parentname":"SSet","nodeId":18,"parentId":16},{"id":"fd99a229-9b9b-4773-a9c9-f1629f0a4957","name":"Binary Tree","parentNodeId":"6c932620-3172-4728-ad1f-2818b610e541","text":"Binary Tree","icon":"","selectedIcon":"","color":"#000000","backColor":"#FFFFFF","href":"","selectable":true,"state":{"checked":false,"disabled":false,"expanded":true,"selected":false},"tags":[],"nodes":[{"id":"993a6e79-7a0d-455e-b8bd-70b0309cfe5d","name":"Binary Search Tree","parentNodeId":"fd99a229-9b9b-4773-a9c9-f1629f0a4957","text":"Binary Search Tree","icon":"","selectedIcon":"","color":"#000000","backColor":"#FFFFFF","href":"","selectable":true,"state":{"checked":false,"disabled":false,"expanded":true,"selected":false},"tags":[],"nodes":[{"id":"024f57d0-80f0-41ca-9104-23a10f6af236","name":"Random Binary Search Tree","parentNodeId":"993a6e79-7a0d-455e-b8bd-70b0309cfe5d","text":"Random Binary Search Tree","icon":"","selectedIcon":"","color":"#000000","backColor":"#FFFFFF","href":"","selectable":true,"state":{"checked":false,"disabled":false,"expanded":true,"selected":false},"tags":[],"nodes":[],"data":{"RelationType":"TypeOf"},"parentid":"993a6e79-7a0d-455e-b8bd-70b0309cfe5d","parentname":"Binary Search Tree","nodeId":21,"parentId":20},{"id":"a33283d5-eb44-4b3e-9de0-4fa25b33cc66","name":"ScapegoatTree","parentNodeId":"993a6e79-7a0d-455e-b8bd-70b0309cfe5d","text":"ScapegoatTree","icon":"","selectedIcon":"","color":"#000000","backColor":"#FFFFFF","href":"","selectable":true,"state":{"checked":false,"disabled":false,"expanded":true,"selected":false},"tags":[],"nodes":[],"data":{"RelationType":"TypeOf"},"parentid":"993a6e79-7a0d-455e-b8bd-70b0309cfe5d","parentname":"Binary Search Tree","nodeId":22,"parentId":20},{"id":"acc513fb-3077-4eb1-a83a-7ce34dd43be3","name":"Read-Black Tree","parentNodeId":"993a6e79-7a0d-455e-b8bd-70b0309cfe5d","text":"Read-Black Tree","icon":"","selectedIcon":"","color":"#000000","backColor":"#FFFFFF","href":"","selectable":true,"state":{"checked":false,"disabled":false,"expanded":true,"selected":false},"tags":[],"nodes":[],"data":{"RelationType":"TypeOf"},"parentid":"993a6e79-7a0d-455e-b8bd-70b0309cfe5d","parentname":"Binary Search Tree","nodeId":23,"parentId":20}],"data":{"RelationType":"TypeOf"},"parentid":"fd99a229-9b9b-4773-a9c9-f1629f0a4957","parentname":"Binary Tree","nodeId":20,"parentId":19},{"id":"f607abdf-4a97-4d7b-b003-2097549cea62","name":"Heap","parentNodeId":"fd99a229-9b9b-4773-a9c9-f1629f0a4957","text":"Heap","icon":"","selectedIcon":"","color":"#000000","backColor":"#FFFFFF","href":"","selectable":true,"state":{"checked":false,"disabled":false,"expanded":true,"selected":false},"tags":[],"nodes":[{"id":"540ddcbf-4d2a-4339-a744-af7d4007735c","name":"BinaryHeap","parentNodeId":"f607abdf-4a97-4d7b-b003-2097549cea62","text":"BinaryHeap","icon":"","selectedIcon":"","color":"#000000","backColor":"#FFFFFF","href":"","selectable":true,"state":{"checked":false,"disabled":false,"expanded":true,"selected":false},"tags":[],"nodes":[],"data":{"RelationType":"TypeOf"},"parentid":"f607abdf-4a97-4d7b-b003-2097549cea62","parentname":"Heap","nodeId":25,"parentId":24},{"id":"57effcf3-98a9-484f-864f-6c854c94caeb","name":"MeldableHeap","parentNodeId":"f607abdf-4a97-4d7b-b003-2097549cea62","text":"MeldableHeap","icon":"","selectedIcon":"","color":"#000000","backColor":"#FFFFFF","href":"","selectable":true,"state":{"checked":false,"disabled":false,"expanded":true,"selected":false},"tags":[],"nodes":[],"data":{"RelationType":"TypeOf"},"parentid":"f607abdf-4a97-4d7b-b003-2097549cea62","parentname":"Heap","nodeId":26,"parentId":24}],"data":{"RelationType":"TypeOf"},"parentid":"fd99a229-9b9b-4773-a9c9-f1629f0a4957","parentname":"Binary Tree","nodeId":24,"parentId":19}],"data":{"RelationType":"Implements"},"parentid":"6c932620-3172-4728-ad1f-2818b610e541","parentname":"SSet","nodeId":19,"parentId":16}],"data":{"RelationType":"TypeOf"},"parentid":"773c379e-62d7-45fd-8797-f79289ac48cf","parentname":"InterfaceCopy","nodeId":3,"parentId":0},{"id":"99f67694-f366-4be9-b921-a98ba7e675ec","name":"Graph","parentNodeId":"773c379e-62d7-45fd-8797-f79289ac48cf","text":"Graph","icon":"","selectedIcon":"","color":"#000000","backColor":"#FFFFFF","href":"","selectable":true,"state":{"checked":false,"disabled":false,"expanded":true,"selected":false},"tags":[],"nodes":[{"id":"6bf38507-6c13-4761-981b-f8d753786856","name":"AjacencyMatrix","parentNodeId":"99f67694-f366-4be9-b921-a98ba7e675ec","text":"AjacencyMatrix","icon":"","selectedIcon":"","color":"#000000","backColor":"#FFFFFF","href":"","selectable":true,"state":{"checked":false,"disabled":false,"expanded":true,"selected":false},"tags":[],"nodes":[],"data":{"RelationType":"Implements"},"parentid":"99f67694-f366-4be9-b921-a98ba7e675ec","parentname":"Graph","nodeId":28,"parentId":27},{"id":"7ba64e1c-3dd8-4639-8a0c-0d05c4c9960f","name":"AdjacencyList","parentNodeId":"99f67694-f366-4be9-b921-a98ba7e675ec","text":"AdjacencyList","icon":"","selectedIcon":"","color":"#000000","backColor":"#FFFFFF","href":"","selectable":true,"state":{"checked":false,"disabled":false,"expanded":true,"selected":false},"tags":[],"nodes":[],"data":{"RelationType":"Implements"},"parentid":"99f67694-f366-4be9-b921-a98ba7e675ec","parentname":"Graph","nodeId":29,"parentId":27}],"data":{"RelationType":"TypeOf"},"parentid":"773c379e-62d7-45fd-8797-f79289ac48cf","parentname":"InterfaceCopy","nodeId":27,"parentId":0}],"icon":"","selectedIcon":"-","color":"#000000","backColor":"#FFFFFF","href":"","selectable":true,"state":{"checked":false,"disabled":false,"expanded":true,"selected":true},"nodeId":0,"name":"Interface","parentname":""}]', NULL, 0, 0, 0, 72);

-- --------------------------------------------------------

--
-- Table structure for table `questionbank`
--

DROP TABLE IF EXISTS `questionbank`;
CREATE TABLE IF NOT EXISTS `questionbank` (
  `TestItemId` char(36) NOT NULL,
  `TestId` char(36) NOT NULL,
  `CourseId` char(36) NOT NULL,
  `Stimulus` longtext,
  `Stem` longtext,
  `StimulusFormatting` longtext,
  `StemFormatting` longtext,
  `CognitiveTypeName` varchar(255) DEFAULT NULL,
  `IsHigherCognitiveLevel` tinyint(1) DEFAULT NULL,
  PRIMARY KEY (`TestItemId`)
) ENGINE=InnoDB DEFAULT CHARSET=utf8;

--
-- Dumping data for table `questionbank`
--

INSERT INTO `questionbank` (`TestItemId`, `TestId`, `CourseId`, `Stimulus`, `Stem`, `StimulusFormatting`, `StemFormatting`, `CognitiveTypeName`, `IsHigherCognitiveLevel`) VALUES
('00079c6f-add8-45be-9bf5-d8fc9edbe493', 'a83ab73b-4f99-4522-a7cb-fed968f5f371', '181d408d-fcab-4b2c-993e-f852284e61f2', 'A software developer implemented generic Queue&#60;T&#62; utilizing RootishArrayStack which implements Array-Based List for software module to model a line in a store. The first customer in line is the first one served.Given input data jthqp,xawmf,zrdgp,afkiv to be added to the queue in the same sequence, when operation remove() is executed ', 'What will be the expected output?', 'null', 'null', 'Apply', NULL),
('0199132c-2e21-4e29-9fa3-f666d4a8a118', 'a83ab73b-4f99-4522-a7cb-fed968f5f371', '181d408d-fcab-4b2c-993e-f852284e61f2', 'A programmer implemented generic Stack&#60;T&#62; using Array-Based List which implements List as internal data structure for software component to reverse input string.  Opon unit testing the software developer performed the following sequence operations\n s.Push(352);s.Push(824);s.Push(877);s.Push(720);s.Pop()\n on the instance of the data structure', 'What is the expected output of the operation?', 'null', 'null', 'Apply', NULL),
('09c44f1a-0cde-4622-a10c-ad022767d3aa', '7f612906-fc30-4bfd-adf3-8ed895260770', '181d408d-fcab-4b2c-993e-f852284e61f2', 'A  programmer is considering using a third party data structure(TPDS) to implement generic data structure S<T> which should be able process about 1000,000 data items.Additionally, it should implement List inteface and provide algorithm for the size() operation. The computer processing time in relationship to time complexity  for the size() operation of  TPDS as follows. A1(n)=n^2 ,A2(n) = 5.3n^3, A3(n)=log n, A4(n)=200n^3', 'Choose the algorithem which is better in terms of  Big-Oh sense for the implementation of  the software component .', 'null', 'null', 'Evaluate', NULL),
('0b2a7d75-3250-48b1-a3e2-2281742cc22d', '7f612906-fc30-4bfd-adf3-8ed895260770', '181d408d-fcab-4b2c-993e-f852284e61f2', 'A  student is considering using a third party data structure(TPDS) to implement generic data structure S<T> which should be able process about 1000,000 data items.Additionally, it should implement Linked List inteface and provide algorithm for the size() operation. The computer processing time in relationship to time complexity  for the size() operation of  TPDS as follows. A1(n)=n^2 ,A2(n) = 5.3n^3, A3(n)=log n, A4(n)=200n^3', 'Choose the algorithem which is better in terms of  Big-Oh sense for the implementation of  the software component .', 'null', 'null', 'Evaluate', NULL),
('0f7f69ba-d53a-440a-bc55-c229b91dddbc', '7f612906-fc30-4bfd-adf3-8ed895260770', '181d408d-fcab-4b2c-993e-f852284e61f2', 'A  software developer is considering using a third party data structure(TPDS) to implement generic data structure S<T> which should be able process about 1000,000 data items.Additionally, it should implement Array-Based List inteface and provide algorithm for the M1() operation. The computer processing time in relationship to time complexity  for the M1() operation of  TPDS as follows. A1(n)=n^2 ,A2(n) = 5.3n^3, A3(n)=log n, A4(n)=200n^3', 'Choose the algorithem which is better in terms of  Big-Oh sense for the implementation of  the software component .', 'null', 'null', 'Evaluate', NULL),
('158dbb75-3410-4175-922d-2d5e95094302', '7f612906-fc30-4bfd-adf3-8ed895260770', '181d408d-fcab-4b2c-993e-f852284e61f2', 'A  programmer is considering using a third party data structure(TPDS) to implement generic data structure S<T> which should be able process about 50,000 data items.Additionally, it should implement Array-Based List inteface and provide algorithm for the set() operation. The computer processing time in relationship to time complexity  for the set() operation of  TPDS as follows. A1(n)=n^2 ,A2(n) = 5.3n^3, A3(n)=log n, A4(n)=200n^3', 'Choose the algorithem which is better in terms of  Big-Oh sense for the implementation of  the software component .', 'null', 'null', 'Evaluate', NULL),
('16b58df5-ecd1-4fee-93a9-b58b85c837da', '7f612906-fc30-4bfd-adf3-8ed895260770', '181d408d-fcab-4b2c-993e-f852284e61f2', 'Four students A,B,C D design and implemented get() operation of data structure which implements Array-Based List inteface. The computer processing   as a function of time complexity for the get() operation  algorithmns were analysed and  the the result is shown below:  TA(n)   =n^2 , TB(n) = n^3, TC(n)=log n, TD(n) = n', 'Choose the algorithem which is better in terms of  Big-Oh sense for the implementation of  the software component .', 'null', 'null', 'Evaluate', NULL),
('18bbf7d2-5f50-44f6-a31e-d11159e4f1ab', '7f612906-fc30-4bfd-adf3-8ed895260770', '181d408d-fcab-4b2c-993e-f852284e61f2', 'Four students A,B,C D design and implemented M1() operation of data structure which implements Array-Based List inteface. The computer processing   as a function of time complexity for the M1() operation  algorithmns were analysed and  the the result is shown below:  TA(n)   =n^2 , TB(n) = n^3, TC(n)=log n, TD(n) = n', 'Choose the algorithem which is better in terms of  Big-Oh sense for the implementation of  the software component .', 'null', 'null', 'Evaluate', NULL),
('1e347269-a11b-4aae-b319-905efa162ec9', 'a83ab73b-4f99-4522-a7cb-fed968f5f371', '181d408d-fcab-4b2c-993e-f852284e61f2', 'A programmer implemented generic Stack&#60;T&#62; using RootishArrayStack which implements Array-Based List as internal data structure for software component to reverse input string.  Opon unit testing the student performed the following sequence operations\n s.Push(776);s.Push(666);s.Push(175);s.Push(184);s.Pop()\n on the instance of the data structure', 'What is the expected output of the operation?', 'null', 'null', 'Apply', NULL),
('2906f3f1-d8b9-4b72-9e80-cb531324992e', 'a83ab73b-4f99-4522-a7cb-fed968f5f371', '181d408d-fcab-4b2c-993e-f852284e61f2', 'A programmer implemented generic Queue&#60;T&#62; utilizing DualArrayDeque which implements Array-Based List for software module to model people arrive and get in line for a teller at a bank.Given input data rcrhr,cgtum,jmbbf,pgxan to be added to the queue in the same sequence, when operation peek() is executed ', 'What will be the expected output?', 'null', 'null', 'Apply', NULL),
('2bb125f4-6e1d-4d96-b873-7e2930f1ff03', '7f612906-fc30-4bfd-adf3-8ed895260770', '181d408d-fcab-4b2c-993e-f852284e61f2', 'A software developer designed and implemented Linked List to be used in software component. The data structure implemented List interface which supports  M1()  operation. The student implemented the M1()  as follows :\n			//Here c is a constant\n           		for (int i =1 ; i <= c ; i++){\n			   // some  O(1) expressions\n}', 'If c is constant then what is the time complexity  of  the algorithm?', 'null', 'null', 'Analyze', NULL),
('312de53f-6153-4fa3-a3ae-c39a4096072a', '7f612906-fc30-4bfd-adf3-8ed895260770', '181d408d-fcab-4b2c-993e-f852284e61f2', 'A programmer is considering designing and implementing generic data structure A&lt;T&gt; for  software module\n               The specification for the data strucure is as follows:\n               1. Implement Array-Based List interface .\n               2. Supports  M1()  operation\n               3. Write algorithm for M1()\n               The algorithm implemented is as follows :\nfor(int i= n; i >0; i +=c){ \n   for (int j =i+1; j +=c){ \n//some 0(1) expresions \n}\n', 'Taken c as constant then what is the time complexity  of  the algorithm?', 'null', 'null', 'Analyze', NULL),
('315fdca9-b61a-434a-91bd-ae0fa32005d7', 'a83ab73b-4f99-4522-a7cb-fed968f5f371', '181d408d-fcab-4b2c-993e-f852284e61f2', 'A programmer implemented generic Stack&#60;T&#62; using ArrayDeque which implements Array-Based List as internal data structure for software component to reverse input string.  Opon unit testing the programmer performed the following sequence operations\n s.Push(mpckp);\ns.Push(hlidt);\ns.Push(muxgf);\ns.Push(dartn);\n on the instance of the data structure', 'What is the expected output of the operation?', 'null', 'null', 'Apply', NULL),
('3a7396d0-51bb-453b-92e0-7a7b8b7a9dae', 'b1a412f4-cc02-4641-8450-2eee6241ef2b', 'f2e4da8e-be43-450c-9c9f-e9b9fcac7a85', 'A software developer implemented generic Stack&#60;T&#62; using Linked List which implements List as internal data structure for software component to reverse input string.  Opon unit testing the student performed the following sequence operations\n s.Push(kloig);\ns.Push(qgomr);\ns.Push(pgnbb);\ns.Push(qbzcj);\n on the instance of the data structure', 'What is the expected output of the operation?', 'null', 'null', 'Apply', NULL),
('3b08a2dd-8a7b-48f3-81e2-30d4c730eebd', 'b1a412f4-cc02-4641-8450-2eee6241ef2b', 'f2e4da8e-be43-450c-9c9f-e9b9fcac7a85', 'A student implemented generic Queue&#60;T&#62; utilizing Linked List which implements List for software module to model jobs to a network printer.Given input data frvsj,xjvgc,vxjuh,ulhbl to be added to the queue in the same sequence, when operation poll() is executed ', 'What will be the expected output?', 'null', 'null', 'Apply', NULL),
('3c7232a7-d589-4a18-8919-3018e43ffab7', '7f612906-fc30-4bfd-adf3-8ed895260770', '181d408d-fcab-4b2c-993e-f852284e61f2', 'Four software developers A,B,C D design and implemented M1() operation of data structure which implements Array-Based List inteface. The computer processing   as a function of time complexity for the M1() operation  algorithmns were analysed and  the the result is shown below:  TA(n)   =n^2 , TB(n) = n^3, TC(n)=log n, TD(n) = n', 'Choose the algorithem which is better in terms of  Big-Oh sense for the implementation of  the software component .', 'null', 'null', 'Evaluate', NULL),
('3df0d78b-e684-45a1-aa2b-9a135cb12a67', 'b1a412f4-cc02-4641-8450-2eee6241ef2b', 'f2e4da8e-be43-450c-9c9f-e9b9fcac7a85', 'A student implemented generic Queue&#60;T&#62; utilizing RootishArrayStack which implements Array-Based List for software module to model jobs to a network printer.Given input data sthsk,dgbfk,quipy,neblf to be added to the queue in the same sequence, when operation remove() is executed ', 'What will be the expected output?', 'null', 'null', 'Apply', NULL),
('3f613cb2-a2d7-4ba1-8e15-4518e7eb6709', 'a83ab73b-4f99-4522-a7cb-fed968f5f371', '181d408d-fcab-4b2c-993e-f852284e61f2', 'A programmer implemented generic Queue&#60;T&#62; utilizing ArrayStack which implements Array-Based List for software module to implement call center phone systems (hold people calling them in an order, until a service representative is free).Given input data 1910,1916,546,982 to be added to the queue in the same sequence, when operation poll() is executed ', 'What will be the expected output?', 'null', 'null', 'Apply', NULL),
('3f91ac87-ebea-4ce8-8ab1-705520311e84', '7f612906-fc30-4bfd-adf3-8ed895260770', '181d408d-fcab-4b2c-993e-f852284e61f2', 'Four software developers A,B,C D design and implemented get() operation of data structure which implements List inteface. The computer processing   as a function of time complexity for the get() operation  algorithmns were analysed and  the the result is shown below:  TA(n)   =n^2 , TB(n) = n^3, TC(n)=log n, TD(n) = n', 'Choose the algorithem which is better in terms of  Big-Oh sense for the implementation of  the software component .', 'null', 'null', 'Evaluate', NULL),
('3ff8bfc6-82be-479e-89f4-4188ecaf6047', 'a83ab73b-4f99-4522-a7cb-fed968f5f371', '181d408d-fcab-4b2c-993e-f852284e61f2', 'A software developer implemented generic Queue&#60;T&#62; utilizing Linked List which implements List for software module to model jobs to a network printer.Given input data 263,1326,338,197 to be added to the queue in the same sequence, when operation peek() is executed ', 'What will be the expected output?', 'null', 'null', 'Apply', NULL),
('42ffaae6-b184-49a4-964c-f9fdc8a90d48', 'b1a412f4-cc02-4641-8450-2eee6241ef2b', 'f2e4da8e-be43-450c-9c9f-e9b9fcac7a85', 'A software developer implemented generic Stack&#60;T&#62; using RootishArrayStack which implements Array-Based List as internal data structure for software component to reverse input string.  Opon unit testing the student performed the following sequence operations\n s.Push(247);s.Push(97);s.Push(859);s.Push(731);s.Pop()\n on the instance of the data structure', 'What is the expected output of the operation?', 'null', 'null', 'Apply', NULL),
('4b2aecbb-0164-4487-a551-fd390bdc2f3e', '7f612906-fc30-4bfd-adf3-8ed895260770', '181d408d-fcab-4b2c-993e-f852284e61f2', 'Four students A,B,C D design and implemented M1() operation of data structure which implements Linked List inteface. The computer processing   as a function of time complexity for the M1() operation  algorithmns were analysed and  the the result is shown below:  TA(n)   =n^2 , TB(n) = n^3, TC(n)=log n, TD(n) = n', 'Choose the algorithem which is better in terms of  Big-Oh sense for the implementation of  the software component .', 'null', 'null', 'Evaluate', NULL),
('4dd7f396-d26b-486a-a83f-f94aa6e5c68a', '7f612906-fc30-4bfd-adf3-8ed895260770', '181d408d-fcab-4b2c-993e-f852284e61f2', 'A software developer designed and implemented ArrayStack to be used in software component. The data structure implemented Array-Based List interface which supports  M1()  operation. The student implemented the M1()  as follows :\n			//Here c is a constant\n           		for (int i =1 ; i <= c ; i++){\n			   // some  O(1) expressions\n}', 'If c is constant then what is the time complexity  of  the algorithm?', 'null', 'null', 'Analyze', NULL),
('4f6a2195-1772-4c73-821b-ce52011ccde3', 'b1a412f4-cc02-4641-8450-2eee6241ef2b', 'f2e4da8e-be43-450c-9c9f-e9b9fcac7a85', 'A software developer implemented generic Queue&#60;T&#62; utilizing ArrayDeque which implements Array-Based List for software module to model a line in a store. The first customer in line is the first one served.Given input data yjwto,wbfpl,yocmn,irolf to be added to the queue in the same sequence, when operation poll() is executed ', 'What will be the expected output?', 'null', 'null', 'Apply', NULL),
('58426bb5-688f-40d9-8b55-a8da0dff189a', '7f612906-fc30-4bfd-adf3-8ed895260770', '181d408d-fcab-4b2c-993e-f852284e61f2', 'A student designed and implemented generic data structure G&lt;T&gt; for  software component leveraging DLList (Doubly-Linked List).The data structure implemented Linked List interface which supports  M1()  operation. The student implemented the M1()  as follows :\n     		 //Here c is a constant\n           		for (int i =1 ; i <= n ; i+=c){\n			   // some  O(1) expressions\n}', 'Assuming c is constant then what is the time complexity  of  the algorithm?', 'null', 'null', 'Analyze', NULL),
('5b4cbcb3-5e12-49e9-bec4-45c6cdc59aff', 'b1a412f4-cc02-4641-8450-2eee6241ef2b', 'f2e4da8e-be43-450c-9c9f-e9b9fcac7a85', 'A programmer implemented generic Map&#60;T&#62; utilizing HashTable which implements USet for software component to allow lookup of values with key.During unit testing of the component the following opertions m.put(0,silgc);\nm.put(1,eijgl);\nm.put(2,eotru);\nm.put(3,nfyut);\ns.remove(0)\n were executed in sequence.', 'What will be the expected output?', 'null', 'null', 'Apply', NULL),
('5d43efd8-01fe-4236-9428-fec050e02383', '7f612906-fc30-4bfd-adf3-8ed895260770', '181d408d-fcab-4b2c-993e-f852284e61f2', 'A  student is considering using a third party data structure(TPDS) to implement generic data structure S<T> which should be able process about 1000,000 data items.Additionally, it should implement Array-Based List inteface and provide algorithm for the set() operation. The computer processing time in relationship to time complexity  for the set() operation of  TPDS as follows. A1(n)=n^2 ,A2(n) = 5.3n^3, A3(n)=log n, A4(n)=200n^3', 'Choose the algorithem which is better in terms of  Big-Oh sense for the implementation of  the software component .', 'null', 'null', 'Evaluate', NULL),
('5f575a1b-c6ce-416b-8ca5-da5f23f433c7', '7f612906-fc30-4bfd-adf3-8ed895260770', '181d408d-fcab-4b2c-993e-f852284e61f2', 'A student designed and implemented Array-Based List to be used in software component. The data structure implemented List interface which supports  M1()  operation. The student implemented the M1()  as follows :\n			//Here c is a constant\n           		for (int i =1 ; i <= c ; i++){\n			   // some  O(1) expressions\n}', 'If c is constant then what is the time complexity  of  the algorithm?', 'null', 'null', 'Analyze', NULL),
('64124abd-91a8-43dd-a6dd-367f5c9780c4', '7f612906-fc30-4bfd-adf3-8ed895260770', '181d408d-fcab-4b2c-993e-f852284e61f2', 'Four programmers A,B,C D design and implemented get() operation of data structure which implements List inteface. The computer processing   as a function of time complexity for the get() operation  algorithmns were analysed and  the the result is shown below:  TA(n)   =n^2 , TB(n) = n^3, TC(n)=log n, TD(n) = n', 'Choose the algorithem which is better in terms of  Big-Oh sense for the implementation of  the software component .', 'null', 'null', 'Evaluate', NULL),
('65a0e99e-91d3-4889-abd6-73d8def6047b', 'b1a412f4-cc02-4641-8450-2eee6241ef2b', 'f2e4da8e-be43-450c-9c9f-e9b9fcac7a85', 'A student implemented generic Map&#60;T&#62; utilizing LinearHashTable which implements HashTable for software component to allow lookup of values with key.During unit testing of the component the following opertions m.put(0,niuck);\nm.put(1,njckf);\nm.put(2,fzlsi);\nm.put(3,vtdxm);\nm.get(1)\n were executed in sequence.', 'What will be the expected output?', 'null', 'null', 'Apply', NULL),
('66db2ebc-9501-4a3e-912b-35e6239a8efb', '7f612906-fc30-4bfd-adf3-8ed895260770', '181d408d-fcab-4b2c-993e-f852284e61f2', 'A software developer designed and implemented SEList (Space-Efficient List) to be used in software component. The data structure implemented Linked List interface which supports  M1()  operation. The student implemented the M1()  as follows :\n			//Here c is a constant\n           		for (int i =1 ; i <= c ; i++){\n			   // some  O(1) expressions\n}', 'If c is constant then what is the time complexity  of  the algorithm?', 'null', 'null', 'Analyze', NULL),
('70c5bd6a-7226-4ebb-baef-de8f9941e8c0', 'b1a412f4-cc02-4641-8450-2eee6241ef2b', 'f2e4da8e-be43-450c-9c9f-e9b9fcac7a85', 'A software developer implemented generic Stack&#60;T&#62; using Array-Based List which implements List as internal data structure for software component to reverse input string.  Opon unit testing the student performed the following sequence operations\n s.Push(531);s.Push(16);s.Push(495);s.Push(988);s.Peek()\n on the instance of the data structure', 'What is the expected output of the operation?', 'null', 'null', 'Apply', NULL),
('738dffbd-2d9b-4f94-8661-5a033ec7f2a0', '7f612906-fc30-4bfd-adf3-8ed895260770', '181d408d-fcab-4b2c-993e-f852284e61f2', 'A  student is considering using a third party data structure(TPDS) to implement generic data structure S<T> which should be able process about 50,000 data items.Additionally, it should implement Array-Based List inteface and provide algorithm for the set() operation. The computer processing time in relationship to time complexity  for the set() operation of  TPDS as follows. A1(n)=n^2 ,A2(n) = 5.3n^3, A3(n)=log n, A4(n)=200n^3', 'Choose the algorithem which is better in terms of  Big-Oh sense for the implementation of  the software component .', 'null', 'null', 'Evaluate', NULL),
('76a84be3-e83d-4f15-a51b-0fb1ff86f0cc', 'b1a412f4-cc02-4641-8450-2eee6241ef2b', 'f2e4da8e-be43-450c-9c9f-e9b9fcac7a85', 'A software developer implemented generic Queue&#60;T&#62; utilizing Array-Based List which implements List for software module to model a line in a store. The first customer in line is the first one served.Given input data tctbt,osmmk,zdutj,qhrlj to be added to the queue in the same sequence, when operation peek() is executed ', 'What will be the expected output?', 'null', 'null', 'Apply', NULL),
('8049083e-84f6-4933-818c-07ba297fdcd1', 'a83ab73b-4f99-4522-a7cb-fed968f5f371', '181d408d-fcab-4b2c-993e-f852284e61f2', 'A software developer implemented generic Stack&#60;T&#62; using Linked List which implements List as internal data structure for software component to reverse input string.  Opon unit testing the software developer performed the following sequence operations\n s.Push(lsvng);\ns.Push(gjbhg);\ns.Push(dodzs);\ns.Push(hvizu);\n on the instance of the data structure', 'What is the expected output of the operation?', 'null', 'null', 'Apply', NULL),
('8a7cfd61-3e94-4285-a52f-1e1071428bbf', '7f612906-fc30-4bfd-adf3-8ed895260770', '181d408d-fcab-4b2c-993e-f852284e61f2', 'A  software developer is considering using a third party data structure(TPDS) to implement generic data structure S<T> which should be able process about 25,000 data items.Additionally, it should implement List inteface and provide algorithm for the M1() operation. The computer processing time in relationship to time complexity  for the M1() operation of  TPDS as follows. A1(n)=n^2 ,A2(n) = 5.3n^3, A3(n)=log n, A4(n)=200n^3', 'Choose the algorithem which is better in terms of  Big-Oh sense for the implementation of  the software component .', 'null', 'null', 'Evaluate', NULL),
('8ce19e51-128a-4063-ada6-1f0f86ef0246', 'b1a412f4-cc02-4641-8450-2eee6241ef2b', 'f2e4da8e-be43-450c-9c9f-e9b9fcac7a85', 'A programmer implemented generic Map&#60;T&#62; utilizing ChainedHashTable which implements HashTable for software component to allow lookup of values with key.During unit testing of the component the following opertions m.put(0,efyov);\nm.put(1,yrmsm);\nm.put(2,biryp);\nm.put(3,mtder);\ns.remove(2)\n were executed in sequence.', 'What will be the expected output?', 'null', 'null', 'Apply', NULL),
('8dcfe439-69fc-42e7-8d07-57380222b24c', 'a83ab73b-4f99-4522-a7cb-fed968f5f371', '181d408d-fcab-4b2c-993e-f852284e61f2', 'A student implemented generic Queue&#60;T&#62; utilizing ArrayDeque which implements Array-Based List for software module to model people arrive and get in line for a teller at a bank.Given input data wkzid,tagrd,mnwca,qyvzy to be added to the queue in the same sequence, when operation peek() is executed ', 'What will be the expected output?', 'null', 'null', 'Apply', NULL),
('9237f418-eea1-490e-99c1-bd63334def4b', 'b1a412f4-cc02-4641-8450-2eee6241ef2b', 'f2e4da8e-be43-450c-9c9f-e9b9fcac7a85', 'A student implemented generic Stack&#60;T&#62; using ArrayQueue which implements Array-Based List as internal data structure for software component to reverse input string.  Opon unit testing the programmer performed the following sequence operations\n s.Push(vbgye);\ns.Push(tkbik);\ns.Push(vnclp);\ns.Push(wrsoz);\n on the instance of the data structure', 'What is the expected output of the operation?', 'null', 'null', 'Apply', NULL),
('99de0247-2aae-48e9-a3b5-165ceb2597ca', '7f612906-fc30-4bfd-adf3-8ed895260770', '181d408d-fcab-4b2c-993e-f852284e61f2', 'A programmer is considering designing and implementing generic data structure A&lt;T&gt; for  software module\n               The specification for the data strucure is as follows:\n               1. Implement Array-Based List interface .\n               2. Supports  set()  operation\n               3. Write algorithm for set()\n               The algorithm implemented is as follows :\nfor(int i= n; i >0; i +=c){ \n   for (int j =i+1; j +=c){ \n//some 0(1) expresions \n}\n', 'Taken c as constant then what is the time complexity  of  the algorithm?', 'null', 'null', 'Analyze', NULL),
('9b7e596b-bd93-4545-87fe-04184b11c011', 'b1a412f4-cc02-4641-8450-2eee6241ef2b', 'f2e4da8e-be43-450c-9c9f-e9b9fcac7a85', 'A student implemented generic Queue&#60;T&#62; utilizing DualArrayDeque which implements Array-Based List for software module to model people arrive and get in line for a teller at a bank.Given input data 177,22,1890,354 to be added to the queue in the same sequence, when operation remove() is executed ', 'What will be the expected output?', 'null', 'null', 'Apply', NULL),
('9d1ffb0a-c302-48f7-b5fc-a2ad7b2331b1', '7f612906-fc30-4bfd-adf3-8ed895260770', '181d408d-fcab-4b2c-993e-f852284e61f2', 'A programmer is considering designing and implementing generic data structure A&lt;T&gt; for  software module\n               The specification for the data strucure is as follows:\n               1. Implement Interface interface .\n               2. Supports  get()  operation\n               3. Write algorithm for get()\n               The algorithm implemented is as follows :\nfor(int i= n; i >0; i +=c){ \n   for (int j =i+1; j +=c){ \n//some 0(1) expresions \n}\n', 'Taken c as constant then what is the time complexity  of  the algorithm?', 'null', 'null', 'Analyze', NULL),
('a573639e-ba38-47c3-8364-16477632addc', 'b1a412f4-cc02-4641-8450-2eee6241ef2b', 'f2e4da8e-be43-450c-9c9f-e9b9fcac7a85', 'A programmer implemented generic Queue&#60;T&#62; utilizing ArrayQueue which implements Array-Based List for software module to model jobs to a network printer.Given input data dmqgr,rynnp,wkdke,mahpx to be added to the queue in the same sequence, when operation poll() is executed ', 'What will be the expected output?', 'null', 'null', 'Apply', NULL),
('a5d69ac8-c054-4b88-a4ec-90c7cf5bc726', '7f612906-fc30-4bfd-adf3-8ed895260770', '181d408d-fcab-4b2c-993e-f852284e61f2', 'Four programmers A,B,C D design and implemented size() operation of data structure which implements Linked List inteface. The computer processing   as a function of time complexity for the size() operation  algorithmns were analysed and  the the result is shown below:  TA(n)   =n^2 , TB(n) = n^3, TC(n)=log n, TD(n) = n', 'Choose the algorithem which is better in terms of  Big-Oh sense for the implementation of  the software component .', 'null', 'null', 'Evaluate', NULL),
('b19fff94-1ec1-4916-b295-cd96b1a1c203', 'a83ab73b-4f99-4522-a7cb-fed968f5f371', '181d408d-fcab-4b2c-993e-f852284e61f2', 'A student implemented generic Queue&#60;T&#62; utilizing ArrayQueue which implements Array-Based List for software module to model a line in a store. The first customer in line is the first one served.Given input data 699,1111,1771,698 to be added to the queue in the same sequence, when operation remove() is executed ', 'What will be the expected output?', 'null', 'null', 'Apply', NULL),
('b3dfc04d-14cd-4152-a35d-b5e60f7e56d1', 'a83ab73b-4f99-4522-a7cb-fed968f5f371', '181d408d-fcab-4b2c-993e-f852284e61f2', 'A software developer implemented generic Queue&#60;T&#62; utilizing Array-Based List which implements List for software module to model people arrive and get in line for a teller at a bank.Given input data ohvko,nzifk,pjjqj,zomht to be added to the queue in the same sequence, when operation remove() is executed ', 'What will be the expected output?', 'null', 'null', 'Apply', NULL),
('b787c41e-9fe6-42b3-b09b-9b93b80d76da', '7f612906-fc30-4bfd-adf3-8ed895260770', '181d408d-fcab-4b2c-993e-f852284e61f2', 'A programmer designed and implemented generic data structure G&lt;T&gt; for  software component leveraging SLList (Singly-Linked List).The data structure implemented Linked List interface which supports  M1()  operation. The student implemented the M1()  as follows :\n     		 //Here c is a constant\n           		for (int i =1 ; i <= n ; i+=c){\n			   // some  O(1) expressions\n}', 'Assuming c is constant then what is the time complexity  of  the algorithm?', 'null', 'null', 'Analyze', NULL),
('b798136b-d7dd-4201-8019-03b775067039', 'b1a412f4-cc02-4641-8450-2eee6241ef2b', 'f2e4da8e-be43-450c-9c9f-e9b9fcac7a85', 'A programmer implemented generic Stack&#60;T&#62; using ArrayStack which implements Array-Based List as internal data structure for software component to reverse input string.  Opon unit testing the student performed the following sequence operations\n s.Push(386);s.Push(538);s.Push(302);s.Push(767);s.Peek()\n on the instance of the data structure', 'What is the expected output of the operation?', 'null', 'null', 'Apply', NULL),
('bce5c2a7-4a19-4586-a2d0-80c729a4473f', '7f612906-fc30-4bfd-adf3-8ed895260770', '181d408d-fcab-4b2c-993e-f852284e61f2', 'Four programmers A,B,C D design and implemented M1() operation of data structure which implements Linked List inteface. The computer processing   as a function of time complexity for the M1() operation  algorithmns were analysed and  the the result is shown below:  TA(n)   =n^2 , TB(n) = n^3, TC(n)=log n, TD(n) = n', 'Choose the algorithem which is better in terms of  Big-Oh sense for the implementation of  the software component .', 'null', 'null', 'Evaluate', NULL),
('c3cfbf3a-ed9d-4b17-9f95-72203743feb6', '7f612906-fc30-4bfd-adf3-8ed895260770', '181d408d-fcab-4b2c-993e-f852284e61f2', 'Four software developers A,B,C D design and implemented size() operation of data structure which implements List inteface. The computer processing   as a function of time complexity for the size() operation  algorithmns were analysed and  the the result is shown below:  TA(n)   =n^2 , TB(n) = n^3, TC(n)=log n, TD(n) = n', 'Choose the algorithem which is better in terms of  Big-Oh sense for the implementation of  the software component .', 'null', 'null', 'Evaluate', NULL),
('c44ba6f8-4dc3-427b-b360-e1739f375b7c', '7f612906-fc30-4bfd-adf3-8ed895260770', '181d408d-fcab-4b2c-993e-f852284e61f2', 'Four programmers A,B,C D design and implemented set() operation of data structure which implements Array-Based List inteface. The computer processing   as a function of time complexity for the set() operation  algorithmns were analysed and  the the result is shown below:  TA(n)   =n^2 , TB(n) = n^3, TC(n)=log n, TD(n) = n', 'Choose the algorithem which is better in terms of  Big-Oh sense for the implementation of  the software component .', 'null', 'null', 'Evaluate', NULL),
('c53122dc-f73c-46f5-b9c2-f0fc0824a6d3', 'a83ab73b-4f99-4522-a7cb-fed968f5f371', '181d408d-fcab-4b2c-993e-f852284e61f2', 'A software developer implemented generic Stack&#60;T&#62; using ArrayQueue which implements Array-Based List as internal data structure for software component to reverse input string.  Opon unit testing the programmer performed the following sequence operations\n s.Push(lvlhq);\ns.Push(ugxyy);\ns.Push(bcblg);\ns.Push(mexki);\n on the instance of the data structure', 'What is the expected output of the operation?', 'null', 'null', 'Apply', NULL),
('c5ac7b0a-d047-40c9-8bda-ce34f23e8f29', 'b1a412f4-cc02-4641-8450-2eee6241ef2b', 'f2e4da8e-be43-450c-9c9f-e9b9fcac7a85', 'A student implemented generic Stack&#60;T&#62; using DualArrayDeque which implements Array-Based List as internal data structure for software component to reverse input string.  Opon unit testing the programmer performed the following sequence operations\n s.Push(qjqxx);\ns.Push(szlhg);\ns.Push(cvzac);\ns.Push(pwkes);\n on the instance of the data structure', 'What is the expected output of the operation?', 'null', 'null', 'Apply', NULL),
('c81a3545-b316-4316-9ca8-78fee231765f', '7f612906-fc30-4bfd-adf3-8ed895260770', '181d408d-fcab-4b2c-993e-f852284e61f2', 'A programmer was asked to implement generic data structure G&lt;T&gt; which implements Array-Based List inteface. \n               The specification for the data structure is as follows:\n                1. Implement algorithm for M1()\n                2. The algorithm should run efficiently\n               The algorithm implemented is shown below :\nfor(int i=1; i <=n i *=c) { //some 0(1) expressions}', 'Assuming c constant and the expressions within the loop are 0(1) then what is the time complexity  of  the algorithm?', 'null', 'null', 'Analyze', NULL),
('c8f6f2f6-13ab-4408-a425-e02e98f84a49', 'b1a412f4-cc02-4641-8450-2eee6241ef2b', 'f2e4da8e-be43-450c-9c9f-e9b9fcac7a85', 'A software developer implemented generic Stack&#60;T&#62; using ArrayDeque which implements Array-Based List as internal data structure for software component to reverse input string.  Opon unit testing the software developer performed the following sequence operations\n s.Push(48);s.Push(281);s.Push(850);s.Push(509);s.Pop()\n on the instance of the data structure', 'What is the expected output of the operation?', 'null', 'null', 'Apply', NULL),
('cbc0dda8-5b4f-47c3-987c-b5850b8800da', '7f612906-fc30-4bfd-adf3-8ed895260770', '181d408d-fcab-4b2c-993e-f852284e61f2', 'Four software developers A,B,C D design and implemented size() operation of data structure which implements Array-Based List inteface. The computer processing   as a function of time complexity for the size() operation  algorithmns were analysed and  the the result is shown below:  TA(n)   =n^2 , TB(n) = n^3, TC(n)=log n, TD(n) = n', 'Choose the algorithem which is better in terms of  Big-Oh sense for the implementation of  the software component .', 'null', 'null', 'Evaluate', NULL),
('cdecb715-e86f-4f75-844a-08b60428b2c0', '7f612906-fc30-4bfd-adf3-8ed895260770', '181d408d-fcab-4b2c-993e-f852284e61f2', 'A  programmer is considering using a third party data structure(TPDS) to implement generic data structure S<T> which should be able process about 100,000 data items.Additionally, it should implement Linked List inteface and provide algorithm for the M1() operation. The computer processing time in relationship to time complexity  for the M1() operation of  TPDS as follows. A1(n)=n^2 ,A2(n) = 5.3n^3, A3(n)=log n, A4(n)=200n^3', 'Choose the algorithem which is better in terms of  Big-Oh sense for the implementation of  the software component .', 'null', 'null', 'Evaluate', NULL),
('d148de6e-6426-445a-ba13-644a8f0686d5', '7f612906-fc30-4bfd-adf3-8ed895260770', '181d408d-fcab-4b2c-993e-f852284e61f2', 'A  software developer is considering using a third party data structure(TPDS) to implement generic data structure S<T> which should be able process about 50,000 data items.Additionally, it should implement List inteface and provide algorithm for the M1() operation. The computer processing time in relationship to time complexity  for the M1() operation of  TPDS as follows. A1(n)=n^2 ,A2(n) = 5.3n^3, A3(n)=log n, A4(n)=200n^3', 'Choose the algorithem which is better in terms of  Big-Oh sense for the implementation of  the software component .', 'null', 'null', 'Evaluate', NULL),
('e28c55dc-43ba-43b0-9d55-2e0955621242', 'a83ab73b-4f99-4522-a7cb-fed968f5f371', '181d408d-fcab-4b2c-993e-f852284e61f2', 'A student implemented generic Stack&#60;T&#62; using DualArrayDeque which implements Array-Based List as internal data structure for software component to reverse input string.  Opon unit testing the programmer performed the following sequence operations\n s.Push(cdjqb);\ns.Push(npxhe);\ns.Push(mkhyd);\ns.Push(coyvn);\n on the instance of the data structure', 'What is the expected output of the operation?', 'null', 'null', 'Apply', NULL),
('e9b27607-a9d9-4132-9b75-5256887f9301', 'b1a412f4-cc02-4641-8450-2eee6241ef2b', 'f2e4da8e-be43-450c-9c9f-e9b9fcac7a85', 'A software developer implemented generic Queue&#60;T&#62; utilizing ArrayStack which implements Array-Based List for software module to  model people waiting at movie theater ticket counter window.Given input data rlyeg,eyvti,hexah,hldej to be added to the queue in the same sequence, when operation poll() is executed ', 'What will be the expected output?', 'null', 'null', 'Apply', NULL),
('ee82a9a0-e127-41e6-a824-0b85c01ae316', '7f612906-fc30-4bfd-adf3-8ed895260770', '181d408d-fcab-4b2c-993e-f852284e61f2', 'A software developer designed and implemented RootishArrayStack to be used in software component. The data structure implemented Array-Based List interface which supports  M1()  operation. The student implemented the M1()  as follows :\n			//Here c is a constant\n           		for (int i =1 ; i <= c ; i++){\n			   // some  O(1) expressions\n}', 'If c is constant then what is the time complexity  of  the algorithm?', 'null', 'null', 'Analyze', NULL),
('f5266189-2546-451a-9458-0e15a49f21cd', '7f612906-fc30-4bfd-adf3-8ed895260770', '181d408d-fcab-4b2c-993e-f852284e61f2', 'A  programmer is considering using a third party data structure(TPDS) to implement generic data structure S<T> which should be able process about 100,000 data items.Additionally, it should implement Linked List inteface and provide algorithm for the M1() operation. The computer processing time in relationship to time complexity  for the M1() operation of  TPDS as follows. A1(n)=n^2 ,A2(n) = 5.3n^3, A3(n)=log n, A4(n)=200n^3', 'Choose the algorithem which is better in terms of  Big-Oh sense for the implementation of  the software component .', 'null', 'null', 'Evaluate', NULL),
('fc26cde6-53e6-4ae3-9ec3-01f7584a284a', 'a83ab73b-4f99-4522-a7cb-fed968f5f371', '181d408d-fcab-4b2c-993e-f852284e61f2', 'A software developer implemented generic Stack&#60;T&#62; using ArrayStack which implements Array-Based List as internal data structure for software component to reverse input string.  Opon unit testing the programmer performed the following sequence operations\n s.Push(fbvaj);\ns.Push(quozx);\ns.Push(hkfob);\ns.Push(scdyu);\n on the instance of the data structure', 'What is the expected output of the operation?', 'null', 'null', 'Apply', NULL),
('fc9118a2-19e8-4bad-bc3b-009d66fcfe32', '7f612906-fc30-4bfd-adf3-8ed895260770', '181d408d-fcab-4b2c-993e-f852284e61f2', 'A  student is considering using a third party data structure(TPDS) to implement generic data structure S<T> which should be able process about 50,000 data items.Additionally, it should implement Array-Based List inteface and provide algorithm for the M1() operation. The computer processing time in relationship to time complexity  for the M1() operation of  TPDS as follows. A1(n)=n^2 ,A2(n) = 5.3n^3, A3(n)=log n, A4(n)=200n^3', 'Choose the algorithem which is better in terms of  Big-Oh sense for the implementation of  the software component .', 'null', 'null', 'Evaluate', NULL);

-- --------------------------------------------------------

--
-- Table structure for table `questionbankansweroption`
--

DROP TABLE IF EXISTS `questionbankansweroption`;
CREATE TABLE IF NOT EXISTS `questionbankansweroption` (
  `AnswerOptionId` char(36) NOT NULL,
  `TestItemId` char(36) NOT NULL,
  `Label` varchar(255) DEFAULT NULL,
  `Text` varchar(255) DEFAULT NULL,
  `IsKey` tinyint(1) DEFAULT NULL,
  PRIMARY KEY (`AnswerOptionId`)
) ENGINE=InnoDB DEFAULT CHARSET=utf8;

--
-- Dumping data for table `questionbankansweroption`
--

INSERT INTO `questionbankansweroption` (`AnswerOptionId`, `TestItemId`, `Label`, `Text`, `IsKey`) VALUES
('005135da-8c13-490e-8ca5-d033ce6dddf6', '3df0d78b-e684-45a1-aa2b-9a135cb12a67', 'B.', 'quipy', 0),
('0091f0d8-00fa-4222-a7ba-31494211e6d2', '70c5bd6a-7226-4ebb-baef-de8f9941e8c0', 'C.', '495', 0),
('0145c80c-472f-450d-83e3-84ca66fbe6e6', '66db2ebc-9501-4a3e-912b-35e6239a8efb', 'D.', 'O(log n)', 0),
('019127b3-e676-4e03-a734-da8bc8b0b77e', 'b787c41e-9fe6-42b3-b09b-9b93b80d76da', 'D.', 'O(log n)', 0),
('01c358ea-f3d3-47a8-a7ec-f2125070be99', 'a5d69ac8-c054-4b88-a4ec-90c7cf5bc726', 'B.', 'TA(n)=n^2', 0),
('02589de0-4399-49dd-a6e2-b72077e1157d', 'ee82a9a0-e127-41e6-a824-0b85c01ae316', 'B.', 'O(n^2)', 0),
('02a21b3a-84e1-4eee-8f92-7bacb30f53b5', '315fdca9-b61a-434a-91bd-ae0fa32005d7', 'D.', 'muxgf', 0),
('036bdabf-72b4-4c74-9e13-c9789380ca6a', 'b787c41e-9fe6-42b3-b09b-9b93b80d76da', 'C.', 'O(1)', 0),
('0696e094-4bf2-45ab-a281-0225fb9a1381', 'a573639e-ba38-47c3-8364-16477632addc', 'B.', 'mahpx', 0),
('06c8a8d7-28de-4f72-a69f-6dc847582c09', '64124abd-91a8-43dd-a6dd-367f5c9780c4', 'B.', 'TD(n)= n', 1),
('06f1b479-65d3-44b1-8a06-de3ce1fa0b27', 'c8f6f2f6-13ab-4408-a425-e02e98f84a49', 'C.', '281', 0),
('07535926-c3bb-4264-a014-c1683cb1aee6', 'b798136b-d7dd-4201-8019-03b775067039', 'A.', '538', 0),
('08eccd70-d695-4b22-bb9d-2da595669ec3', '99de0247-2aae-48e9-a3b5-165ceb2597ca', 'D.', 'O(log n)', 0),
('0b41d046-12f4-4e6c-9619-58285c66821e', 'e9b27607-a9d9-4132-9b75-5256887f9301', 'B.', 'hldej', 0),
('0c41dd76-e24b-4ee2-a488-7817e7c29a73', '2bb125f4-6e1d-4d96-b873-7e2930f1ff03', 'D.', 'O(1)', 1),
('0c6b7cc6-4583-466f-b839-8f4f95129d73', '2bb125f4-6e1d-4d96-b873-7e2930f1ff03', 'A.', 'O(n^2)', 0),
('0ee3485b-836c-4c67-a8ff-3a3323846c60', 'cdecb715-e86f-4f75-844a-08b60428b2c0', 'C.', 'A2(n)= 9n^3', 0),
('0ef7be38-9c1e-4c8e-b8af-2125393ede56', '3a7396d0-51bb-453b-92e0-7a7b8b7a9dae', 'D.', 'kloig', 0),
('10169cca-a38f-4e68-8433-72e25cc29c4a', '9d1ffb0a-c302-48f7-b5fc-a2ad7b2331b1', 'D.', 'O(log n)', 0),
('1117a80f-2d23-4e67-9ab7-24ad88aa0495', 'b798136b-d7dd-4201-8019-03b775067039', 'D.', '302', 0),
('1149f469-6704-45d0-870f-60eae1267866', '4f6a2195-1772-4c73-821b-ce52011ccde3', 'A.', 'irolf', 0),
('1212687e-e405-48cc-91b7-358695acd0eb', '3f613cb2-a2d7-4ba1-8e15-4518e7eb6709', 'D.', '546', 0),
('16aa626b-f962-4ecd-9fc0-feb554d3dbd0', '9b7e596b-bd93-4545-87fe-04184b11c011', 'B.', '177', 1),
('1900f251-2025-473f-8270-f536d860e469', '16b58df5-ecd1-4fee-93a9-b58b85c837da', 'B.', 'TB(n)= n^3', 0),
('19010a05-dbfd-4972-911e-de39614ee30a', 'b798136b-d7dd-4201-8019-03b775067039', 'C.', '767', 1),
('1a317f3e-6152-48b6-92cd-1a7c29e50cec', 'c81a3545-b316-4316-9ca8-78fee231765f', 'B.', 'O(n^2)', 0),
('1c6b167e-5aa4-4826-8863-d6b4bbb223bb', '3c7232a7-d589-4a18-8919-3018e43ffab7', 'A.', 'TD(n)= n', 1),
('1da877c6-3fee-408e-a09e-8777fee99069', '4f6a2195-1772-4c73-821b-ce52011ccde3', 'B.', 'yjwto', 1),
('1e6095ae-6759-4fdd-a975-37377052e064', '3a7396d0-51bb-453b-92e0-7a7b8b7a9dae', 'C.', 'qgomr', 0),
('1f1576c7-b606-4869-984a-f7acbdeacb27', '5d43efd8-01fe-4236-9428-fec050e02383', 'B.', 'A2(n)= 9n^3', 0),
('1f81d6bf-c0a6-45d8-8be7-98e6d56b24d3', '76a84be3-e83d-4f15-a51b-0fb1ff86f0cc', 'D.', 'tctbt', 1),
('200918ea-906f-41a0-a368-96bf5a26c047', '2906f3f1-d8b9-4b72-9e80-cb531324992e', 'D.', 'pgxan', 0),
('2206d22d-c43c-4979-94df-6116acbf830d', '4f6a2195-1772-4c73-821b-ce52011ccde3', 'C.', 'yocmn', 0),
('22769e21-cf33-49bb-a7d2-9dc3af5ce635', '0199132c-2e21-4e29-9fa3-f666d4a8a118', 'B.', '352', 0),
('24e4b27d-fdb4-48ce-97d8-73cbd523b927', 'b787c41e-9fe6-42b3-b09b-9b93b80d76da', 'B.', 'O(n)', 1),
('26c07291-3d7c-4cd4-a477-cbf596bd99ac', '8dcfe439-69fc-42e7-8d07-57380222b24c', 'A.', 'wkzid', 1),
('26d659ee-8f49-4656-bca9-240094350290', '4f6a2195-1772-4c73-821b-ce52011ccde3', 'D.', 'wbfpl', 0),
('27be842f-2c79-438f-9f5c-964665da1c1f', '76a84be3-e83d-4f15-a51b-0fb1ff86f0cc', 'C.', 'zdutj', 0),
('27d98445-fcd8-44f5-9a37-13a95317ca56', 'c8f6f2f6-13ab-4408-a425-e02e98f84a49', 'B.', '850', 0),
('27e64589-a68d-4f67-b59f-41841dffb461', '64124abd-91a8-43dd-a6dd-367f5c9780c4', 'C.', 'TB(n)= n^3', 0),
('2ae8041a-79c0-4002-ab51-7e80b9b14910', '4b2aecbb-0164-4487-a551-fd390bdc2f3e', 'C.', 'TD(n)= n', 1),
('2bea500d-38c7-421f-bd74-2c681a61af90', 'e28c55dc-43ba-43b0-9d55-2e0955621242', 'A.', 'coyvn', 1),
('2c56273c-30b0-4d74-b8f2-a42f7b57a4a2', '3f91ac87-ebea-4ce8-8ab1-705520311e84', 'A.', 'TD(n)= n', 1),
('2dcd865c-56b5-48da-996d-c9eec4a37ba2', 'fc9118a2-19e8-4bad-bc3b-009d66fcfe32', 'B.', 'A2(n)= 9n^3', 0),
('2e106d69-66e3-44e0-b86e-0d41f1706eda', '3a7396d0-51bb-453b-92e0-7a7b8b7a9dae', 'B.', 'qbzcj', 1),
('2e653573-7dfc-445f-a5e0-75a15bc1fcf3', '99de0247-2aae-48e9-a3b5-165ceb2597ca', 'C.', 'O(1)', 0),
('2ebcc560-52b2-48bb-8aab-a0f9688a7afd', 'b787c41e-9fe6-42b3-b09b-9b93b80d76da', 'A.', 'O(n^2)', 0),
('30d47ed2-e395-49d3-a155-b65f8c5f0894', '9d1ffb0a-c302-48f7-b5fc-a2ad7b2331b1', 'C.', 'O(n^2)', 1),
('31cd1804-2bf0-4391-bc60-f5d087cc9cb9', '9d1ffb0a-c302-48f7-b5fc-a2ad7b2331b1', 'A.', 'O(1)', 0),
('330ad18c-65dd-4dda-a5ae-8799f5a56155', '9237f418-eea1-490e-99c1-bd63334def4b', 'C.', 'vbgye', 0),
('33e9728f-2ed6-49c9-afcc-cee4f2f4f964', 'e28c55dc-43ba-43b0-9d55-2e0955621242', 'C.', 'cdjqb', 0),
('3489f8ac-2414-4431-a137-6288e5b11877', '312de53f-6153-4fa3-a3ae-c39a4096072a', 'B.', 'O(log n)', 0),
('34c66eb4-5769-43e6-b74c-9f737212e4df', 'b19fff94-1ec1-4916-b295-cd96b1a1c203', 'A.', '699', 1),
('3678bd5a-0f41-4ca4-a56e-34737d790a22', 'a573639e-ba38-47c3-8364-16477632addc', 'C.', 'wkdke', 0),
('36f6b3fe-28f3-482d-8245-5caaa4801eed', '9b7e596b-bd93-4545-87fe-04184b11c011', 'D.', '22', 0),
('37233a47-9f62-4715-872f-02462aaf2229', '3ff8bfc6-82be-479e-89f4-4188ecaf6047', 'D.', '197', 0),
('37369bb7-b590-4fab-9798-9556874ca2a2', '0f7f69ba-d53a-440a-bc55-c229b91dddbc', 'B.', 'A3(n)=logn', 0),
('373ac2e5-e006-4503-92bf-8b3303512d2e', '0b2a7d75-3250-48b1-a3e2-2281742cc22d', 'C.', 'A1(n)=n^2', 1),
('37e809c2-a5f2-4637-bcd0-738b3b346ef9', '3f613cb2-a2d7-4ba1-8e15-4518e7eb6709', 'B.', '1916', 0),
('3add0d29-8e40-4f8b-bd52-f90d892038b5', '5f575a1b-c6ce-416b-8ca5-da5f23f433c7', 'A.', 'O(1)', 1),
('3b579dfe-0122-441c-84c6-1174562b0195', 'c3cfbf3a-ed9d-4b17-9f95-72203743feb6', 'A.', 'TD(n)= n', 1),
('3c3a1b03-9c77-4853-9bcb-39f4dc2351ce', '70c5bd6a-7226-4ebb-baef-de8f9941e8c0', 'B.', '988', 1),
('3c6f9db0-cedc-4dff-968f-05916c706027', 'fc26cde6-53e6-4ae3-9ec3-01f7584a284a', 'D.', 'scdyu', 1),
('3cfabc80-ecd0-4e4d-b257-9fa518a4f552', '4dd7f396-d26b-486a-a83f-f94aa6e5c68a', 'D.', 'O(n^2)', 0),
('3e196f9f-7a0d-4456-af50-0c1b01ca397b', '738dffbd-2d9b-4f94-8661-5a033ec7f2a0', 'B.', 'A3(n)=logn', 0),
('3e570753-1fd2-4189-95e6-ed57b3b52c42', '0b2a7d75-3250-48b1-a3e2-2281742cc22d', 'A.', 'A2(n)= 9n^3', 0),
('3ebcc17e-63e2-4bbd-9786-c1a10d5e56da', 'f5266189-2546-451a-9458-0e15a49f21cd', 'C.', 'A3(n)=logn', 0),
('3f416dfc-bb36-4a60-9267-95a1becca864', '0199132c-2e21-4e29-9fa3-f666d4a8a118', 'A.', '720', 1),
('405f418c-9bdc-413f-b984-5edb7e8a73d2', '3df0d78b-e684-45a1-aa2b-9a135cb12a67', 'A.', 'neblf', 0),
('40834ad9-6d70-45a6-98ef-136765e98ce0', 'b3dfc04d-14cd-4152-a35d-b5e60f7e56d1', 'A.', 'ohvko', 1),
('415581f1-dd2b-4249-82ad-d97547172947', '3f613cb2-a2d7-4ba1-8e15-4518e7eb6709', 'A.', '982', 0),
('41805b9c-73f7-427a-858a-7e8da47896ca', '00079c6f-add8-45be-9bf5-d8fc9edbe493', 'D.', 'xawmf', 0),
('4212eec9-5a5e-44d1-9362-9e806a6d2af1', '58426bb5-688f-40d9-8b55-a8da0dff189a', 'D.', 'O(log n)', 0),
('449ba100-ff3b-46d4-80bb-6dd9b974f089', 'ee82a9a0-e127-41e6-a824-0b85c01ae316', 'C.', 'O(log n)', 0),
('455bbce9-7872-4bd7-b906-6dec44bcd3c4', '8ce19e51-128a-4063-ada6-1f0f86ef0246', 'D.', 'mtder', 0),
('45b0297d-cfe5-465d-91a6-9f25120a2532', '3df0d78b-e684-45a1-aa2b-9a135cb12a67', 'D.', 'dgbfk', 0),
('46600614-8a78-45d7-8f09-0179ac6e8acc', '5f575a1b-c6ce-416b-8ca5-da5f23f433c7', 'B.', 'O(log n)', 0),
('486092df-701f-4ee0-93e2-4af5d77356a0', 'a573639e-ba38-47c3-8364-16477632addc', 'D.', 'rynnp', 0),
('49d4869d-05c7-4334-a5e4-c729fc541fc9', '8dcfe439-69fc-42e7-8d07-57380222b24c', 'B.', 'tagrd', 0),
('4a20c0b6-0d87-4bef-b4e8-bcb6fc21eafd', '5b4cbcb3-5e12-49e9-bec4-45c6cdc59aff', 'A.', 'eotru', 0),
('4be89cf2-4ff9-4311-9a5c-0eff9dc88eac', '9237f418-eea1-490e-99c1-bd63334def4b', 'A.', 'wrsoz', 1),
('4d743859-bd84-45f8-8a28-ecc7ac9d9971', 'fc9118a2-19e8-4bad-bc3b-009d66fcfe32', 'A.', 'A1(n)=n^2', 1),
('4d938604-91ed-4cd1-9133-76d263725274', '3ff8bfc6-82be-479e-89f4-4188ecaf6047', 'A.', '263', 1),
('4ec166c1-d739-409a-b5b1-c8c157657d3b', '9237f418-eea1-490e-99c1-bd63334def4b', 'D.', 'tkbik', 0),
('4fce5978-8900-421b-91ee-92fe523d6b83', '315fdca9-b61a-434a-91bd-ae0fa32005d7', 'B.', 'mpckp', 0),
('5061532a-f33b-4f5d-9d87-f4c04449fde4', '66db2ebc-9501-4a3e-912b-35e6239a8efb', 'A.', 'O(n)', 0),
('51eed9bc-3885-4429-83f3-b5001e9ad854', '2906f3f1-d8b9-4b72-9e80-cb531324992e', 'C.', 'cgtum', 0),
('51f0a951-2e4c-498f-89bd-7444dd6156f7', '0b2a7d75-3250-48b1-a3e2-2281742cc22d', 'B.', 'A3(n)=logn', 0),
('520adf9a-9a1c-46bb-a34b-606749a76665', 'bce5c2a7-4a19-4586-a2d0-80c729a4473f', 'A.', 'TB(n)= n^3', 0),
('53ec79a8-05a4-48ff-be1f-e290c36d8a42', 'b3dfc04d-14cd-4152-a35d-b5e60f7e56d1', 'D.', 'pjjqj', 0),
('55ba7227-08aa-480f-bf48-0d2affa6e3d9', '3c7232a7-d589-4a18-8919-3018e43ffab7', 'C.', 'TB(n)= n^3', 0),
('561ae1a1-9dac-4be5-9af1-f2134c263022', 'c81a3545-b316-4316-9ca8-78fee231765f', 'C.', 'O(log n)', 1),
('562b67c7-4e03-432c-9944-183fea02204e', '9b7e596b-bd93-4545-87fe-04184b11c011', 'C.', '1890', 0),
('573ec739-ac1f-4274-be9c-81da2154b85d', 'cdecb715-e86f-4f75-844a-08b60428b2c0', 'A.', 'A3(n)=logn', 0),
('585fe4d9-4642-4ba6-af57-29c66dcb0ff4', '8dcfe439-69fc-42e7-8d07-57380222b24c', 'C.', 'mnwca', 0),
('5c5d96fd-d213-48e9-a19c-069d15074e81', 'b3dfc04d-14cd-4152-a35d-b5e60f7e56d1', 'B.', 'zomht', 0),
('5cfd664d-fe50-4f79-b9dd-c5071f3f7a8e', 'fc26cde6-53e6-4ae3-9ec3-01f7584a284a', 'C.', 'quozx', 0),
('5dbe8569-21aa-42c8-9e04-be7b12bc0925', '42ffaae6-b184-49a4-964c-f9fdc8a90d48', 'A.', '247', 0),
('5e0b68d2-75e1-47a6-a2aa-8a9b8f323b9a', '3df0d78b-e684-45a1-aa2b-9a135cb12a67', 'C.', 'sthsk', 1),
('5ef1afe6-77d8-4c94-bdcc-925804deea02', 'c53122dc-f73c-46f5-b9c2-f0fc0824a6d3', 'B.', 'ugxyy', 0),
('5f3b4bdf-2ccb-40d5-b0e1-4a40e82e7fe4', '312de53f-6153-4fa3-a3ae-c39a4096072a', 'A.', 'O(n^2)', 1),
('5fee93ae-c006-449b-be7e-e56801379642', '1e347269-a11b-4aae-b319-905efa162ec9', 'C.', '175', 0),
('60f74dde-6cd7-49d7-8f69-5f5b326d0da3', 'd148de6e-6426-445a-ba13-644a8f0686d5', 'C.', 'A3(n)=logn', 0),
('6183010a-251a-49f5-855b-0bb7b2026551', '18bbf7d2-5f50-44f6-a31e-d11159e4f1ab', 'B.', 'TA(n)=n^2', 0),
('6267cb1a-212f-44e0-ad84-198bba6a0b10', '1e347269-a11b-4aae-b319-905efa162ec9', 'D.', '666', 0),
('62ff73aa-a6f2-407b-be76-b57ddda76a56', 'd148de6e-6426-445a-ba13-644a8f0686d5', 'A.', 'A2(n)= 9n^3', 0),
('65b2bd7d-8b2d-440b-b38f-03a2d6ea1ce9', 'cbc0dda8-5b4f-47c3-987c-b5850b8800da', 'A.', 'TB(n)= n^3', 0),
('66fef293-f865-4fe0-b7be-6e952ee48206', '4dd7f396-d26b-486a-a83f-f94aa6e5c68a', 'A.', 'O(n)', 0),
('67f5bf7b-22c6-490d-bf6d-5845befaabda', 'c8f6f2f6-13ab-4408-a425-e02e98f84a49', 'D.', '509', 1),
('68370d4d-c45f-49b6-842a-15f1a9435f9f', 'c3cfbf3a-ed9d-4b17-9f95-72203743feb6', 'B.', 'TB(n)= n^3', 0),
('6a24a3dc-3f20-4228-96cc-34cdb242eb2d', '3ff8bfc6-82be-479e-89f4-4188ecaf6047', 'C.', '338', 0),
('6a318190-6b3b-4c3c-a102-13bc2f3b1255', '99de0247-2aae-48e9-a3b5-165ceb2597ca', 'B.', 'O(n)', 0),
('6caec304-3d09-4d89-ae52-ddb3c29cf071', '4dd7f396-d26b-486a-a83f-f94aa6e5c68a', 'B.', 'O(1)', 1),
('6df45b5e-0e36-4782-9288-365df0ce6556', '3b08a2dd-8a7b-48f3-81e2-30d4c730eebd', 'B.', 'frvsj', 1),
('72f28741-5ee8-4644-b7af-93f6da9eda91', '3f613cb2-a2d7-4ba1-8e15-4518e7eb6709', 'C.', '1910', 1),
('7307fda1-18d3-4e5c-b420-f5c3baa36a1f', '70c5bd6a-7226-4ebb-baef-de8f9941e8c0', 'A.', '531', 0),
('7311b027-a68a-4182-b065-d470cb9ef1eb', '18bbf7d2-5f50-44f6-a31e-d11159e4f1ab', 'A.', 'TB(n)= n^3', 0),
('742c06f0-54e5-4386-8fa4-238e16a3d27f', 'e9b27607-a9d9-4132-9b75-5256887f9301', 'A.', 'hexah', 0),
('75a11c03-8e29-4e03-b33a-82ed7ca4371c', '00079c6f-add8-45be-9bf5-d8fc9edbe493', 'C.', 'zrdgp', 0),
('76768f63-1a9c-445d-8016-582f1a65a544', '2906f3f1-d8b9-4b72-9e80-cb531324992e', 'B.', 'rcrhr', 1),
('76b33e74-9479-4825-b8ad-0baba7bd36b9', '2906f3f1-d8b9-4b72-9e80-cb531324992e', 'A.', 'jmbbf', 0),
('7844112a-0447-4e1d-a613-9f3c98b1f1c7', 'c5ac7b0a-d047-40c9-8bda-ce34f23e8f29', 'D.', 'pwkes', 1),
('78c84492-80b7-4019-ba14-a58e4089545e', 'b19fff94-1ec1-4916-b295-cd96b1a1c203', 'B.', '1771', 0),
('7948675d-12b7-4207-90b3-b04deeb4d3f0', 'ee82a9a0-e127-41e6-a824-0b85c01ae316', 'D.', 'O(1)', 1),
('7a2f89f1-c5b9-4f06-8c01-19cd04a55faa', 'b3dfc04d-14cd-4152-a35d-b5e60f7e56d1', 'C.', 'nzifk', 0),
('7a4d02a5-9a0f-4c99-8b15-ff0081cb42e2', 'c5ac7b0a-d047-40c9-8bda-ce34f23e8f29', 'C.', 'cvzac', 0),
('7ae8cf8d-1c58-4f0f-a86e-31b1b3050b59', '8a7cfd61-3e94-4285-a52f-1e1071428bbf', 'C.', 'A1(n)=n^2', 1),
('7ffeace6-97e0-4d82-af21-00b0f03d0df3', '312de53f-6153-4fa3-a3ae-c39a4096072a', 'D.', 'O(1)', 0),
('81b86ad1-64b1-4ccf-a5e4-59b34de36b91', 'cdecb715-e86f-4f75-844a-08b60428b2c0', 'B.', 'A1(n)=n^2', 1),
('82525b12-6ba7-4f45-b571-4f59e9b342e5', '5d43efd8-01fe-4236-9428-fec050e02383', 'A.', 'A1(n)=n^2', 1),
('82db5f90-d1e2-4e64-b9eb-3a7748092588', '1e347269-a11b-4aae-b319-905efa162ec9', 'B.', '776', 0),
('86527f10-8759-4fde-be6f-0bab5e15b2bf', '8049083e-84f6-4933-818c-07ba297fdcd1', 'D.', 'gjbhg', 0),
('879aa815-1da7-4c33-843e-d34db9552af0', '66db2ebc-9501-4a3e-912b-35e6239a8efb', 'B.', 'O(1)', 1),
('88497606-87cb-4cb6-9128-b4aff57f0ce7', '65a0e99e-91d3-4889-abd6-73d8def6047b', 'C.', 'vtdxm', 0),
('88c319f7-3ae5-4b7a-b794-50f3dfe05792', 'e9b27607-a9d9-4132-9b75-5256887f9301', 'D.', 'rlyeg', 1),
('892611d4-c355-4893-be3a-bec8ea97ccd3', '64124abd-91a8-43dd-a6dd-367f5c9780c4', 'A.', 'TA(n)=n^2', 0),
('8a1f9f03-2810-4846-85ee-0878daa60c58', '3f91ac87-ebea-4ce8-8ab1-705520311e84', 'B.', 'TB(n)= n^3', 0),
('8c20915d-e2d0-46ad-9f82-33b8ea594c93', 'c53122dc-f73c-46f5-b9c2-f0fc0824a6d3', 'A.', 'lvlhq', 0),
('8c5ce34d-f43f-4a6f-ac1e-f2df1071c9fb', '4dd7f396-d26b-486a-a83f-f94aa6e5c68a', 'C.', 'O(log n)', 0),
('8c604d8f-dbe0-456c-9e01-9113f5e5c98d', '8049083e-84f6-4933-818c-07ba297fdcd1', 'A.', 'lsvng', 0),
('8c86f3bb-cc29-4cb7-be0e-474f24469b1f', '09c44f1a-0cde-4622-a10c-ad022767d3aa', 'A.', 'A1(n)=n^2', 1),
('8c99678e-a6d0-4e97-9db2-af25dcb8df0f', 'ee82a9a0-e127-41e6-a824-0b85c01ae316', 'A.', 'O(n)', 0),
('8c99d4e9-5992-4121-ac91-487ed8bb5244', 'c5ac7b0a-d047-40c9-8bda-ce34f23e8f29', 'B.', 'qjqxx', 0),
('8db3d2d7-9c7e-4e99-a26e-e47ffadc05b8', '3ff8bfc6-82be-479e-89f4-4188ecaf6047', 'B.', '1326', 0),
('8fcbdb3d-e73f-481e-a03f-3cfe7f21b0e0', '66db2ebc-9501-4a3e-912b-35e6239a8efb', 'C.', 'O(n^2)', 0),
('91244bde-cbae-49ca-9f20-db6d825b617f', 'c44ba6f8-4dc3-427b-b360-e1739f375b7c', 'B.', 'TB(n)= n^3', 0),
('92bbf7d9-4968-4360-a558-dab5ec2c10ff', 'a5d69ac8-c054-4b88-a4ec-90c7cf5bc726', 'A.', 'TB(n)= n^3', 0),
('9329c51e-4894-46dc-95ec-7ca284105033', '00079c6f-add8-45be-9bf5-d8fc9edbe493', 'B.', 'jthqp', 1),
('96cc7909-b4f6-4f78-b76b-68e8b530a5e6', 'e9b27607-a9d9-4132-9b75-5256887f9301', 'C.', 'eyvti', 0),
('97091f81-ee4a-468f-a3e7-5e7f82ce0e75', '4b2aecbb-0164-4487-a551-fd390bdc2f3e', 'A.', 'TB(n)= n^3', 0),
('98314fc3-09d6-4f5f-af5d-3ff19764b545', 'f5266189-2546-451a-9458-0e15a49f21cd', 'B.', 'A2(n)= 9n^3', 0),
('99a7e7b1-05e0-4c6c-b7bb-43130c1acb75', '8a7cfd61-3e94-4285-a52f-1e1071428bbf', 'B.', 'A2(n)= 9n^3', 0),
('9c0b5cc9-9788-42a2-ac20-5b3bf1d7e3f6', '09c44f1a-0cde-4622-a10c-ad022767d3aa', 'C.', 'A3(n)=logn', 0),
('9cd13274-d75b-4d1b-96fd-ce0dcb053cdb', 'fc9118a2-19e8-4bad-bc3b-009d66fcfe32', 'C.', 'A3(n)=logn', 0),
('9edb358f-3717-407f-82b4-c745a05e7796', 'd148de6e-6426-445a-ba13-644a8f0686d5', 'B.', 'A1(n)=n^2', 1),
('9f340c60-8222-4aed-92d1-dc9c98e53862', '09c44f1a-0cde-4622-a10c-ad022767d3aa', 'B.', 'A2(n)= 9n^3', 0),
('9f8e53c6-4046-4c51-b9ea-a2a7c7462dcb', 'fc26cde6-53e6-4ae3-9ec3-01f7584a284a', 'B.', 'fbvaj', 0),
('a00d079d-e912-433f-8203-e09e5fd4d58f', '99de0247-2aae-48e9-a3b5-165ceb2597ca', 'A.', 'O(n^2)', 1),
('a111863c-6d40-4aa7-b68e-ce695cdbc7c0', 'c53122dc-f73c-46f5-b9c2-f0fc0824a6d3', 'D.', 'mexki', 1),
('a1b74fc2-241f-49a1-af56-c92c2ae4cb21', '58426bb5-688f-40d9-8b55-a8da0dff189a', 'C.', 'O(n^2)', 0),
('a441a90b-f3b5-4362-ab38-a796a18fbcfb', '1e347269-a11b-4aae-b319-905efa162ec9', 'A.', '184', 1),
('a5325c0d-c05d-4054-8ceb-89fc69327feb', 'bce5c2a7-4a19-4586-a2d0-80c729a4473f', 'B.', 'TA(n)=n^2', 0),
('a5999965-4891-4d72-b414-17096d5ea0f0', '5b4cbcb3-5e12-49e9-bec4-45c6cdc59aff', 'B.', 'eijgl', 0),
('a70843b3-7365-4d42-b0b6-7de6dfd57e1c', '8ce19e51-128a-4063-ada6-1f0f86ef0246', 'B.', 'biryp', 1),
('a73c7a7e-1abf-4e60-965a-6eea4fc29ecb', '738dffbd-2d9b-4f94-8661-5a033ec7f2a0', 'C.', 'A2(n)= 9n^3', 0),
('a82111b0-7e96-4e3d-9921-e76ba6ca8d93', '8049083e-84f6-4933-818c-07ba297fdcd1', 'B.', 'hvizu', 1),
('aa8a7bdc-9f5e-4588-afa7-dfd7b209c88f', 'c81a3545-b316-4316-9ca8-78fee231765f', 'D.', 'O(n)', 0),
('aae215dd-8c7c-4722-b04b-e973eb54df36', '70c5bd6a-7226-4ebb-baef-de8f9941e8c0', 'D.', '16', 0),
('abc8bc8c-e5d4-48ee-a1c3-0b5ad8f4fc71', '5f575a1b-c6ce-416b-8ca5-da5f23f433c7', 'D.', 'O(n^2)', 0),
('ad58dc77-3570-4866-ab68-6a379ea687f8', '0f7f69ba-d53a-440a-bc55-c229b91dddbc', 'C.', 'A2(n)= 9n^3', 0),
('ae1a2908-4906-4ad3-9083-15cc70d5f451', 'c53122dc-f73c-46f5-b9c2-f0fc0824a6d3', 'C.', 'bcblg', 0),
('ae8d1336-b52b-408d-8127-2415d727da3e', '738dffbd-2d9b-4f94-8661-5a033ec7f2a0', 'A.', 'A1(n)=n^2', 1),
('aeabe8b9-01b6-4242-97c4-4ea8d388486f', 'f5266189-2546-451a-9458-0e15a49f21cd', 'A.', 'A1(n)=n^2', 1),
('b13e2aaa-a806-4144-b943-2978cdf2a613', '9237f418-eea1-490e-99c1-bd63334def4b', 'B.', 'vnclp', 0),
('b2494cd0-b5fc-4d33-91e1-cd731c0dae0a', '9b7e596b-bd93-4545-87fe-04184b11c011', 'A.', '354', 0),
('b700a182-e36a-4fba-912a-c12ae842007b', '5f575a1b-c6ce-416b-8ca5-da5f23f433c7', 'C.', 'O(n)', 0),
('b8a6b919-86e5-435c-ae3b-54253411b691', 'b19fff94-1ec1-4916-b295-cd96b1a1c203', 'C.', '1111', 0),
('bcdf5137-082a-400e-9d28-b7b084301092', 'bce5c2a7-4a19-4586-a2d0-80c729a4473f', 'C.', 'TD(n)= n', 1),
('bd65382d-71b7-44ba-815c-368d5dd0f442', '00079c6f-add8-45be-9bf5-d8fc9edbe493', 'A.', 'afkiv', 0),
('bf1baafc-1a89-49dd-bea2-36c78edd1b1d', 'c44ba6f8-4dc3-427b-b360-e1739f375b7c', 'A.', 'TD(n)= n', 1),
('bf7a4305-7931-4a4c-8eeb-304e0a4fbaaa', '42ffaae6-b184-49a4-964c-f9fdc8a90d48', 'D.', '859', 0),
('c028d290-3cb6-4228-b960-1e0860d977e6', '16b58df5-ecd1-4fee-93a9-b58b85c837da', 'C.', 'TD(n)= n', 1),
('c1c0b2c9-a417-4d04-9fdc-247446742360', 'e28c55dc-43ba-43b0-9d55-2e0955621242', 'D.', 'npxhe', 0),
('c2dabec7-968c-4381-87f7-817853680468', 'b798136b-d7dd-4201-8019-03b775067039', 'B.', '386', 0),
('c4f3b82d-d303-438b-bd4b-1c47ffd3bb32', 'c8f6f2f6-13ab-4408-a425-e02e98f84a49', 'A.', '48', 0),
('c617cd26-cc74-4ab7-aafd-bbf7077be73d', 'a573639e-ba38-47c3-8364-16477632addc', 'A.', 'dmqgr', 1),
('c6cf53f7-7ce3-46a8-8dd7-56e8a8e8854d', 'cbc0dda8-5b4f-47c3-987c-b5850b8800da', 'B.', 'TD(n)= n', 1),
('c8f03dd0-cbd2-4d8b-84ef-940ebb102e52', '5d43efd8-01fe-4236-9428-fec050e02383', 'C.', 'A3(n)=logn', 0),
('c9cb3339-db7b-431a-92c3-12626fada9d3', '312de53f-6153-4fa3-a3ae-c39a4096072a', 'C.', 'O(n)', 0),
('cb10a342-fa92-4039-8c71-4799760b58ac', '42ffaae6-b184-49a4-964c-f9fdc8a90d48', 'C.', '97', 0),
('cc234b3c-9e50-43ba-a3d2-fc06f431f298', '3a7396d0-51bb-453b-92e0-7a7b8b7a9dae', 'A.', 'pgnbb', 0),
('d063b6e8-7d1e-4096-bd9e-2f6abc3c590a', '0199132c-2e21-4e29-9fa3-f666d4a8a118', 'C.', '824', 0),
('d0ffe226-614b-468c-aef6-5fb301e21396', '158dbb75-3410-4175-922d-2d5e95094302', 'C.', 'A1(n)=n^2', 1),
('d1636267-cb03-4662-bac7-7fdd7bddd4fb', '5b4cbcb3-5e12-49e9-bec4-45c6cdc59aff', 'D.', 'silgc', 1),
('d29d81ce-22f0-481a-9c5e-c5aa1d4b8543', '9d1ffb0a-c302-48f7-b5fc-a2ad7b2331b1', 'B.', 'O(n)', 0),
('d2b38300-1136-4a8b-9569-cceb1ede07d7', '8dcfe439-69fc-42e7-8d07-57380222b24c', 'D.', 'qyvzy', 0),
('d37dfc4c-7ebf-4a68-a98b-d2d6951b6e28', 'fc26cde6-53e6-4ae3-9ec3-01f7584a284a', 'A.', 'hkfob', 0),
('d5e282cf-eefe-4163-85e1-f6918ce524e5', 'b19fff94-1ec1-4916-b295-cd96b1a1c203', 'D.', '698', 0),
('d6f5f6ab-1aac-4f13-894b-a19fbf6dab05', 'c44ba6f8-4dc3-427b-b360-e1739f375b7c', 'C.', 'TA(n)=n^2', 0),
('d84a26dd-685c-4990-bb7f-c26c3d7d12c6', '65a0e99e-91d3-4889-abd6-73d8def6047b', 'B.', 'fzlsi', 0),
('d863996e-4c2c-4b0e-8f01-e27370926661', 'c81a3545-b316-4316-9ca8-78fee231765f', 'A.', 'O(1)', 0),
('d887f8d1-eb8d-4831-96eb-63634148df3d', '8049083e-84f6-4933-818c-07ba297fdcd1', 'C.', 'dodzs', 0),
('d8cd390d-d167-4b6b-b8ec-f661da1ece24', '8ce19e51-128a-4063-ada6-1f0f86ef0246', 'A.', 'yrmsm', 0),
('dd14ab57-cf75-4873-8931-98cbf5a65eb5', '2bb125f4-6e1d-4d96-b873-7e2930f1ff03', 'C.', 'O(log n)', 0),
('dd28f193-49c6-4b7a-af98-d5acf276a5f2', '76a84be3-e83d-4f15-a51b-0fb1ff86f0cc', 'B.', 'qhrlj', 0),
('dd411080-92df-49af-b804-7ded4b9d9cb6', '3b08a2dd-8a7b-48f3-81e2-30d4c730eebd', 'A.', 'vxjuh', 0),
('deacb3f5-ba41-478d-bf37-8c4da9684eca', '3c7232a7-d589-4a18-8919-3018e43ffab7', 'B.', 'TA(n)=n^2', 0),
('df66d307-0bad-47b2-838a-ff1d426f6199', '76a84be3-e83d-4f15-a51b-0fb1ff86f0cc', 'A.', 'osmmk', 0),
('e25c6f06-1169-448d-8704-5a16d7226ef5', '18bbf7d2-5f50-44f6-a31e-d11159e4f1ab', 'C.', 'TD(n)= n', 1),
('e387573d-5839-4f3f-8acb-0c10d43f2fe1', '0199132c-2e21-4e29-9fa3-f666d4a8a118', 'D.', '877', 0),
('e3e200d4-cfed-4594-88b2-eec2ec6fe963', '8ce19e51-128a-4063-ada6-1f0f86ef0246', 'C.', 'efyov', 0),
('e4c08922-a3c0-4a8d-94c0-2706dbbe9058', '65a0e99e-91d3-4889-abd6-73d8def6047b', 'A.', 'niuck', 0),
('e7757938-f87a-4a9f-9c1d-00e7f29187a4', '315fdca9-b61a-434a-91bd-ae0fa32005d7', 'C.', 'hlidt', 0),
('e7e006e0-18d4-4640-b1db-02865a19b6d3', '2bb125f4-6e1d-4d96-b873-7e2930f1ff03', 'B.', 'O(n)', 0),
('e814abe8-5756-48b4-a55e-8221a9439c24', '65a0e99e-91d3-4889-abd6-73d8def6047b', 'D.', 'njckf', 1),
('e8b9d5f6-11e1-4a8d-a715-482661701bf2', '315fdca9-b61a-434a-91bd-ae0fa32005d7', 'A.', 'dartn', 1),
('e8f0dafe-23f3-4723-9a9a-8a1c92a8dfed', 'a5d69ac8-c054-4b88-a4ec-90c7cf5bc726', 'C.', 'TD(n)= n', 1),
('ea2c09f6-e93d-4c39-8861-3be95b6263e6', '158dbb75-3410-4175-922d-2d5e95094302', 'A.', 'A2(n)= 9n^3', 0),
('ea8fdca5-c8d8-4b22-9824-a5473aba161b', '42ffaae6-b184-49a4-964c-f9fdc8a90d48', 'B.', '731', 1),
('ec7c46fd-7d4d-46fa-865d-c0c3aa7095d0', '58426bb5-688f-40d9-8b55-a8da0dff189a', 'A.', 'O(n)', 1),
('ed23cca7-0923-4514-9aea-1af1a8144f89', '5b4cbcb3-5e12-49e9-bec4-45c6cdc59aff', 'C.', 'nfyut', 0),
('ee87a1c7-62eb-468e-a310-a979d413797a', '3b08a2dd-8a7b-48f3-81e2-30d4c730eebd', 'C.', 'ulhbl', 0),
('ef0d1764-09b6-4531-bff3-76ab9df17e22', 'cbc0dda8-5b4f-47c3-987c-b5850b8800da', 'C.', 'TA(n)=n^2', 0),
('f1dc3e90-d262-41cb-8b49-6fc5048e94d0', 'c5ac7b0a-d047-40c9-8bda-ce34f23e8f29', 'A.', 'szlhg', 0),
('f27bd13d-e14b-4333-82b5-9d1087e6ebe2', '3f91ac87-ebea-4ce8-8ab1-705520311e84', 'C.', 'TA(n)=n^2', 0),
('f3e09b30-f96f-4dfe-bc8a-caa198ac757a', '158dbb75-3410-4175-922d-2d5e95094302', 'B.', 'A3(n)=logn', 0),
('f49b3830-ecde-4ddc-8fca-88ede1f1a4f8', 'c3cfbf3a-ed9d-4b17-9f95-72203743feb6', 'C.', 'TA(n)=n^2', 0),
('f681310c-a9eb-4416-ac35-656ed3ef8990', '3b08a2dd-8a7b-48f3-81e2-30d4c730eebd', 'D.', 'xjvgc', 0),
('f9200e98-8dfe-4fc3-a5a8-7e568221210a', '4b2aecbb-0164-4487-a551-fd390bdc2f3e', 'B.', 'TA(n)=n^2', 0),
('f9ee3e9d-9c9e-4164-ae2b-80f01124ffcf', '0f7f69ba-d53a-440a-bc55-c229b91dddbc', 'A.', 'A1(n)=n^2', 1),
('fbfeaca5-d6a5-415c-8e61-afc517388b10', '16b58df5-ecd1-4fee-93a9-b58b85c837da', 'A.', 'TA(n)=n^2', 0),
('fc097a90-522a-40ed-82e8-9597471b0fab', '58426bb5-688f-40d9-8b55-a8da0dff189a', 'B.', 'O(1)', 0),
('fc2b29ee-fa54-4337-ad25-33b3eaff0fd2', 'e28c55dc-43ba-43b0-9d55-2e0955621242', 'B.', 'mkhyd', 0),
('fc81b1ab-5bd7-4a1b-acfa-0ef7c3139ca9', '8a7cfd61-3e94-4285-a52f-1e1071428bbf', 'A.', 'A3(n)=logn', 0);

-- --------------------------------------------------------

--
-- Table structure for table `studentcourse`
--

DROP TABLE IF EXISTS `studentcourse`;
CREATE TABLE IF NOT EXISTS `studentcourse` (
  `StudentCourseId` char(36) NOT NULL,
  `StudentId` int(11) NOT NULL,
  `CourseId` char(36) NOT NULL,
  PRIMARY KEY (`StudentCourseId`)
) ENGINE=InnoDB DEFAULT CHARSET=utf8;

--
-- Dumping data for table `studentcourse`
--

INSERT INTO `studentcourse` (`StudentCourseId`, `StudentId`, `CourseId`) VALUES
('14f583ff-62eb-4cf4-bae7-ff8bf5ee9eaf', 70, '181d408d-fcab-4b2c-993e-f852284e61f2'),
('dea6b50c-4cdd-4964-af38-2985ba657da0', 71, 'f2e4da8e-be43-450c-9c9f-e9b9fcac7a85');

-- --------------------------------------------------------

--
-- Table structure for table `studentexam`
--

DROP TABLE IF EXISTS `studentexam`;
CREATE TABLE IF NOT EXISTS `studentexam` (
  `Id` char(36) NOT NULL,
  `TestId` char(36) NOT NULL,
  `StudentId` int(11) NOT NULL,
  `StartDateTime` datetime DEFAULT NULL,
  `EndDateTime` datetime DEFAULT NULL,
  `Taken` tinyint(4) DEFAULT NULL,
  `Marked` tinyint(4) DEFAULT NULL,
  `Mark` int(11) DEFAULT NULL,
  `TestItemCount` int(11) DEFAULT NULL,
  `Comments` longtext,
  `TestSheet` longtext,
  `CourseId` char(36) DEFAULT NULL,
  PRIMARY KEY (`Id`)
) ENGINE=InnoDB DEFAULT CHARSET=utf8;

--
-- Dumping data for table `studentexam`
--

INSERT INTO `studentexam` (`Id`, `TestId`, `StudentId`, `StartDateTime`, `EndDateTime`, `Taken`, `Marked`, `Mark`, `TestItemCount`, `Comments`, `TestSheet`, `CourseId`) VALUES
('80013701-4c58-408b-8955-2fd591e28df8', 'b1a412f4-cc02-4641-8450-2eee6241ef2b', 71, '2017-09-07 08:07:44', '2017-09-07 08:08:17', 1, 1, 0, 4, NULL, '[{"TestItemId":"3a7396d0-51bb-453b-92e0-7a7b8b7a9dae","Number":1,"SortOrder":0,"Stimulus":"A software developer implemented generic Stack&#60;T&#62; using Linked List which implements List as internal data structure for software component to reverse input string.  Opon unit testing the student performed the following sequence operations\n s.Push(kloig);\ns.Push(qgomr);\ns.Push(pgnbb);\ns.Push(qbzcj);\n on the instance of the data structure","Stem":"What is the expected output of the operation?","AnswerOptions":[{"AnswerOptionId":"cc234b3c-9e50-43ba-a3d2-fc06f431f298","TestItemId":"3a7396d0-51bb-453b-92e0-7a7b8b7a9dae","Label":"A.","Text":"pgnbb","IsKey":false,"Selected":true,"BackgroundColor":"green"},{"AnswerOptionId":"2e106d69-66e3-44e0-b86e-0d41f1706eda","TestItemId":"3a7396d0-51bb-453b-92e0-7a7b8b7a9dae","Label":"B.","Text":"qbzcj","IsKey":true,"Selected":false,"BackgroundColor":""},{"AnswerOptionId":"1e6095ae-6759-4fdd-a975-37377052e064","TestItemId":"3a7396d0-51bb-453b-92e0-7a7b8b7a9dae","Label":"C.","Text":"qgomr","IsKey":false,"Selected":false,"BackgroundColor":""},{"AnswerOptionId":"0ef7be38-9c1e-4c8e-b8af-2125393ede56","TestItemId":"3a7396d0-51bb-453b-92e0-7a7b8b7a9dae","Label":"D.","Text":"kloig","IsKey":false,"Selected":false,"BackgroundColor":""}],"CorrectAnswer":{"Label":"B.","Text":"qbzcj","IsKey":true,"IsCorrect":true},"CognitiveTypeName":"Apply","ErrorsMessage":[],"StimulusFormatting":"null","StemFormatting":"null","TestId":"b1a412f4-cc02-4641-8450-2eee6241ef2b","CourseId":"f2e4da8e-be43-450c-9c9f-e9b9fcac7a85","SelectedAnswerOption":{"AnswerOptionId":"cc234b3c-9e50-43ba-a3d2-fc06f431f298","TestItemId":"3a7396d0-51bb-453b-92e0-7a7b8b7a9dae","Label":"A.","Text":"pgnbb","IsKey":false,"Selected":true,"BackgroundColor":"green"},"IsCorrect":false,"Mark":0},{"TestItemId":"3b08a2dd-8a7b-48f3-81e2-30d4c730eebd","Number":2,"SortOrder":0,"Stimulus":"A student implemented generic Queue&#60;T&#62; utilizing Linked List which implements List for software module to model jobs to a network printer.Given input data frvsj,xjvgc,vxjuh,ulhbl to be added to the queue in the same sequence, when operation poll() is executed ","Stem":"What will be the expected output?","AnswerOptions":[{"AnswerOptionId":"dd411080-92df-49af-b804-7ded4b9d9cb6","TestItemId":"3b08a2dd-8a7b-48f3-81e2-30d4c730eebd","Label":"A.","Text":"vxjuh","IsKey":false,"Selected":true,"BackgroundColor":"green"},{"AnswerOptionId":"6df45b5e-0e36-4782-9288-365df0ce6556","TestItemId":"3b08a2dd-8a7b-48f3-81e2-30d4c730eebd","Label":"B.","Text":"frvsj","IsKey":true,"Selected":false,"BackgroundColor":""},{"AnswerOptionId":"ee87a1c7-62eb-468e-a310-a979d413797a","TestItemId":"3b08a2dd-8a7b-48f3-81e2-30d4c730eebd","Label":"C.","Text":"ulhbl","IsKey":false,"Selected":false,"BackgroundColor":""},{"AnswerOptionId":"f681310c-a9eb-4416-ac35-656ed3ef8990","TestItemId":"3b08a2dd-8a7b-48f3-81e2-30d4c730eebd","Label":"D.","Text":"xjvgc","IsKey":false,"Selected":false,"BackgroundColor":""}],"CorrectAnswer":{"Label":"B.","Text":"frvsj","IsKey":true,"IsCorrect":true},"CognitiveTypeName":"Apply","ErrorsMessage":[],"StimulusFormatting":"null","StemFormatting":"null","TestId":"b1a412f4-cc02-4641-8450-2eee6241ef2b","CourseId":"f2e4da8e-be43-450c-9c9f-e9b9fcac7a85","SelectedAnswerOption":{"AnswerOptionId":"dd411080-92df-49af-b804-7ded4b9d9cb6","TestItemId":"3b08a2dd-8a7b-48f3-81e2-30d4c730eebd","Label":"A.","Text":"vxjuh","IsKey":false,"Selected":true,"BackgroundColor":"green"},"IsCorrect":false,"Mark":0},{"TestItemId":"3df0d78b-e684-45a1-aa2b-9a135cb12a67","Number":3,"SortOrder":0,"Stimulus":"A student implemented generic Queue&#60;T&#62; utilizing RootishArrayStack which implements Array-Based List for software module to model jobs to a network printer.Given input data sthsk,dgbfk,quipy,neblf to be added to the queue in the same sequence, when operation remove() is executed ","Stem":"What will be the expected output?","AnswerOptions":[{"AnswerOptionId":"405f418c-9bdc-413f-b984-5edb7e8a73d2","TestItemId":"3df0d78b-e684-45a1-aa2b-9a135cb12a67","Label":"A.","Text":"neblf","IsKey":false,"Selected":true,"BackgroundColor":"green"},{"AnswerOptionId":"005135da-8c13-490e-8ca5-d033ce6dddf6","TestItemId":"3df0d78b-e684-45a1-aa2b-9a135cb12a67","Label":"B.","Text":"quipy","IsKey":false,"Selected":false,"BackgroundColor":""},{"AnswerOptionId":"5e0b68d2-75e1-47a6-a2aa-8a9b8f323b9a","TestItemId":"3df0d78b-e684-45a1-aa2b-9a135cb12a67","Label":"C.","Text":"sthsk","IsKey":true,"Selected":false,"BackgroundColor":""},{"AnswerOptionId":"45b0297d-cfe5-465d-91a6-9f25120a2532","TestItemId":"3df0d78b-e684-45a1-aa2b-9a135cb12a67","Label":"D.","Text":"dgbfk","IsKey":false,"Selected":false,"BackgroundColor":""}],"CorrectAnswer":{"Label":"C.","Text":"sthsk","IsKey":true,"IsCorrect":true},"CognitiveTypeName":"Apply","ErrorsMessage":[],"StimulusFormatting":"null","StemFormatting":"null","TestId":"b1a412f4-cc02-4641-8450-2eee6241ef2b","CourseId":"f2e4da8e-be43-450c-9c9f-e9b9fcac7a85","SelectedAnswerOption":{"AnswerOptionId":"405f418c-9bdc-413f-b984-5edb7e8a73d2","TestItemId":"3df0d78b-e684-45a1-aa2b-9a135cb12a67","Label":"A.","Text":"neblf","IsKey":false,"Selected":true,"BackgroundColor":"green"},"IsCorrect":false,"Mark":0},{"TestItemId":"42ffaae6-b184-49a4-964c-f9fdc8a90d48","Number":4,"SortOrder":0,"Stimulus":"A software developer implemented generic Stack&#60;T&#62; using RootishArrayStack which implements Array-Based List as internal data structure for software component to reverse input string.  Opon unit testing the student performed the following sequence operations\n s.Push(247);s.Push(97);s.Push(859);s.Push(731);s.Pop()\n on the instance of the data structure","Stem":"What is the expected output of the operation?","AnswerOptions":[{"AnswerOptionId":"5dbe8569-21aa-42c8-9e04-be7b12bc0925","TestItemId":"42ffaae6-b184-49a4-964c-f9fdc8a90d48","Label":"A.","Text":"247","IsKey":false,"Selected":true,"BackgroundColor":"green"},{"AnswerOptionId":"ea8fdca5-c8d8-4b22-9824-a5473aba161b","TestItemId":"42ffaae6-b184-49a4-964c-f9fdc8a90d48","Label":"B.","Text":"731","IsKey":true,"Selected":false,"BackgroundColor":""},{"AnswerOptionId":"cb10a342-fa92-4039-8c71-4799760b58ac","TestItemId":"42ffaae6-b184-49a4-964c-f9fdc8a90d48","Label":"C.","Text":"97","IsKey":false,"Selected":false,"BackgroundColor":""},{"AnswerOptionId":"bf7a4305-7931-4a4c-8eeb-304e0a4fbaaa","TestItemId":"42ffaae6-b184-49a4-964c-f9fdc8a90d48","Label":"D.","Text":"859","IsKey":false,"Selected":false,"BackgroundColor":""}],"CorrectAnswer":{"Label":"B.","Text":"731","IsKey":true,"IsCorrect":true},"CognitiveTypeName":"Apply","ErrorsMessage":[],"StimulusFormatting":"null","StemFormatting":"null","TestId":"b1a412f4-cc02-4641-8450-2eee6241ef2b","CourseId":"f2e4da8e-be43-450c-9c9f-e9b9fcac7a85","SelectedAnswerOption":{"AnswerOptionId":"5dbe8569-21aa-42c8-9e04-be7b12bc0925","TestItemId":"42ffaae6-b184-49a4-964c-f9fdc8a90d48","Label":"A.","Text":"247","IsKey":false,"Selected":true,"BackgroundColor":"green"},"IsCorrect":false,"Mark":0}]', 'f2e4da8e-be43-450c-9c9f-e9b9fcac7a85'),
('9767b5db-36ca-4586-bf49-5ccedfa2c9c4', '7f612906-fc30-4bfd-adf3-8ed895260770', 70, '2017-09-07 01:37:16', NULL, NULL, NULL, NULL, NULL, NULL, NULL, NULL);

-- --------------------------------------------------------

--
-- Table structure for table `testitem`
--

DROP TABLE IF EXISTS `testitem`;
CREATE TABLE IF NOT EXISTS `testitem` (
  `TestItemId` char(36) NOT NULL,
  `TestId` char(36) NOT NULL,
  `CourseId` char(36) NOT NULL,
  `Stimulus` longtext,
  `Stem` longtext,
  `StimulusFormating` longtext,
  `StemFormating` longtext,
  PRIMARY KEY (`TestItemId`)
) ENGINE=InnoDB DEFAULT CHARSET=utf8;

-- --------------------------------------------------------

--
-- Table structure for table `testitemansweroption`
--

DROP TABLE IF EXISTS `testitemansweroption`;
CREATE TABLE IF NOT EXISTS `testitemansweroption` (
  `AnswerOptionId` char(36) NOT NULL,
  `TestItemId` char(36) NOT NULL,
  `Label` varchar(255) DEFAULT NULL,
  `Text` varchar(255) DEFAULT NULL,
  PRIMARY KEY (`TestItemId`)
) ENGINE=InnoDB DEFAULT CHARSET=utf8;

-- --------------------------------------------------------

--
-- Table structure for table `testsheet`
--

DROP TABLE IF EXISTS `testsheet`;
CREATE TABLE IF NOT EXISTS `testsheet` (
  `TestSheetId` char(36) NOT NULL,
  `TestId` char(36) NOT NULL,
  `CourseId` varchar(255) NOT NULL,
  `TestItemId` varchar(255) NOT NULL,
  PRIMARY KEY (`TestSheetId`)
) ENGINE=InnoDB DEFAULT CHARSET=utf8;

--
-- Dumping data for table `testsheet`
--

INSERT INTO `testsheet` (`TestSheetId`, `TestId`, `CourseId`, `TestItemId`) VALUES
('2511ce53-f0c1-4049-9b04-45ff456e8c39', '7f612906-fc30-4bfd-adf3-8ed895260770', '181d408d-fcab-4b2c-993e-f852284e61f2', '16b58df5-ecd1-4fee-93a9-b58b85c837da'),
('257ee4e2-9570-4435-be45-317b94a72996', 'b1a412f4-cc02-4641-8450-2eee6241ef2b', 'f2e4da8e-be43-450c-9c9f-e9b9fcac7a85', '3a7396d0-51bb-453b-92e0-7a7b8b7a9dae'),
('52d097fc-13b5-4ffb-9b7a-7a5f5d3db07c', 'b1a412f4-cc02-4641-8450-2eee6241ef2b', 'f2e4da8e-be43-450c-9c9f-e9b9fcac7a85', '42ffaae6-b184-49a4-964c-f9fdc8a90d48'),
('5e6eb7c4-c0f8-45a8-8f6d-710e23c1c487', '7f612906-fc30-4bfd-adf3-8ed895260770', '181d408d-fcab-4b2c-993e-f852284e61f2', '2bb125f4-6e1d-4d96-b873-7e2930f1ff03'),
('88951ebc-68ff-4802-b88e-ce867cce9a8f', 'b1a412f4-cc02-4641-8450-2eee6241ef2b', 'f2e4da8e-be43-450c-9c9f-e9b9fcac7a85', '3b08a2dd-8a7b-48f3-81e2-30d4c730eebd'),
('b90dd449-d697-4ddf-8a93-dc0bffede7c0', '7f612906-fc30-4bfd-adf3-8ed895260770', '181d408d-fcab-4b2c-993e-f852284e61f2', '3c7232a7-d589-4a18-8919-3018e43ffab7'),
('de6913fc-2811-4658-85ee-97c408a12f4b', 'b1a412f4-cc02-4641-8450-2eee6241ef2b', 'f2e4da8e-be43-450c-9c9f-e9b9fcac7a85', '3df0d78b-e684-45a1-aa2b-9a135cb12a67');

-- --------------------------------------------------------

--
-- Table structure for table `user`
--

DROP TABLE IF EXISTS `user`;
CREATE TABLE IF NOT EXISTS `user` (
  `UserId` int(11) NOT NULL AUTO_INCREMENT,
  `Email` varchar(255) DEFAULT NULL,
  `Phone` varchar(15) DEFAULT NULL,
  `UserTypeId` int(11) DEFAULT NULL,
  `UserAccountId` int(11) NOT NULL,
  `FirstName` varchar(60) NOT NULL,
  `LastName` varchar(60) NOT NULL,
  `Number` varchar(50) DEFAULT NULL,
  `Street` varchar(100) DEFAULT NULL,
  `City` varchar(60) DEFAULT NULL,
  `Province` varchar(60) DEFAULT NULL,
  PRIMARY KEY (`UserId`),
  KEY `UserTypeId` (`UserTypeId`),
  KEY `UserAccountId` (`UserAccountId`)
) ENGINE=InnoDB  DEFAULT CHARSET=utf8 AUTO_INCREMENT=73 ;

--
-- Dumping data for table `user`
--

INSERT INTO `user` (`UserId`, `Email`, `Phone`, `UserTypeId`, `UserAccountId`, `FirstName`, `LastName`, `Number`, `Street`, `City`, `Province`) VALUES
(1, NULL, NULL, 3, 1, 'Maiga', 'Chang', NULL, NULL, NULL, NULL),
(2, 'ea@ad.ca', '4038987655', 3, 2, 'Ebenezer', 'Aggrey', NULL, NULL, NULL, NULL),
(70, 's@s.com', '349-090-8976', 2, 75, 's', 's', NULL, NULL, NULL, NULL),
(71, 'js@test.com', '209-098-098', 2, 76, 'James', 'Lee', NULL, NULL, NULL, NULL),
(72, 't01@example.com', '', 3, 77, 'NumberOne', 'Teacher', NULL, NULL, NULL, NULL);

-- --------------------------------------------------------

--
-- Table structure for table `useraccount`
--

DROP TABLE IF EXISTS `useraccount`;
CREATE TABLE IF NOT EXISTS `useraccount` (
  `UserAccountId` int(11) NOT NULL AUTO_INCREMENT,
  `UserName` varchar(255) NOT NULL,
  `Password` varchar(255) NOT NULL,
  `IsLocked` tinyint(1) DEFAULT '0',
  PRIMARY KEY (`UserAccountId`)
) ENGINE=InnoDB  DEFAULT CHARSET=utf8 AUTO_INCREMENT=78 ;

--
-- Dumping data for table `useraccount`
--

INSERT INTO `useraccount` (`UserAccountId`, `UserName`, `Password`, `IsLocked`) VALUES
(1, 'maiga', 'maiga', 0),
(2, 'eb', 'eb', 0),
(75, 's', 's', 0),
(76, 'js@test.com', 'js@test.com', 0),
(77, 't01@example.com', 'test', 0);

-- --------------------------------------------------------

--
-- Table structure for table `usertype`
--

DROP TABLE IF EXISTS `usertype`;
CREATE TABLE IF NOT EXISTS `usertype` (
  `UserTypeId` int(11) NOT NULL AUTO_INCREMENT,
  `Name` varchar(100) DEFAULT NULL,
  `HomePageName` varchar(255) DEFAULT NULL,
  PRIMARY KEY (`UserTypeId`)
) ENGINE=InnoDB  DEFAULT CHARSET=utf8 AUTO_INCREMENT=4 ;

--
-- Dumping data for table `usertype`
--

INSERT INTO `usertype` (`UserTypeId`, `Name`, `HomePageName`) VALUES
(1, 'Administrator', 'Administrator'),
(2, 'Student', 'Student'),
(3, 'Teacher', 'Teacher');

--
-- Constraints for dumped tables
--

--
-- Constraints for table `knowledgemap`
--
ALTER TABLE `knowledgemap`
  ADD CONSTRAINT `FK4416245C78287B0` FOREIGN KEY (`CreatedBy`) REFERENCES `user` (`UserId`);

--
-- Constraints for table `user`
--
ALTER TABLE `user`
  ADD CONSTRAINT `FK7185C17C79C572D0` FOREIGN KEY (`UserAccountId`) REFERENCES `useraccount` (`UserAccountId`),
  ADD CONSTRAINT `FK7185C17CFA5FD70D` FOREIGN KEY (`UserTypeId`) REFERENCES `usertype` (`UserTypeId`);

/*!40101 SET CHARACTER_SET_CLIENT=@OLD_CHARACTER_SET_CLIENT */;
/*!40101 SET CHARACTER_SET_RESULTS=@OLD_CHARACTER_SET_RESULTS */;
/*!40101 SET COLLATION_CONNECTION=@OLD_COLLATION_CONNECTION */;
