<?xml version="1.0" encoding="UTF-8"?>
<project-private xmlns="http://www.netbeans.org/ns/project-private/1">
    <editor-bookmarks xmlns="http://www.netbeans.org/ns/editor-bookmarks/2" lastBookmarkId="1">
        <file>
            <url>test/OTS/UnitTesting/AigUnitTesting/CourseUnitTesting.java</url>
            <bookmark id="1">
                <name/>
                <line>25</line>
                <key/>
            </bookmark>
        </file>
    </editor-bookmarks>
    <open-files xmlns="http://www.netbeans.org/ns/projectui-open-files/2">
        <group>
            <file>file:/C:/Repositories/GitHub/OTS_Thesis_Master/OTS/web/Aig/_products/OTS-Aig-WebApplication/Tests-Components/js/Test-TestItemGenerationComponent.js</file>
            <file>file:/C:/Repositories/GitHub/OTS_Thesis_Master/OTS/web/Aig/_products/OTS-Aig-WebApplication/KnowledgeMaps-Components/js/Validdations/DataStructureKnowlegeMap.js</file>
            <file>file:/C:/Repositories/GitHub/OTS_Thesis_Master/OTS/web/Aig/_products/OTS-Aig-WebApplication/Tests-Components/html-templates/genenerated-items-view.html</file>
            <file>file:/C:/Repositories/GitHub/OTS_Thesis_Master/OTS/web/Aig/_products/OTS-Aig-WebApplication/Tests-Components/js/TestViewModel.js</file>
            <file>file:/C:/Repositories/GitHub/OTS_Thesis_Master/OTS/web/Aig/_products/OTS-Aig-WebApplication/KnowledgeMaps-Components/js/KnowledgeMapListManagementView.js</file>
        </group>
    </open-files>
</project-private>
