<?xml version="1.0"?>
<!DOCTYPE hibernate-mapping PUBLIC "-//Hibernate/Hibernate Mapping DTD 3.0//EN"
"http://www.hibernate.org/dtd/hibernate-mapping-3.0.dtd">
<!-- Generated 6-Feb-2016 4:41:35 PM by Hibernate Tools 4.3.1 -->
<hibernate-mapping>
    <class name="OTS.DataModels.Cognitiveleveltype" table="cognitiveleveltype" catalog="otsdb" optimistic-lock="version">
        <id name="cognitiveLevel" type="java.lang.Integer">
            <column name="CognitiveLevel" />
            <generator class="identity" />
        </id>
        <property name="name" type="string">
            <column name="Name" length="100" not-null="true" />
        </property>
        <property name="description" type="string">
            <column name="Description" length="100" />
        </property>
        <set name="questions" table="question" inverse="true" lazy="true" fetch="select">
            <key>
                <column name="CognitiveLevelType_id" />
            </key>
            <one-to-many class="OTS.DataModels.Question" />
        </set>
        <set name="testitems" table="testitem" inverse="true" lazy="true" fetch="select">
            <key>
                <column name="CognitiveLevelTypeId" />
            </key>
            <one-to-many class="OTS.DataModels.Testitem" />
        </set>
    </class>
</hibernate-mapping>
