<?xml version="1.0"?>
<!DOCTYPE hibernate-mapping PUBLIC "-//Hibernate/Hibernate Mapping DTD 3.0//EN"
"http://www.hibernate.org/dtd/hibernate-mapping-3.0.dtd">
<!-- Generated 6-Feb-2016 4:41:35 PM by Hibernate Tools 4.3.1 -->
<hibernate-mapping>
    <class name="OTS.DataModels.Questionlineitem" table="questionlineitem" catalog="otsdb" optimistic-lock="version">
        <id name="questionLineItemId" type="java.lang.Integer">
            <column name="QuestionLineItemId" />
            <generator class="identity" />
        </id>
        <many-to-one name="question" class="OTS.DataModels.Question" fetch="select">
            <column name="Question_id" />
        </many-to-one>
        <property name="text" type="string">
            <column name="Text" />
        </property>
        <property name="isCorrect" type="java.lang.Boolean">
            <column name="IsCorrect" />
        </property>
    </class>
</hibernate-mapping>
