<?xml version="1.0"?>
<!DOCTYPE hibernate-mapping PUBLIC "-//Hibernate/Hibernate Mapping DTD 3.0//EN"
"http://www.hibernate.org/dtd/hibernate-mapping-3.0.dtd">
<!-- Generated 6-Feb-2016 4:41:35 PM by Hibernate Tools 4.3.1 -->
<hibernate-mapping>
    <class name="OTS.DataModels.Teachercoursetest" table="teachercoursetest" catalog="otsdb" optimistic-lock="version">
        <id name="courseTestId" type="java.lang.Integer">
            <column name="CourseTestId" />
            <generator class="identity" />
        </id>
        <many-to-one name="academiccourse" class="OTS.DataModels.Academiccourse" fetch="select">
            <column name="CourseId" not-null="true" />
        </many-to-one>
        <many-to-one name="test" class="OTS.DataModels.Test" fetch="select">
            <column name="TestId" not-null="true" />
        </many-to-one>
        <many-to-one name="user" class="OTS.DataModels.User" fetch="select">
            <column name="TeacherId" not-null="true" />
        </many-to-one>
        <property name="createdOn" type="timestamp">
            <column name="CreatedOn" length="19" />
        </property>
    </class>
</hibernate-mapping>
