<?xml version="1.0"?>
<!DOCTYPE hibernate-mapping PUBLIC "-//Hibernate/Hibernate Mapping DTD 3.0//EN"
"http://www.hibernate.org/dtd/hibernate-mapping-3.0.dtd">
<!-- Generated 6-Feb-2016 4:41:35 PM by Hibernate Tools 4.3.1 -->
<hibernate-mapping>
    <class name="OTS.DataModels.Usertype" table="usertype" catalog="otsdb" optimistic-lock="version">
        <id name="userTypeId" type="java.lang.Integer">
            <column name="UserTypeId" />
            <generator class="identity" />
        </id>
        <property name="name" type="string">
            <column name="Name" length="100" />
        </property>
        <property name="homePageName" type="string">
            <column name="HomePageName" />
        </property>
        <set name="users" table="user" inverse="true" lazy="true" fetch="select">
            <key>
                <column name="UserTypeId" />
            </key>
            <one-to-many class="OTS.DataModels.User" />
        </set>
    </class>
</hibernate-mapping>
