<?xml version="1.0"?>
<!DOCTYPE hibernate-mapping PUBLIC "-//Hibernate/Hibernate Mapping DTD 3.0//EN"
"http://www.hibernate.org/dtd/hibernate-mapping-3.0.dtd">
<!-- Generated 6-Feb-2016 4:41:35 PM by Hibernate Tools 4.3.1 -->
<hibernate-mapping>
    <class name="OTS.DataModels.Useraccount" table="useraccount" catalog="otsdb" optimistic-lock="version">
        <id name="userAccountId" type="java.lang.Integer">
            <column name="UserAccountId" />
            <generator class="identity" />
        </id>
        <property name="userName" type="string">
            <column name="UserName" not-null="true" />
        </property>
        <property name="password" type="string">
            <column name="Password" not-null="true" />
        </property>
        <property name="isLocked" type="java.lang.Boolean">
            <column name="IsLocked" />
        </property>
        <set name="users" table="user" inverse="true" lazy="true" fetch="select">
            <key>
                <column name="UserAccountId" not-null="true" />
            </key>
            <one-to-many class="OTS.DataModels.User" />
        </set>
    </class>
</hibernate-mapping>
