<?xml version="1.0"?>
<!DOCTYPE hibernate-mapping PUBLIC "-//Hibernate/Hibernate Mapping DTD 3.0//EN"
"http://www.hibernate.org/dtd/hibernate-mapping-3.0.dtd">
<!-- Generated 6-Feb-2016 4:41:35 PM by Hibernate Tools 4.3.1 -->
<hibernate-mapping>
    <class name="OTS.DataModels.Question" table="question" catalog="otsdb" optimistic-lock="version">
        <id name="questionId" type="java.lang.Integer">
            <column name="QuestionId" />
            <generator class="identity" />
        </id>
        <many-to-one name="academiccourse" class="OTS.DataModels.Academiccourse" fetch="select">
            <column name="CourseId" />
        </many-to-one>
        <many-to-one name="cognitiveleveltype" class="OTS.DataModels.Cognitiveleveltype" fetch="select">
            <column name="CognitiveLevelType_id" />
        </many-to-one>
        <many-to-one name="questionnaturetype" class="OTS.DataModels.Questionnaturetype" fetch="select">
            <column name="QuestionNatureType_id" />
        </many-to-one>
        <many-to-one name="questiontype" class="OTS.DataModels.Questiontype" fetch="select">
            <column name="QuestionTypeId" />
        </many-to-one>
        <many-to-one name="test" class="OTS.DataModels.Test" fetch="select">
            <column name="TestId" />
        </many-to-one>
        <property name="text" type="string">
            <column name="Text" length="100" />
        </property>
        <set name="questionlineitems" table="questionlineitem" inverse="true" lazy="true" fetch="select">
            <key>
                <column name="Question_id" />
            </key>
            <one-to-many class="OTS.DataModels.Questionlineitem" />
        </set>
        <set name="answers" table="answer" inverse="true" lazy="true" fetch="select">
            <key>
                <column name="Question_id" />
            </key>
            <one-to-many class="OTS.DataModels.Answer" />
        </set>
    </class>
</hibernate-mapping>
