<?xml version="1.0"?>
<!DOCTYPE hibernate-mapping PUBLIC "-//Hibernate/Hibernate Mapping DTD 3.0//EN"
"http://www.hibernate.org/dtd/hibernate-mapping-3.0.dtd">
<!-- Generated 12-Jul-2015 3:34:48 PM by Hibernate Tools 4.3.1 -->
<hibernate-mapping>
    <class name="OTS.DataModels.Testsheetansweroption" table="testsheetansweroption" catalog="otsdb" optimistic-lock="version">
        <id name="answerOptionId" type="java.lang.Integer">
            <column name="AnswerOptionId" />
            <generator class="identity" />
        </id>
        <many-to-one name="test" class="OTS.DataModels.Test" fetch="select">
            <column name="TestId" not-null="true" />
        </many-to-one>
        <many-to-one name="testsheet" class="OTS.DataModels.Testsheet" fetch="select">
            <column name="TestSheet_id" />
        </many-to-one>
        <property name="lineNumber" type="java.lang.Integer">
            <column name="LineNumber" />
        </property>
        <property name="lineLetterNumber" type="string">
            <column name="LineLetterNumber" />
        </property>
        <property name="optionText" type="string">
            <column name="OptionText" />
        </property>
        <property name="optionValue" type="java.lang.Boolean">
            <column name="OptionValue" />
        </property>
        <property name="isCorrect" type="java.lang.Boolean">
            <column name="IsCorrect" />
        </property>
    </class>
</hibernate-mapping>
