<?xml version="1.0"?>
<!DOCTYPE hibernate-mapping PUBLIC "-//Hibernate/Hibernate Mapping DTD 3.0//EN"
"http://www.hibernate.org/dtd/hibernate-mapping-3.0.dtd">
<!-- Generated 6-Feb-2016 4:41:35 PM by Hibernate Tools 4.3.1 -->
<hibernate-mapping>
    <class name="OTS.DataModels.Testitem" table="testitem" catalog="otsdb" optimistic-lock="version">
        <id name="testItemId" type="java.lang.Integer">
            <column name="TestItemId" />
            <generator class="identity" />
        </id>
        <many-to-one name="academiccourse" class="OTS.DataModels.Academiccourse" fetch="select">
            <column name="CourseId" />
        </many-to-one>
        <many-to-one name="cognitiveleveltype" class="OTS.DataModels.Cognitiveleveltype" fetch="select">
            <column name="CognitiveLevelTypeId" />
        </many-to-one>
        <many-to-one name="questionnaturetype" class="OTS.DataModels.Questionnaturetype" fetch="select">
            <column name="QuestionNatureType" />
        </many-to-one>
        <many-to-one name="questiontype" class="OTS.DataModels.Questiontype" fetch="select">
            <column name="QuestionType" />
        </many-to-one>
        <many-to-one name="test" class="OTS.DataModels.Test" fetch="select">
            <column name="Test_id" />
        </many-to-one>
        <property name="questionBankId" type="java.lang.Integer">
            <column name="QuestionBankId" />
        </property>
        <property name="text" type="string">
            <column name="Text" />
        </property>
        <property name="mark" type="java.lang.Float">
            <column name="Mark" precision="12" scale="0" />
        </property>
        <set name="testitemoptions" table="testitemoption" inverse="true" lazy="true" fetch="select">
            <key>
                <column name="TestItem_id" />
            </key>
            <one-to-many class="OTS.DataModels.Testitemoption" />
        </set>
        <set name="studenttestanswersheets" table="studenttestanswersheet" inverse="true" lazy="true" fetch="select">
            <key>
                <column name="TestItemId" not-null="true" />
            </key>
            <one-to-many class="OTS.DataModels.Studenttestanswersheet" />
        </set>
        <set name="testanswersheets" table="testanswersheet" inverse="true" lazy="true" fetch="select">
            <key>
                <column name="TestItemId" />
            </key>
            <one-to-many class="OTS.DataModels.Testanswersheet" />
        </set>
    </class>
</hibernate-mapping>
