<?xml version="1.0" encoding="UTF-8"?>
<project-private xmlns="http://www.netbeans.org/ns/project-private/1">
    <editor-bookmarks xmlns="http://www.netbeans.org/ns/editor-bookmarks/2" lastBookmarkId="1">
        <file>
            <url>test/OTS/UnitTesting/AigUnitTesting/CourseUnitTesting.java</url>
            <bookmark id="1">
                <name/>
                <line>25</line>
                <key/>
            </bookmark>
        </file>
    </editor-bookmarks>
    <open-files xmlns="http://www.netbeans.org/ns/projectui-open-files/2">
        <group>
            <file>file:/C:/Repositories/GitHub/OTS_Thesis_Master/OTS/web/register-teacher.jsp</file>
            <file>file:/C:/Repositories/GitHub/OTS_Thesis_Master/OTS/web/js/app/Views/AccountView/UserAccount-View.js</file>
            <file>file:/C:/Repositories/GitHub/OTS_Thesis_Master/OTS/web/register-student.jsp</file>
            <file>file:/C:/Repositories/GitHub/OTS_Thesis_Master/OTS/src/java/OTS/ObjectModels/Users.java</file>
            <file>file:/C:/Repositories/GitHub/OTS_Thesis_Master/OTS/src/java/OTS/Servlets/UserManagementServlet.java</file>
            <file>file:/C:/Repositories/GitHub/OTS_Thesis_Master/OTS/web/js/app/Views/AccountView/UserAccount-Module.js</file>
            <file>file:/C:/Repositories/GitHub/OTS_Thesis_Master/OTS/web/js/app/Views/AccountView/UserAccount-Page.js</file>
            <file>file:/C:/Repositories/GitHub/OTS_Thesis_Master/OTS/web/js/app/Views/AccountView/UserAccount-ViewModel.js</file>
        </group>
    </open-files>
</project-private>
