<?xml version="1.0"?>
<!DOCTYPE hibernate-mapping PUBLIC "-//Hibernate/Hibernate Mapping DTD 3.0//EN"
"http://www.hibernate.org/dtd/hibernate-mapping-3.0.dtd">
<!-- Generated 6-Feb-2016 4:41:35 PM by Hibernate Tools 4.3.1 -->
<hibernate-mapping>
    <class name="OTS.DataModels.Academiccourse" table="academiccourse" catalog="otsdb" optimistic-lock="version">
        <id name="courseTypeId" type="java.lang.Integer">
            <column name="CourseTypeId" />
            <generator class="identity" />
        </id>
        <property name="number" type="string">
            <column name="Number" length="15" />
        </property>
        <property name="name" type="string">
            <column name="Name" length="100" />
        </property>
        <property name="description" type="string">
            <column name="Description" length="100" />
        </property>
        <set name="questions" table="question" inverse="true" lazy="true" fetch="select">
            <key>
                <column name="CourseId" />
            </key>
            <one-to-many class="OTS.DataModels.Question" />
        </set>
        <set name="teachercoursetests" table="teachercoursetest" inverse="true" lazy="true" fetch="select">
            <key>
                <column name="CourseId" not-null="true" />
            </key>
            <one-to-many class="OTS.DataModels.Teachercoursetest" />
        </set>
        <set name="studentcourseregistrations" table="studentcourseregistration" inverse="true" lazy="true" fetch="select">
            <key>
                <column name="CourseId" not-null="true" />
            </key>
            <one-to-many class="OTS.DataModels.Studentcourseregistration" />
        </set>
        <set name="courseassignments" table="courseassignment" inverse="true" lazy="true" fetch="select">
            <key>
                <column name="CourseId" not-null="true" />
            </key>
            <one-to-many class="OTS.DataModels.Courseassignment" />
        </set>
        <set name="studenttests" table="studenttest" inverse="true" lazy="true" fetch="select">
            <key>
                <column name="CourseId" />
            </key>
            <one-to-many class="OTS.DataModels.Studenttest" />
        </set>
        <set name="testitems" table="testitem" inverse="true" lazy="true" fetch="select">
            <key>
                <column name="CourseId" />
            </key>
            <one-to-many class="OTS.DataModels.Testitem" />
        </set>
    </class>
</hibernate-mapping>
