<?xml version="1.0"?>
<!DOCTYPE hibernate-mapping PUBLIC "-//Hibernate/Hibernate Mapping DTD 3.0//EN"
"http://www.hibernate.org/dtd/hibernate-mapping-3.0.dtd">
<!-- Generated Dec 20, 2014 11:09:04 AM by Hibernate Tools 4.3.1 -->
<hibernate-mapping>
    <class name="OTS.DataModels.Teacherprofile" table="teacherprofile" catalog="otsdb" optimistic-lock="version">
        <id name="teacherProfileId" type="java.lang.Integer">
            <column name="TeacherProfileId" />
            <generator class="identity" />
        </id>
        <many-to-one name="user" class="OTS.DataModels.User" fetch="select">
            <column name="UserId" />
        </many-to-one>
        <property name="title" type="string">
            <column name="Title" length="60" />
        </property>
        <property name="rank" type="string">
            <column name="Rank" length="100" />
        </property>
    </class>
</hibernate-mapping>
