<?xml version="1.0"?>
<!DOCTYPE hibernate-mapping PUBLIC "-//Hibernate/Hibernate Mapping DTD 3.0//EN"
"http://www.hibernate.org/dtd/hibernate-mapping-3.0.dtd">
<!-- Generated 12-Jul-2015 3:34:48 PM by Hibernate Tools 4.3.1 -->
<hibernate-mapping>
    <class name="OTS.DataModels.Testsheet" table="testsheet" catalog="otsdb" optimistic-lock="version">
        <id name="testSheetId" type="java.lang.Integer">
            <column name="TestSheetId" />
            <generator class="identity" />
        </id>
        <many-to-one name="question" class="OTS.DataModels.Question" fetch="select">
            <column name="QuestionId" not-null="true" />
        </many-to-one>
        <many-to-one name="test" class="OTS.DataModels.Test" fetch="select">
            <column name="TestId" not-null="true" />
        </many-to-one>
        <property name="lineNumber" type="java.lang.Integer">
            <column name="LineNumber" />
        </property>
        <set name="testsheetansweroptions" table="testsheetansweroption" inverse="true" lazy="true" fetch="select">
            <key>
                <column name="TestSheet_id" />
            </key>
            <one-to-many class="OTS.DataModels.Testsheetansweroption" />
        </set>
    </class>
</hibernate-mapping>
